Prompt ID,Prompt,Source URL,Citation Text,Detected Brands
1,what are the top car brands in the world,https://www.enterprise.ch/en/blog-enterprise/top-10-most-famous-car-brands-worldwide,,"Tesla, Mercedes-Benz, Toyota, Volkswagen, Golf, VW, BYD, Polo, EV, Europe, Hyundai, Synonymous, Known, China, Kia, Leading"
1,what are the top car brands in the world,https://companiesmarketcap.com/automakers/largest-automakers-by-market-cap/,,"Tesla, Mercedes-Benz, Toyota, Volkswagen, Golf, VW, BYD, Polo, EV, Europe, Hyundai, Synonymous, Known, China, Kia, Leading"
1,what are the top car brands in the world,https://www.focus2move.com/world-cars-brand-ranking/,,"Tesla, Mercedes-Benz, Toyota, Volkswagen, Golf, VW, BYD, Polo, EV, Europe, Hyundai, Synonymous, Known, China, Kia, Leading"
1,what are the top car brands in the world,https://brandirectory.com/reports/automotive-industry,,"Tesla, Mercedes-Benz, Toyota, Volkswagen, Golf, VW, BYD, Polo, EV, Europe, Hyundai, Synonymous, Known, China, Kia, Leading"
1,what are the top car brands in the world,https://roadgenius.com/cars/statistics/sales-by-manufacturer/,,"Tesla, Mercedes-Benz, Toyota, Volkswagen, Golf, VW, BYD, Polo, EV, Europe, Hyundai, Synonymous, Known, China, Kia, Leading"
1,what are the top car brands in the world,,n.a,"Tesla, Mercedes-Benz, Toyota, Volkswagen, Golf, VW, BYD, Polo, EV, Europe, Hyundai, Synonymous, Known, China, Kia, Leading"
1,what are the top car brands in the world,,n.a,"Tesla, Mercedes-Benz, Toyota, Volkswagen, Golf, VW, BYD, Polo, EV, Europe, Hyundai, Synonymous, Known, China, Kia, Leading"
1,what are the top car brands in the world,,n.a,"Tesla, Mercedes-Benz, Toyota, Volkswagen, Golf, VW, BYD, Polo, EV, Europe, Hyundai, Synonymous, Known, China, Kia, Leading"
1,what are the top car brands in the world,,n.a,"Tesla, Mercedes-Benz, Toyota, Volkswagen, Golf, VW, BYD, Polo, EV, Europe, Hyundai, Synonymous, Known, China, Kia, Leading"
1,what are the top car brands in the world,,n.a,"Tesla, Mercedes-Benz, Toyota, Volkswagen, Golf, VW, BYD, Polo, EV, Europe, Hyundai, Synonymous, Known, China, Kia, Leading"
2,which car brands are the most reliable,https://www.consumerreports.org/cars/car-reliability-owner-satisfaction/who-makes-the-most-reliable-cars-a7824554938/,,"Buick, Study, Vehicle Dependability, Additionally, New Cars, Consistently, Toyota, Ranked, In, Who Makes, Here, Power, Lexus, Sources, Mazda, Most Reliable, Reliable Car, Visual Capitalist"
2,which car brands are the most reliable,https://www.visualcapitalist.com/ranked-the-most-reliable-car-brands-in-2025/,,"Buick, Study, Vehicle Dependability, Additionally, New Cars, Consistently, Toyota, Ranked, In, Who Makes, Here, Power, Lexus, Sources, Mazda, Most Reliable, Reliable Car, Visual Capitalist"
2,which car brands are the most reliable,https://www.jdpower.com/business/press-releases/2024-us-vehicle-dependability-study-vds,,"Buick, Study, Vehicle Dependability, Additionally, New Cars, Consistently, Toyota, Ranked, In, Who Makes, Here, Power, Lexus, Sources, Mazda, Most Reliable, Reliable Car, Visual Capitalist"
2,which car brands are the most reliable,https://www.consumerreports.org/cars/cars-driving/which-car-brands-make-the-best-vehicles-a6159221985/,,"Buick, Study, Vehicle Dependability, Additionally, New Cars, Consistently, Toyota, Ranked, In, Who Makes, Here, Power, Lexus, Sources, Mazda, Most Reliable, Reliable Car, Visual Capitalist"
2,which car brands are the most reliable,https://www.whatcar.com/news/reliability-survey-most-reliable-cars-brands/n26159,,"Buick, Study, Vehicle Dependability, Additionally, New Cars, Consistently, Toyota, Ranked, In, Who Makes, Here, Power, Lexus, Sources, Mazda, Most Reliable, Reliable Car, Visual Capitalist"
2,which car brands are the most reliable,,n.a,"Buick, Study, Vehicle Dependability, Additionally, New Cars, Consistently, Toyota, Ranked, In, Who Makes, Here, Power, Lexus, Sources, Mazda, Most Reliable, Reliable Car, Visual Capitalist"
2,which car brands are the most reliable,,n.a,"Buick, Study, Vehicle Dependability, Additionally, New Cars, Consistently, Toyota, Ranked, In, Who Makes, Here, Power, Lexus, Sources, Mazda, Most Reliable, Reliable Car, Visual Capitalist"
2,which car brands are the most reliable,,n.a,"Buick, Study, Vehicle Dependability, Additionally, New Cars, Consistently, Toyota, Ranked, In, Who Makes, Here, Power, Lexus, Sources, Mazda, Most Reliable, Reliable Car, Visual Capitalist"
2,which car brands are the most reliable,,n.a,"Buick, Study, Vehicle Dependability, Additionally, New Cars, Consistently, Toyota, Ranked, In, Who Makes, Here, Power, Lexus, Sources, Mazda, Most Reliable, Reliable Car, Visual Capitalist"
2,which car brands are the most reliable,,n.a,"Buick, Study, Vehicle Dependability, Additionally, New Cars, Consistently, Toyota, Ranked, In, Who Makes, Here, Power, Lexus, Sources, Mazda, Most Reliable, Reliable Car, Visual Capitalist"
2,which car brands are the most reliable,,n.a,"Buick, Study, Vehicle Dependability, Additionally, New Cars, Consistently, Toyota, Ranked, In, Who Makes, Here, Power, Lexus, Sources, Mazda, Most Reliable, Reliable Car, Visual Capitalist"
3,what are the best luxury car brands,https://www.caranddriver.com/rankings/best-sedans/luxury/full-size,,"Tesla, Macan, German, Bentley, Lexus, Model, Mercedes-Benz, As, Known, While, Japan, Its, Although, Models, BMW, Here, Audi, Genesis, It, S-Class, Cayenne, SUVs"
3,what are the best luxury car brands,https://www.edmunds.com/car-buying/luxury-car-brands.html,,"Tesla, Macan, German, Bentley, Lexus, Model, Mercedes-Benz, As, Known, While, Japan, Its, Although, Models, BMW, Here, Audi, Genesis, It, S-Class, Cayenne, SUVs"
3,what are the best luxury car brands,https://www.consumerreports.org/cars/luxury-cars/,,"Tesla, Macan, German, Bentley, Lexus, Model, Mercedes-Benz, As, Known, While, Japan, Its, Although, Models, BMW, Here, Audi, Genesis, It, S-Class, Cayenne, SUVs"
3,what are the best luxury car brands,https://clementpreowned.com/blog/best-luxury-car-brands,,"Tesla, Macan, German, Bentley, Lexus, Model, Mercedes-Benz, As, Known, While, Japan, Its, Although, Models, BMW, Here, Audi, Genesis, It, S-Class, Cayenne, SUVs"
3,what are the best luxury car brands,,n.a,"Tesla, Macan, German, Bentley, Lexus, Model, Mercedes-Benz, As, Known, While, Japan, Its, Although, Models, BMW, Here, Audi, Genesis, It, S-Class, Cayenne, SUVs"
3,what are the best luxury car brands,,n.a,"Tesla, Macan, German, Bentley, Lexus, Model, Mercedes-Benz, As, Known, While, Japan, Its, Although, Models, BMW, Here, Audi, Genesis, It, S-Class, Cayenne, SUVs"
3,what are the best luxury car brands,,n.a,"Tesla, Macan, German, Bentley, Lexus, Model, Mercedes-Benz, As, Known, While, Japan, Its, Although, Models, BMW, Here, Audi, Genesis, It, S-Class, Cayenne, SUVs"
3,what are the best luxury car brands,,n.a,"Tesla, Macan, German, Bentley, Lexus, Model, Mercedes-Benz, As, Known, While, Japan, Its, Although, Models, BMW, Here, Audi, Genesis, It, S-Class, Cayenne, SUVs"
3,what are the best luxury car brands,,n.a,"Tesla, Macan, German, Bentley, Lexus, Model, Mercedes-Benz, As, Known, While, Japan, Its, Although, Models, BMW, Here, Audi, Genesis, It, S-Class, Cayenne, SUVs"
3,what are the best luxury car brands,,n.a,"Tesla, Macan, German, Bentley, Lexus, Model, Mercedes-Benz, As, Known, While, Japan, Its, Although, Models, BMW, Here, Audi, Genesis, It, S-Class, Cayenne, SUVs"
3,what are the best luxury car brands,,n.a,"Tesla, Macan, German, Bentley, Lexus, Model, Mercedes-Benz, As, Known, While, Japan, Its, Although, Models, BMW, Here, Audi, Genesis, It, S-Class, Cayenne, SUVs"
3,what are the best luxury car brands,,n.a,"Tesla, Macan, German, Bentley, Lexus, Model, Mercedes-Benz, As, Known, While, Japan, Its, Although, Models, BMW, Here, Audi, Genesis, It, S-Class, Cayenne, SUVs"
4,which car brands are known for safety,https://www.consumerreports.org/cars/car-safety/safest-new-cars-of-2024-according-to-iihs-a6646928467/,,"Tesla, Volvo, Subaru, Model, Mercedes-Benz, AI-assisted, IIHS Top, Honda, Known, Safety Pick, Its, United States, Prius Prime, Several, Toyota, Here, Civic, Audi, Genesis, It"
4,which car brands are known for safety,https://www.iihs.org/ratings/top-safety-picks,,"Tesla, Volvo, Subaru, Model, Mercedes-Benz, AI-assisted, IIHS Top, Honda, Known, Safety Pick, Its, United States, Prius Prime, Several, Toyota, Here, Civic, Audi, Genesis, It"
4,which car brands are known for safety,https://glassdoctor.com/blog/safest-car-brands-state,,"Tesla, Volvo, Subaru, Model, Mercedes-Benz, AI-assisted, IIHS Top, Honda, Known, Safety Pick, Its, United States, Prius Prime, Several, Toyota, Here, Civic, Audi, Genesis, It"
4,which car brands are known for safety,https://www.kbb.com/best-cars/safest-new-vehicles/,,"Tesla, Volvo, Subaru, Model, Mercedes-Benz, AI-assisted, IIHS Top, Honda, Known, Safety Pick, Its, United States, Prius Prime, Several, Toyota, Here, Civic, Audi, Genesis, It"
4,which car brands are known for safety,https://nexusautotransport.com/what-car-has-the-highest-safety-rating-in-the-us/,,"Tesla, Volvo, Subaru, Model, Mercedes-Benz, AI-assisted, IIHS Top, Honda, Known, Safety Pick, Its, United States, Prius Prime, Several, Toyota, Here, Civic, Audi, Genesis, It"
4,which car brands are known for safety,,n.a,"Tesla, Volvo, Subaru, Model, Mercedes-Benz, AI-assisted, IIHS Top, Honda, Known, Safety Pick, Its, United States, Prius Prime, Several, Toyota, Here, Civic, Audi, Genesis, It"
4,which car brands are known for safety,,n.a,"Tesla, Volvo, Subaru, Model, Mercedes-Benz, AI-assisted, IIHS Top, Honda, Known, Safety Pick, Its, United States, Prius Prime, Several, Toyota, Here, Civic, Audi, Genesis, It"
4,which car brands are known for safety,,n.a,"Tesla, Volvo, Subaru, Model, Mercedes-Benz, AI-assisted, IIHS Top, Honda, Known, Safety Pick, Its, United States, Prius Prime, Several, Toyota, Here, Civic, Audi, Genesis, It"
4,which car brands are known for safety,,n.a,"Tesla, Volvo, Subaru, Model, Mercedes-Benz, AI-assisted, IIHS Top, Honda, Known, Safety Pick, Its, United States, Prius Prime, Several, Toyota, Here, Civic, Audi, Genesis, It"
4,which car brands are known for safety,,n.a,"Tesla, Volvo, Subaru, Model, Mercedes-Benz, AI-assisted, IIHS Top, Honda, Known, Safety Pick, Its, United States, Prius Prime, Several, Toyota, Here, Civic, Audi, Genesis, It"
4,which car brands are known for safety,,n.a,"Tesla, Volvo, Subaru, Model, Mercedes-Benz, AI-assisted, IIHS Top, Honda, Known, Safety Pick, Its, United States, Prius Prime, Several, Toyota, Here, Civic, Audi, Genesis, It"
5,what are the most affordable car brands,https://www.kbb.com/best-cars/cheapest-new-cars/,,"Mitsubishi, However, Maintenance Costs, Mercedes-Benz, Chevrolet Trax, Mazda, Additional Insights, Known, Nissan Versa, SUV, Nissan, Reliability, Hyundai, Chevrolet, Provides, United States, Additionally, Hyundai Venue, Audi, Mitsubishi Mirage, Kia Soul, Offers, Kia"
5,what are the most affordable car brands,https://www.cars.com/articles/here-are-the-10-cheapest-new-cars-you-can-buy-right-now-421309/,,"Mitsubishi, However, Maintenance Costs, Mercedes-Benz, Chevrolet Trax, Mazda, Additional Insights, Known, Nissan Versa, SUV, Nissan, Reliability, Hyundai, Chevrolet, Provides, United States, Additionally, Hyundai Venue, Audi, Mitsubishi Mirage, Kia Soul, Offers, Kia"
5,what are the most affordable car brands,https://www.caranddriver.com/rankings/best-sedans/cheapest,,"Mitsubishi, However, Maintenance Costs, Mercedes-Benz, Chevrolet Trax, Mazda, Additional Insights, Known, Nissan Versa, SUV, Nissan, Reliability, Hyundai, Chevrolet, Provides, United States, Additionally, Hyundai Venue, Audi, Mitsubishi Mirage, Kia Soul, Offers, Kia"
5,what are the most affordable car brands,https://www.visualcapitalist.com/ranked-the-cheapest-car-brands-to-own-and-maintain-in-the-u-s/,,"Mitsubishi, However, Maintenance Costs, Mercedes-Benz, Chevrolet Trax, Mazda, Additional Insights, Known, Nissan Versa, SUV, Nissan, Reliability, Hyundai, Chevrolet, Provides, United States, Additionally, Hyundai Venue, Audi, Mitsubishi Mirage, Kia Soul, Offers, Kia"
5,what are the most affordable car brands,https://carbuzz.com/features/cheap-reliable-cars/,,"Mitsubishi, However, Maintenance Costs, Mercedes-Benz, Chevrolet Trax, Mazda, Additional Insights, Known, Nissan Versa, SUV, Nissan, Reliability, Hyundai, Chevrolet, Provides, United States, Additionally, Hyundai Venue, Audi, Mitsubishi Mirage, Kia Soul, Offers, Kia"
5,what are the most affordable car brands,,n.a,"Mitsubishi, However, Maintenance Costs, Mercedes-Benz, Chevrolet Trax, Mazda, Additional Insights, Known, Nissan Versa, SUV, Nissan, Reliability, Hyundai, Chevrolet, Provides, United States, Additionally, Hyundai Venue, Audi, Mitsubishi Mirage, Kia Soul, Offers, Kia"
5,what are the most affordable car brands,,n.a,"Mitsubishi, However, Maintenance Costs, Mercedes-Benz, Chevrolet Trax, Mazda, Additional Insights, Known, Nissan Versa, SUV, Nissan, Reliability, Hyundai, Chevrolet, Provides, United States, Additionally, Hyundai Venue, Audi, Mitsubishi Mirage, Kia Soul, Offers, Kia"
5,what are the most affordable car brands,,n.a,"Mitsubishi, However, Maintenance Costs, Mercedes-Benz, Chevrolet Trax, Mazda, Additional Insights, Known, Nissan Versa, SUV, Nissan, Reliability, Hyundai, Chevrolet, Provides, United States, Additionally, Hyundai Venue, Audi, Mitsubishi Mirage, Kia Soul, Offers, Kia"
5,what are the most affordable car brands,,n.a,"Mitsubishi, However, Maintenance Costs, Mercedes-Benz, Chevrolet Trax, Mazda, Additional Insights, Known, Nissan Versa, SUV, Nissan, Reliability, Hyundai, Chevrolet, Provides, United States, Additionally, Hyundai Venue, Audi, Mitsubishi Mirage, Kia Soul, Offers, Kia"
5,what are the most affordable car brands,,n.a,"Mitsubishi, However, Maintenance Costs, Mercedes-Benz, Chevrolet Trax, Mazda, Additional Insights, Known, Nissan Versa, SUV, Nissan, Reliability, Hyundai, Chevrolet, Provides, United States, Additionally, Hyundai Venue, Audi, Mitsubishi Mirage, Kia Soul, Offers, Kia"
5,what are the most affordable car brands,,n.a,"Mitsubishi, However, Maintenance Costs, Mercedes-Benz, Chevrolet Trax, Mazda, Additional Insights, Known, Nissan Versa, SUV, Nissan, Reliability, Hyundai, Chevrolet, Provides, United States, Additionally, Hyundai Venue, Audi, Mitsubishi Mirage, Kia Soul, Offers, Kia"
5,what are the most affordable car brands,,n.a,"Mitsubishi, However, Maintenance Costs, Mercedes-Benz, Chevrolet Trax, Mazda, Additional Insights, Known, Nissan Versa, SUV, Nissan, Reliability, Hyundai, Chevrolet, Provides, United States, Additionally, Hyundai Venue, Audi, Mitsubishi Mirage, Kia Soul, Offers, Kia"
6,which car brands have the best resale value,https://caredge.com/ranks/depreciation,,"Value Awards, Consistently, High Resale, RAM, Subaru, Based, Ranked, Value, Year Resale, Values, Honda, Mazda, Toyota Tacoma, Specific Models, Top, Kelley Blue, Toyota Tundra, Best Resale, Detailed Rankings, Additionally, Toyota, Book, Here"
6,which car brands have the best resale value,https://www.kbb.com/awards/best-resale-value-cars-trucks-suvs/,,"Value Awards, Consistently, High Resale, RAM, Subaru, Based, Ranked, Value, Year Resale, Values, Honda, Mazda, Toyota Tacoma, Specific Models, Top, Kelley Blue, Toyota Tundra, Best Resale, Detailed Rankings, Additionally, Toyota, Book, Here"
6,which car brands have the best resale value,https://carconfections.com/resale/,,"Value Awards, Consistently, High Resale, RAM, Subaru, Based, Ranked, Value, Year Resale, Values, Honda, Mazda, Toyota Tacoma, Specific Models, Top, Kelley Blue, Toyota Tundra, Best Resale, Detailed Rankings, Additionally, Toyota, Book, Here"
6,which car brands have the best resale value,https://www.youtube.com/watch?v=2853qWh7mFU,,"Value Awards, Consistently, High Resale, RAM, Subaru, Based, Ranked, Value, Year Resale, Values, Honda, Mazda, Toyota Tacoma, Specific Models, Top, Kelley Blue, Toyota Tundra, Best Resale, Detailed Rankings, Additionally, Toyota, Book, Here"
6,which car brands have the best resale value,https://www.autonationusa.com/research/top-10-used-luxury-cars-with-best-resale-value.htm,,"Value Awards, Consistently, High Resale, RAM, Subaru, Based, Ranked, Value, Year Resale, Values, Honda, Mazda, Toyota Tacoma, Specific Models, Top, Kelley Blue, Toyota Tundra, Best Resale, Detailed Rankings, Additionally, Toyota, Book, Here"
6,which car brands have the best resale value,,n.a,"Value Awards, Consistently, High Resale, RAM, Subaru, Based, Ranked, Value, Year Resale, Values, Honda, Mazda, Toyota Tacoma, Specific Models, Top, Kelley Blue, Toyota Tundra, Best Resale, Detailed Rankings, Additionally, Toyota, Book, Here"
6,which car brands have the best resale value,,n.a,"Value Awards, Consistently, High Resale, RAM, Subaru, Based, Ranked, Value, Year Resale, Values, Honda, Mazda, Toyota Tacoma, Specific Models, Top, Kelley Blue, Toyota Tundra, Best Resale, Detailed Rankings, Additionally, Toyota, Book, Here"
6,which car brands have the best resale value,,n.a,"Value Awards, Consistently, High Resale, RAM, Subaru, Based, Ranked, Value, Year Resale, Values, Honda, Mazda, Toyota Tacoma, Specific Models, Top, Kelley Blue, Toyota Tundra, Best Resale, Detailed Rankings, Additionally, Toyota, Book, Here"
6,which car brands have the best resale value,,n.a,"Value Awards, Consistently, High Resale, RAM, Subaru, Based, Ranked, Value, Year Resale, Values, Honda, Mazda, Toyota Tacoma, Specific Models, Top, Kelley Blue, Toyota Tundra, Best Resale, Detailed Rankings, Additionally, Toyota, Book, Here"
7,what are the most popular car brands in Europe,https://www.best-selling-cars.com/europe/2024-full-year-europe-best-selling-car-manufacturers-and-brands/,,"BMW, Volkswagen, Europe, Toyota"
7,what are the most popular car brands in Europe,https://www.statista.com/statistics/264031/top-selling-car-brands-in-europe-by-number-of-new-registrations/,,"BMW, Volkswagen, Europe, Toyota"
7,what are the most popular car brands in Europe,https://eauto.org.ua/en/news/731-european-car-markets-top-10-brands-and-models-of-2024,,"BMW, Volkswagen, Europe, Toyota"
7,what are the most popular car brands in Europe,https://www.best-selling-cars.com/europe/2024-april-europe-car-sales-and-market-analysis/,,"BMW, Volkswagen, Europe, Toyota"
7,what are the most popular car brands in Europe,https://www.carlogos.org/european-car-brands/,,"BMW, Volkswagen, Europe, Toyota"
7,what are the most popular car brands in Europe,,n.a,"BMW, Volkswagen, Europe, Toyota"
7,what are the most popular car brands in Europe,,n.a,"BMW, Volkswagen, Europe, Toyota"
7,what are the most popular car brands in Europe,,n.a,"BMW, Volkswagen, Europe, Toyota"
8,which car brands are considered eco-friendly,https://www.carboeurope.org/eco-friendly-car-brands/,,"Tesla, EQC, Leaf, Lexus RZ, Model, Mercedes-Benz, This, Known, AI-driven, Nissan, Hyundai, EQS, Prius Prime, Several, EQ, Toyota, BMW, Here, Ioniq Electric, Model Year"
8,which car brands are considered eco-friendly,https://www.thezebra.com/resources/driving/eco-friendly-cars/,,"Tesla, EQC, Leaf, Lexus RZ, Model, Mercedes-Benz, This, Known, AI-driven, Nissan, Hyundai, EQS, Prius Prime, Several, EQ, Toyota, BMW, Here, Ioniq Electric, Model Year"
8,which car brands are considered eco-friendly,https://sustainablereview.com/most-eco-friendly-car-manufacturers-leading-the-charge-to-transportation-sustainability/,,"Tesla, EQC, Leaf, Lexus RZ, Model, Mercedes-Benz, This, Known, AI-driven, Nissan, Hyundai, EQS, Prius Prime, Several, EQ, Toyota, BMW, Here, Ioniq Electric, Model Year"
8,which car brands are considered eco-friendly,https://business.yougov.com/content/49002-top-car-makers-among-eco-conscious-americans,,"Tesla, EQC, Leaf, Lexus RZ, Model, Mercedes-Benz, This, Known, AI-driven, Nissan, Hyundai, EQS, Prius Prime, Several, EQ, Toyota, BMW, Here, Ioniq Electric, Model Year"
8,which car brands are considered eco-friendly,https://www.statista.com/statistics/506988/most-environmentally-friendly-car-models-worldwide/,,"Tesla, EQC, Leaf, Lexus RZ, Model, Mercedes-Benz, This, Known, AI-driven, Nissan, Hyundai, EQS, Prius Prime, Several, EQ, Toyota, BMW, Here, Ioniq Electric, Model Year"
8,which car brands are considered eco-friendly,,n.a,"Tesla, EQC, Leaf, Lexus RZ, Model, Mercedes-Benz, This, Known, AI-driven, Nissan, Hyundai, EQS, Prius Prime, Several, EQ, Toyota, BMW, Here, Ioniq Electric, Model Year"
8,which car brands are considered eco-friendly,,n.a,"Tesla, EQC, Leaf, Lexus RZ, Model, Mercedes-Benz, This, Known, AI-driven, Nissan, Hyundai, EQS, Prius Prime, Several, EQ, Toyota, BMW, Here, Ioniq Electric, Model Year"
8,which car brands are considered eco-friendly,,n.a,"Tesla, EQC, Leaf, Lexus RZ, Model, Mercedes-Benz, This, Known, AI-driven, Nissan, Hyundai, EQS, Prius Prime, Several, EQ, Toyota, BMW, Here, Ioniq Electric, Model Year"
8,which car brands are considered eco-friendly,,n.a,"Tesla, EQC, Leaf, Lexus RZ, Model, Mercedes-Benz, This, Known, AI-driven, Nissan, Hyundai, EQS, Prius Prime, Several, EQ, Toyota, BMW, Here, Ioniq Electric, Model Year"
8,which car brands are considered eco-friendly,,n.a,"Tesla, EQC, Leaf, Lexus RZ, Model, Mercedes-Benz, This, Known, AI-driven, Nissan, Hyundai, EQS, Prius Prime, Several, EQ, Toyota, BMW, Here, Ioniq Electric, Model Year"
9,what car brands offer the best technology features,https://www.guideautoweb.com/en/articles/71634/these-car-brands-have-the-best-tech-and-infotainment-in-2023/,,"Tesla, Volvo, GMC, Cadillac, Lexus, Palisade, Model, Olufsen, Hyundai, Autopilot, Several, BMW, Here, Audi, Genesis, Wall St, It, Bang, Kia"
9,what car brands offer the best technology features,https://247wallst.com/special-report/2024/02/14/the-most-high-tech-and-low-tech-car-brands-every-major-brand-ranked/,,"Tesla, Volvo, GMC, Cadillac, Lexus, Palisade, Model, Olufsen, Hyundai, Autopilot, Several, BMW, Here, Audi, Genesis, Wall St, It, Bang, Kia"
9,what car brands offer the best technology features,https://auto.howstuffworks.com/the-10-most-high-tech-vehicles-on-the-road-today.htm,,"Tesla, Volvo, GMC, Cadillac, Lexus, Palisade, Model, Olufsen, Hyundai, Autopilot, Several, BMW, Here, Audi, Genesis, Wall St, It, Bang, Kia"
9,what car brands offer the best technology features,https://www.topspeed.com/brand-new-cars-modern-technology/,,"Tesla, Volvo, GMC, Cadillac, Lexus, Palisade, Model, Olufsen, Hyundai, Autopilot, Several, BMW, Here, Audi, Genesis, Wall St, It, Bang, Kia"
9,what car brands offer the best technology features,https://www.carsoup.com/blog/2024/04/23/untitled-385/,,"Tesla, Volvo, GMC, Cadillac, Lexus, Palisade, Model, Olufsen, Hyundai, Autopilot, Several, BMW, Here, Audi, Genesis, Wall St, It, Bang, Kia"
9,what car brands offer the best technology features,,n.a,"Tesla, Volvo, GMC, Cadillac, Lexus, Palisade, Model, Olufsen, Hyundai, Autopilot, Several, BMW, Here, Audi, Genesis, Wall St, It, Bang, Kia"
9,what car brands offer the best technology features,,n.a,"Tesla, Volvo, GMC, Cadillac, Lexus, Palisade, Model, Olufsen, Hyundai, Autopilot, Several, BMW, Here, Audi, Genesis, Wall St, It, Bang, Kia"
9,what car brands offer the best technology features,,n.a,"Tesla, Volvo, GMC, Cadillac, Lexus, Palisade, Model, Olufsen, Hyundai, Autopilot, Several, BMW, Here, Audi, Genesis, Wall St, It, Bang, Kia"
9,what car brands offer the best technology features,,n.a,"Tesla, Volvo, GMC, Cadillac, Lexus, Palisade, Model, Olufsen, Hyundai, Autopilot, Several, BMW, Here, Audi, Genesis, Wall St, It, Bang, Kia"
9,what car brands offer the best technology features,,n.a,"Tesla, Volvo, GMC, Cadillac, Lexus, Palisade, Model, Olufsen, Hyundai, Autopilot, Several, BMW, Here, Audi, Genesis, Wall St, It, Bang, Kia"
9,what car brands offer the best technology features,,n.a,"Tesla, Volvo, GMC, Cadillac, Lexus, Palisade, Model, Olufsen, Hyundai, Autopilot, Several, BMW, Here, Audi, Genesis, Wall St, It, Bang, Kia"
9,what car brands offer the best technology features,,n.a,"Tesla, Volvo, GMC, Cadillac, Lexus, Palisade, Model, Olufsen, Hyundai, Autopilot, Several, BMW, Here, Audi, Genesis, Wall St, It, Bang, Kia"
10,what are the oldest car brands still operating,https://www.catawiki.com/en/stories/4619-top-5-oldest-car-brands-in-the-world,,"Rover Company, However, Mercedes-Benz, Karl Benz, Founded, Vauxhall, Ltd, Peugeot, Co, Vauxhall Iron, Although, Opel"
10,what are the oldest car brands still operating,https://www.oldest.org/technology/car-companies/,,"Rover Company, However, Mercedes-Benz, Karl Benz, Founded, Vauxhall, Ltd, Peugeot, Co, Vauxhall Iron, Although, Opel"
10,what are the oldest car brands still operating,https://www.carandbike.com/news/10-oldest-car-companies-in-the-world-2703618,,"Rover Company, However, Mercedes-Benz, Karl Benz, Founded, Vauxhall, Ltd, Peugeot, Co, Vauxhall Iron, Although, Opel"
10,what are the oldest car brands still operating,https://www.hotcars.com/oldest-car-manufacturers-still-in-business-today/,,"Rover Company, However, Mercedes-Benz, Karl Benz, Founded, Vauxhall, Ltd, Peugeot, Co, Vauxhall Iron, Although, Opel"
10,what are the oldest car brands still operating,https://www.slashgear.com/1558451/oldest-car-brands-in-the-world/,,"Rover Company, However, Mercedes-Benz, Karl Benz, Founded, Vauxhall, Ltd, Peugeot, Co, Vauxhall Iron, Although, Opel"
10,what are the oldest car brands still operating,,n.a,"Rover Company, However, Mercedes-Benz, Karl Benz, Founded, Vauxhall, Ltd, Peugeot, Co, Vauxhall Iron, Although, Opel"
10,what are the oldest car brands still operating,,n.a,"Rover Company, However, Mercedes-Benz, Karl Benz, Founded, Vauxhall, Ltd, Peugeot, Co, Vauxhall Iron, Although, Opel"
10,what are the oldest car brands still operating,,n.a,"Rover Company, However, Mercedes-Benz, Karl Benz, Founded, Vauxhall, Ltd, Peugeot, Co, Vauxhall Iron, Although, Opel"
11,which car brands are best for families,https://www.caranddriver.com/rankings/best-family-cars,,"Hyundai Palisade, CX-, Kia Carnival, Sources, Ioniq, Best Family, Car, What Car, Purchasing, Honda, Honda CR-V, Mazda, Driver, Know When, Toyota Camry, SUV, Hybrid, Cars Around, Everything To, Best Cars, Kelley Blue, Hyundai, Best, Seltos, Several, Toyota, Book, Sienna Hybrid, Here, Hyundai Ioniq, HR-V, Mom Official, Cars, Kia Telluride, Kia, SUVs"
11,which car brands are best for families,https://www.thecarmomofficial.com/blog-3/best-cars-for-families,,"Hyundai Palisade, CX-, Kia Carnival, Sources, Ioniq, Best Family, Car, What Car, Purchasing, Honda, Honda CR-V, Mazda, Driver, Know When, Toyota Camry, SUV, Hybrid, Cars Around, Everything To, Best Cars, Kelley Blue, Hyundai, Best, Seltos, Several, Toyota, Book, Sienna Hybrid, Here, Hyundai Ioniq, HR-V, Mom Official, Cars, Kia Telluride, Kia, SUVs"
11,which car brands are best for families,https://www.whatcar.com/best/family-cars/n27171,,"Hyundai Palisade, CX-, Kia Carnival, Sources, Ioniq, Best Family, Car, What Car, Purchasing, Honda, Honda CR-V, Mazda, Driver, Know When, Toyota Camry, SUV, Hybrid, Cars Around, Everything To, Best Cars, Kelley Blue, Hyundai, Best, Seltos, Several, Toyota, Book, Sienna Hybrid, Here, Hyundai Ioniq, HR-V, Mom Official, Cars, Kia Telluride, Kia, SUVs"
11,which car brands are best for families,https://www.kbb.com/best-cars/10-best-family-cars-under-25000/,,"Hyundai Palisade, CX-, Kia Carnival, Sources, Ioniq, Best Family, Car, What Car, Purchasing, Honda, Honda CR-V, Mazda, Driver, Know When, Toyota Camry, SUV, Hybrid, Cars Around, Everything To, Best Cars, Kelley Blue, Hyundai, Best, Seltos, Several, Toyota, Book, Sienna Hybrid, Here, Hyundai Ioniq, HR-V, Mom Official, Cars, Kia Telluride, Kia, SUVs"
11,which car brands are best for families,https://www.thezebra.com/resources/car-insurance/10-best-cars-for-a-family-of-5/,,"Hyundai Palisade, CX-, Kia Carnival, Sources, Ioniq, Best Family, Car, What Car, Purchasing, Honda, Honda CR-V, Mazda, Driver, Know When, Toyota Camry, SUV, Hybrid, Cars Around, Everything To, Best Cars, Kelley Blue, Hyundai, Best, Seltos, Several, Toyota, Book, Sienna Hybrid, Here, Hyundai Ioniq, HR-V, Mom Official, Cars, Kia Telluride, Kia, SUVs"
11,which car brands are best for families,,n.a,"Hyundai Palisade, CX-, Kia Carnival, Sources, Ioniq, Best Family, Car, What Car, Purchasing, Honda, Honda CR-V, Mazda, Driver, Know When, Toyota Camry, SUV, Hybrid, Cars Around, Everything To, Best Cars, Kelley Blue, Hyundai, Best, Seltos, Several, Toyota, Book, Sienna Hybrid, Here, Hyundai Ioniq, HR-V, Mom Official, Cars, Kia Telluride, Kia, SUVs"
11,which car brands are best for families,,n.a,"Hyundai Palisade, CX-, Kia Carnival, Sources, Ioniq, Best Family, Car, What Car, Purchasing, Honda, Honda CR-V, Mazda, Driver, Know When, Toyota Camry, SUV, Hybrid, Cars Around, Everything To, Best Cars, Kelley Blue, Hyundai, Best, Seltos, Several, Toyota, Book, Sienna Hybrid, Here, Hyundai Ioniq, HR-V, Mom Official, Cars, Kia Telluride, Kia, SUVs"
11,which car brands are best for families,,n.a,"Hyundai Palisade, CX-, Kia Carnival, Sources, Ioniq, Best Family, Car, What Car, Purchasing, Honda, Honda CR-V, Mazda, Driver, Know When, Toyota Camry, SUV, Hybrid, Cars Around, Everything To, Best Cars, Kelley Blue, Hyundai, Best, Seltos, Several, Toyota, Book, Sienna Hybrid, Here, Hyundai Ioniq, HR-V, Mom Official, Cars, Kia Telluride, Kia, SUVs"
11,which car brands are best for families,,n.a,"Hyundai Palisade, CX-, Kia Carnival, Sources, Ioniq, Best Family, Car, What Car, Purchasing, Honda, Honda CR-V, Mazda, Driver, Know When, Toyota Camry, SUV, Hybrid, Cars Around, Everything To, Best Cars, Kelley Blue, Hyundai, Best, Seltos, Several, Toyota, Book, Sienna Hybrid, Here, Hyundai Ioniq, HR-V, Mom Official, Cars, Kia Telluride, Kia, SUVs"
11,which car brands are best for families,,n.a,"Hyundai Palisade, CX-, Kia Carnival, Sources, Ioniq, Best Family, Car, What Car, Purchasing, Honda, Honda CR-V, Mazda, Driver, Know When, Toyota Camry, SUV, Hybrid, Cars Around, Everything To, Best Cars, Kelley Blue, Hyundai, Best, Seltos, Several, Toyota, Book, Sienna Hybrid, Here, Hyundai Ioniq, HR-V, Mom Official, Cars, Kia Telluride, Kia, SUVs"
11,which car brands are best for families,,n.a,"Hyundai Palisade, CX-, Kia Carnival, Sources, Ioniq, Best Family, Car, What Car, Purchasing, Honda, Honda CR-V, Mazda, Driver, Know When, Toyota Camry, SUV, Hybrid, Cars Around, Everything To, Best Cars, Kelley Blue, Hyundai, Best, Seltos, Several, Toyota, Book, Sienna Hybrid, Here, Hyundai Ioniq, HR-V, Mom Official, Cars, Kia Telluride, Kia, SUVs"
12,what are the fastest-growing car brands,https://www.hotcars.com/fastest-growing-car-brand-you-never-heard-of/,,"Tesla, Dongfeng Sokon, Benefiting, Acura, This, Chinese EV, Mahindra, An Indian, Honda, BYD, EV, French, GAC, Known, Alpine"
12,what are the fastest-growing car brands,https://www.insidermonkey.com/blog/15-fastest-growing-automotive-brands-in-the-world-1319591/,,"Tesla, Dongfeng Sokon, Benefiting, Acura, This, Chinese EV, Mahindra, An Indian, Honda, BYD, EV, French, GAC, Known, Alpine"
12,what are the fastest-growing car brands,https://www.focus2move.com/world-car-group-ranking/,,"Tesla, Dongfeng Sokon, Benefiting, Acura, This, Chinese EV, Mahindra, An Indian, Honda, BYD, EV, French, GAC, Known, Alpine"
12,what are the fastest-growing car brands,https://automotivedesignplanet.com/stories/1686736200-fastest-growing-automotive-brands-of-2023-in-the-world,,"Tesla, Dongfeng Sokon, Benefiting, Acura, This, Chinese EV, Mahindra, An Indian, Honda, BYD, EV, French, GAC, Known, Alpine"
12,what are the fastest-growing car brands,https://roadgenius.com/cars/statistics/sales-by-manufacturer/,,"Tesla, Dongfeng Sokon, Benefiting, Acura, This, Chinese EV, Mahindra, An Indian, Honda, BYD, EV, French, GAC, Known, Alpine"
12,what are the fastest-growing car brands,,n.a,"Tesla, Dongfeng Sokon, Benefiting, Acura, This, Chinese EV, Mahindra, An Indian, Honda, BYD, EV, French, GAC, Known, Alpine"
12,what are the fastest-growing car brands,,n.a,"Tesla, Dongfeng Sokon, Benefiting, Acura, This, Chinese EV, Mahindra, An Indian, Honda, BYD, EV, French, GAC, Known, Alpine"
12,what are the fastest-growing car brands,,n.a,"Tesla, Dongfeng Sokon, Benefiting, Acura, This, Chinese EV, Mahindra, An Indian, Honda, BYD, EV, French, GAC, Known, Alpine"
12,what are the fastest-growing car brands,,n.a,"Tesla, Dongfeng Sokon, Benefiting, Acura, This, Chinese EV, Mahindra, An Indian, Honda, BYD, EV, French, GAC, Known, Alpine"
13,which car brands are known for design innovation,https://www.mgprestigecar.fr/top-10-car-brands-leading-in-innovation/,,"Tesla, Several, Model, Walter Chrysler, Established, Airflow, Gustave, BMW, Founded, Traction Avant, Chrysler, DS, Audi, Known, Rolls-Royce"
13,which car brands are known for design innovation,https://douradocars.com/list-of-luxury-car-brands-innovative-design/,,"Tesla, Several, Model, Walter Chrysler, Established, Airflow, Gustave, BMW, Founded, Traction Avant, Chrysler, DS, Audi, Known, Rolls-Royce"
13,which car brands are known for design innovation,https://business.yougov.com/content/49027-the-top-5-most-innovative-and-tech-forward-auto-brands-according-to-britons,,"Tesla, Several, Model, Walter Chrysler, Established, Airflow, Gustave, BMW, Founded, Traction Avant, Chrysler, DS, Audi, Known, Rolls-Royce"
13,which car brands are known for design innovation,https://hiconsumption.com/motors/most-innovative-cars/,,"Tesla, Several, Model, Walter Chrysler, Established, Airflow, Gustave, BMW, Founded, Traction Avant, Chrysler, DS, Audi, Known, Rolls-Royce"
13,which car brands are known for design innovation,https://applewoodperformancecenter.com/blog/the-history-and-evolution-of-iconic-car-brands,,"Tesla, Several, Model, Walter Chrysler, Established, Airflow, Gustave, BMW, Founded, Traction Avant, Chrysler, DS, Audi, Known, Rolls-Royce"
13,which car brands are known for design innovation,,n.a,"Tesla, Several, Model, Walter Chrysler, Established, Airflow, Gustave, BMW, Founded, Traction Avant, Chrysler, DS, Audi, Known, Rolls-Royce"
13,which car brands are known for design innovation,,n.a,"Tesla, Several, Model, Walter Chrysler, Established, Airflow, Gustave, BMW, Founded, Traction Avant, Chrysler, DS, Audi, Known, Rolls-Royce"
13,which car brands are known for design innovation,,n.a,"Tesla, Several, Model, Walter Chrysler, Established, Airflow, Gustave, BMW, Founded, Traction Avant, Chrysler, DS, Audi, Known, Rolls-Royce"
14,what car brands have the best warranties,https://www.cars.com/articles/which-vehicles-have-the-best-warranty-coverage-447236/,,"Limited Warranty, Mitsubishi, Several, Electric, Roadside, Restraint, Powertrain, Toyota, Here, Lexus, Basic, Replacement, Genesis, Federal, Hyundai, Adjustments, New Vehicle, Kia"
14,what car brands have the best warranties,https://www.hyundaiusa.com/us/en/assurance/america-best-warranty,,"Limited Warranty, Mitsubishi, Several, Electric, Roadside, Restraint, Powertrain, Toyota, Here, Lexus, Basic, Replacement, Genesis, Federal, Hyundai, Adjustments, New Vehicle, Kia"
14,what car brands have the best warranties,https://www.gobankingrates.com/saving-money/car/car-brands-best-warranties-new-vehicles/,,"Limited Warranty, Mitsubishi, Several, Electric, Roadside, Restraint, Powertrain, Toyota, Here, Lexus, Basic, Replacement, Genesis, Federal, Hyundai, Adjustments, New Vehicle, Kia"
14,what car brands have the best warranties,https://www.whatcar.com/advice/buying/best-new-car-warranties/n26485,,"Limited Warranty, Mitsubishi, Several, Electric, Roadside, Restraint, Powertrain, Toyota, Here, Lexus, Basic, Replacement, Genesis, Federal, Hyundai, Adjustments, New Vehicle, Kia"
14,what car brands have the best warranties,https://autopom.com/cars-with-the-best-warranty/,,"Limited Warranty, Mitsubishi, Several, Electric, Roadside, Restraint, Powertrain, Toyota, Here, Lexus, Basic, Replacement, Genesis, Federal, Hyundai, Adjustments, New Vehicle, Kia"
14,what car brands have the best warranties,,n.a,"Limited Warranty, Mitsubishi, Several, Electric, Roadside, Restraint, Powertrain, Toyota, Here, Lexus, Basic, Replacement, Genesis, Federal, Hyundai, Adjustments, New Vehicle, Kia"
14,what car brands have the best warranties,,n.a,"Limited Warranty, Mitsubishi, Several, Electric, Roadside, Restraint, Powertrain, Toyota, Here, Lexus, Basic, Replacement, Genesis, Federal, Hyundai, Adjustments, New Vehicle, Kia"
14,what car brands have the best warranties,,n.a,"Limited Warranty, Mitsubishi, Several, Electric, Roadside, Restraint, Powertrain, Toyota, Here, Lexus, Basic, Replacement, Genesis, Federal, Hyundai, Adjustments, New Vehicle, Kia"
14,what car brands have the best warranties,,n.a,"Limited Warranty, Mitsubishi, Several, Electric, Roadside, Restraint, Powertrain, Toyota, Here, Lexus, Basic, Replacement, Genesis, Federal, Hyundai, Adjustments, New Vehicle, Kia"
15,which car brands offer the best value for money,https://www.kbb.com/cars/,,"Subaru, Several, Value, Mazda MX-, Toyota, Picanto GT, BMW, Miata, Here, Honda, Mazda, Civic, It, Known, Kia"
15,which car brands offer the best value for money,https://business.yougov.com/content/44561-us-which-car-makers-offer-best-value-money,,"Subaru, Several, Value, Mazda MX-, Toyota, Picanto GT, BMW, Miata, Here, Honda, Mazda, Civic, It, Known, Kia"
15,which car brands offer the best value for money,https://www.consumerreports.org/cars/cars-driving/which-car-brands-make-the-best-vehicles-a6159221985/,,"Subaru, Several, Value, Mazda MX-, Toyota, Picanto GT, BMW, Miata, Here, Honda, Mazda, Civic, It, Known, Kia"
15,which car brands offer the best value for money,https://www.youtube.com/watch?v=2853qWh7mFU,,"Subaru, Several, Value, Mazda MX-, Toyota, Picanto GT, BMW, Miata, Here, Honda, Mazda, Civic, It, Known, Kia"
15,which car brands offer the best value for money,https://caredge.com/ranks/depreciation,,"Subaru, Several, Value, Mazda MX-, Toyota, Picanto GT, BMW, Miata, Here, Honda, Mazda, Civic, It, Known, Kia"
15,which car brands offer the best value for money,,n.a,"Subaru, Several, Value, Mazda MX-, Toyota, Picanto GT, BMW, Miata, Here, Honda, Mazda, Civic, It, Known, Kia"
15,which car brands offer the best value for money,,n.a,"Subaru, Several, Value, Mazda MX-, Toyota, Picanto GT, BMW, Miata, Here, Honda, Mazda, Civic, It, Known, Kia"
15,which car brands offer the best value for money,,n.a,"Subaru, Several, Value, Mazda MX-, Toyota, Picanto GT, BMW, Miata, Here, Honda, Mazda, Civic, It, Known, Kia"
15,which car brands offer the best value for money,,n.a,"Subaru, Several, Value, Mazda MX-, Toyota, Picanto GT, BMW, Miata, Here, Honda, Mazda, Civic, It, Known, Kia"
15,which car brands offer the best value for money,,n.a,"Subaru, Several, Value, Mazda MX-, Toyota, Picanto GT, BMW, Miata, Here, Honda, Mazda, Civic, It, Known, Kia"
15,which car brands offer the best value for money,,n.a,"Subaru, Several, Value, Mazda MX-, Toyota, Picanto GT, BMW, Miata, Here, Honda, Mazda, Civic, It, Known, Kia"
15,which car brands offer the best value for money,,n.a,"Subaru, Several, Value, Mazda MX-, Toyota, Picanto GT, BMW, Miata, Here, Honda, Mazda, Civic, It, Known, Kia"
16,what are the most common car brands in the US,https://www.statista.com/statistics/264362/leading-car-brands-in-the-us-based-on-vehicle-sales/,,"Camry, Specifically, Gen, Silverado, Honda, GM, Known, Nissan, Company, Recognized, Baby Boomers, Hyundai, Chevrolet, American, Detailed Rankings, United States, Toyota, Equinox, America"
16,what are the most common car brands in the US,https://www.carpro.com/blog/full-year-2022-national-auto-sales-by-brand,,"Camry, Specifically, Gen, Silverado, Honda, GM, Known, Nissan, Company, Recognized, Baby Boomers, Hyundai, Chevrolet, American, Detailed Rankings, United States, Toyota, Equinox, America"
16,what are the most common car brands in the US,https://today.yougov.com/ratings/travel/popularity/car-makers/all,,"Camry, Specifically, Gen, Silverado, Honda, GM, Known, Nissan, Company, Recognized, Baby Boomers, Hyundai, Chevrolet, American, Detailed Rankings, United States, Toyota, Equinox, America"
16,what are the most common car brands in the US,https://www.visualcapitalist.com/americas-favorite-car-brands-by-generation/,,"Camry, Specifically, Gen, Silverado, Honda, GM, Known, Nissan, Company, Recognized, Baby Boomers, Hyundai, Chevrolet, American, Detailed Rankings, United States, Toyota, Equinox, America"
16,what are the most common car brands in the US,https://www.carlogos.org/popular-car-brands/,,"Camry, Specifically, Gen, Silverado, Honda, GM, Known, Nissan, Company, Recognized, Baby Boomers, Hyundai, Chevrolet, American, Detailed Rankings, United States, Toyota, Equinox, America"
16,what are the most common car brands in the US,,n.a,"Camry, Specifically, Gen, Silverado, Honda, GM, Known, Nissan, Company, Recognized, Baby Boomers, Hyundai, Chevrolet, American, Detailed Rankings, United States, Toyota, Equinox, America"
16,what are the most common car brands in the US,,n.a,"Camry, Specifically, Gen, Silverado, Honda, GM, Known, Nissan, Company, Recognized, Baby Boomers, Hyundai, Chevrolet, American, Detailed Rankings, United States, Toyota, Equinox, America"
16,what are the most common car brands in the US,,n.a,"Camry, Specifically, Gen, Silverado, Honda, GM, Known, Nissan, Company, Recognized, Baby Boomers, Hyundai, Chevrolet, American, Detailed Rankings, United States, Toyota, Equinox, America"
16,what are the most common car brands in the US,,n.a,"Camry, Specifically, Gen, Silverado, Honda, GM, Known, Nissan, Company, Recognized, Baby Boomers, Hyundai, Chevrolet, American, Detailed Rankings, United States, Toyota, Equinox, America"
16,what are the most common car brands in the US,,n.a,"Camry, Specifically, Gen, Silverado, Honda, GM, Known, Nissan, Company, Recognized, Baby Boomers, Hyundai, Chevrolet, American, Detailed Rankings, United States, Toyota, Equinox, America"
17,which car brands have the best customer service,https://www.cars.com/articles/which-dealerships-do-it-right-car-brands-ranked-for-customer-service-1420757590799/,,"Lexus, CSI Study, What Car, Buick, In, Honda, Known, Study, References, Index Study, Power, Index, Several, Additionally, Reliability Survey, Customer Service, Here, MINI, It, CSI"
17,which car brands have the best customer service,https://clark.com/cars/best-car-brands/,,"Lexus, CSI Study, What Car, Buick, In, Honda, Known, Study, References, Index Study, Power, Index, Several, Additionally, Reliability Survey, Customer Service, Here, MINI, It, CSI"
17,which car brands have the best customer service,https://www.consumerreports.org/cars/car-reliability-owner-satisfaction/most-and-least-liked-car-brands-a1291429338/,,"Lexus, CSI Study, What Car, Buick, In, Honda, Known, Study, References, Index Study, Power, Index, Several, Additionally, Reliability Survey, Customer Service, Here, MINI, It, CSI"
17,which car brands have the best customer service,https://www.jdpower.com/business/press-releases/2021-customer-service-index-csi-study,,"Lexus, CSI Study, What Car, Buick, In, Honda, Known, Study, References, Index Study, Power, Index, Several, Additionally, Reliability Survey, Customer Service, Here, MINI, It, CSI"
17,which car brands have the best customer service,https://www.whatcar.com/news/best-car-servicing-2025-the-best-and-worst-brands-at-servicing-your-car/n16046,,"Lexus, CSI Study, What Car, Buick, In, Honda, Known, Study, References, Index Study, Power, Index, Several, Additionally, Reliability Survey, Customer Service, Here, MINI, It, CSI"
17,which car brands have the best customer service,,n.a,"Lexus, CSI Study, What Car, Buick, In, Honda, Known, Study, References, Index Study, Power, Index, Several, Additionally, Reliability Survey, Customer Service, Here, MINI, It, CSI"
17,which car brands have the best customer service,,n.a,"Lexus, CSI Study, What Car, Buick, In, Honda, Known, Study, References, Index Study, Power, Index, Several, Additionally, Reliability Survey, Customer Service, Here, MINI, It, CSI"
17,which car brands have the best customer service,,n.a,"Lexus, CSI Study, What Car, Buick, In, Honda, Known, Study, References, Index Study, Power, Index, Several, Additionally, Reliability Survey, Customer Service, Here, MINI, It, CSI"
17,which car brands have the best customer service,,n.a,"Lexus, CSI Study, What Car, Buick, In, Honda, Known, Study, References, Index Study, Power, Index, Several, Additionally, Reliability Survey, Customer Service, Here, MINI, It, CSI"
17,which car brands have the best customer service,,n.a,"Lexus, CSI Study, What Car, Buick, In, Honda, Known, Study, References, Index Study, Power, Index, Several, Additionally, Reliability Survey, Customer Service, Here, MINI, It, CSI"
18,what car brands are good for first-time buyers,https://caredge.com/guides/the-5-best-cars-for-new-drivers,,"Star NHTSA, Subaru, Several, Toyota, MPG, Here, Honda, Hyundai Elantra, Mazda, Hyundai, It, Known, Honda Civic, Subaru Crosstrek"
18,what car brands are good for first-time buyers,https://www.kbb.com/cars/,,"Star NHTSA, Subaru, Several, Toyota, MPG, Here, Honda, Hyundai Elantra, Mazda, Hyundai, It, Known, Honda Civic, Subaru Crosstrek"
18,what car brands are good for first-time buyers,https://agirlsguidetocars.com/list/best-cars-first-time-car-buyers/,,"Star NHTSA, Subaru, Several, Toyota, MPG, Here, Honda, Hyundai Elantra, Mazda, Hyundai, It, Known, Honda Civic, Subaru Crosstrek"
18,what car brands are good for first-time buyers,https://www.consumerreports.org/cars/used-car-brand-reliability-a2811658468/,,"Star NHTSA, Subaru, Several, Toyota, MPG, Here, Honda, Hyundai Elantra, Mazda, Hyundai, It, Known, Honda Civic, Subaru Crosstrek"
18,what car brands are good for first-time buyers,https://www.mycarpark.com/2023/09/25/the-best-used-cars-for-first-time-buyers/,,"Star NHTSA, Subaru, Several, Toyota, MPG, Here, Honda, Hyundai Elantra, Mazda, Hyundai, It, Known, Honda Civic, Subaru Crosstrek"
18,what car brands are good for first-time buyers,,n.a,"Star NHTSA, Subaru, Several, Toyota, MPG, Here, Honda, Hyundai Elantra, Mazda, Hyundai, It, Known, Honda Civic, Subaru Crosstrek"
18,what car brands are good for first-time buyers,,n.a,"Star NHTSA, Subaru, Several, Toyota, MPG, Here, Honda, Hyundai Elantra, Mazda, Hyundai, It, Known, Honda Civic, Subaru Crosstrek"
18,what car brands are good for first-time buyers,,n.a,"Star NHTSA, Subaru, Several, Toyota, MPG, Here, Honda, Hyundai Elantra, Mazda, Hyundai, It, Known, Honda Civic, Subaru Crosstrek"
18,what car brands are good for first-time buyers,,n.a,"Star NHTSA, Subaru, Several, Toyota, MPG, Here, Honda, Hyundai Elantra, Mazda, Hyundai, It, Known, Honda Civic, Subaru Crosstrek"
19,what are the best car brands for students,https://www.kbb.com/best-cars/college-students/,,"Subaru Legacy, Offers Symmetrical, Honda Civic, Subaru, Based, Source, Honda, Mazda, Honda HR-V, Known, Sherpa Auto, Best Car, References, Combines, Best Cars, Kelley Blue, Foundation, Hyundai, Guide, Toyota, Toyota Prius, Book, Here, Praised, Hyundai Elantra, Top Five, National Kidney, It, Cars, College Students, Offers"
19,what are the best car brands for students,https://www.thezebra.com/resources/car-insurance/10-best-cars-for-college-students/,,"Subaru Legacy, Offers Symmetrical, Honda Civic, Subaru, Based, Source, Honda, Mazda, Honda HR-V, Known, Sherpa Auto, Best Car, References, Combines, Best Cars, Kelley Blue, Foundation, Hyundai, Guide, Toyota, Toyota Prius, Book, Here, Praised, Hyundai Elantra, Top Five, National Kidney, It, Cars, College Students, Offers"
19,what are the best car brands for students,https://www.kidney.org/news-stories/top-five-cars-college-students,,"Subaru Legacy, Offers Symmetrical, Honda Civic, Subaru, Based, Source, Honda, Mazda, Honda HR-V, Known, Sherpa Auto, Best Car, References, Combines, Best Cars, Kelley Blue, Foundation, Hyundai, Guide, Toyota, Toyota Prius, Book, Here, Praised, Hyundai Elantra, Top Five, National Kidney, It, Cars, College Students, Offers"
19,what are the best car brands for students,https://augustaceo.com/news/2023/08/kelley-blue-book-names-best-cars-college-students-2023/,,"Subaru Legacy, Offers Symmetrical, Honda Civic, Subaru, Based, Source, Honda, Mazda, Honda HR-V, Known, Sherpa Auto, Best Car, References, Combines, Best Cars, Kelley Blue, Foundation, Hyundai, Guide, Toyota, Toyota Prius, Book, Here, Praised, Hyundai Elantra, Top Five, National Kidney, It, Cars, College Students, Offers"
19,what are the best car brands for students,https://www.sherpaautotransport.com/guides/best-cars-for-college-students/,,"Subaru Legacy, Offers Symmetrical, Honda Civic, Subaru, Based, Source, Honda, Mazda, Honda HR-V, Known, Sherpa Auto, Best Car, References, Combines, Best Cars, Kelley Blue, Foundation, Hyundai, Guide, Toyota, Toyota Prius, Book, Here, Praised, Hyundai Elantra, Top Five, National Kidney, It, Cars, College Students, Offers"
19,what are the best car brands for students,,n.a,"Subaru Legacy, Offers Symmetrical, Honda Civic, Subaru, Based, Source, Honda, Mazda, Honda HR-V, Known, Sherpa Auto, Best Car, References, Combines, Best Cars, Kelley Blue, Foundation, Hyundai, Guide, Toyota, Toyota Prius, Book, Here, Praised, Hyundai Elantra, Top Five, National Kidney, It, Cars, College Students, Offers"
19,what are the best car brands for students,,n.a,"Subaru Legacy, Offers Symmetrical, Honda Civic, Subaru, Based, Source, Honda, Mazda, Honda HR-V, Known, Sherpa Auto, Best Car, References, Combines, Best Cars, Kelley Blue, Foundation, Hyundai, Guide, Toyota, Toyota Prius, Book, Here, Praised, Hyundai Elantra, Top Five, National Kidney, It, Cars, College Students, Offers"
19,what are the best car brands for students,,n.a,"Subaru Legacy, Offers Symmetrical, Honda Civic, Subaru, Based, Source, Honda, Mazda, Honda HR-V, Known, Sherpa Auto, Best Car, References, Combines, Best Cars, Kelley Blue, Foundation, Hyundai, Guide, Toyota, Toyota Prius, Book, Here, Praised, Hyundai Elantra, Top Five, National Kidney, It, Cars, College Students, Offers"
19,what are the best car brands for students,,n.a,"Subaru Legacy, Offers Symmetrical, Honda Civic, Subaru, Based, Source, Honda, Mazda, Honda HR-V, Known, Sherpa Auto, Best Car, References, Combines, Best Cars, Kelley Blue, Foundation, Hyundai, Guide, Toyota, Toyota Prius, Book, Here, Praised, Hyundai Elantra, Top Five, National Kidney, It, Cars, College Students, Offers"
19,what are the best car brands for students,,n.a,"Subaru Legacy, Offers Symmetrical, Honda Civic, Subaru, Based, Source, Honda, Mazda, Honda HR-V, Known, Sherpa Auto, Best Car, References, Combines, Best Cars, Kelley Blue, Foundation, Hyundai, Guide, Toyota, Toyota Prius, Book, Here, Praised, Hyundai Elantra, Top Five, National Kidney, It, Cars, College Students, Offers"
19,what are the best car brands for students,,n.a,"Subaru Legacy, Offers Symmetrical, Honda Civic, Subaru, Based, Source, Honda, Mazda, Honda HR-V, Known, Sherpa Auto, Best Car, References, Combines, Best Cars, Kelley Blue, Foundation, Hyundai, Guide, Toyota, Toyota Prius, Book, Here, Praised, Hyundai Elantra, Top Five, National Kidney, It, Cars, College Students, Offers"
19,what are the best car brands for students,,n.a,"Subaru Legacy, Offers Symmetrical, Honda Civic, Subaru, Based, Source, Honda, Mazda, Honda HR-V, Known, Sherpa Auto, Best Car, References, Combines, Best Cars, Kelley Blue, Foundation, Hyundai, Guide, Toyota, Toyota Prius, Book, Here, Praised, Hyundai Elantra, Top Five, National Kidney, It, Cars, College Students, Offers"
19,what are the best car brands for students,,n.a,"Subaru Legacy, Offers Symmetrical, Honda Civic, Subaru, Based, Source, Honda, Mazda, Honda HR-V, Known, Sherpa Auto, Best Car, References, Combines, Best Cars, Kelley Blue, Foundation, Hyundai, Guide, Toyota, Toyota Prius, Book, Here, Praised, Hyundai Elantra, Top Five, National Kidney, It, Cars, College Students, Offers"
19,what are the best car brands for students,,n.a,"Subaru Legacy, Offers Symmetrical, Honda Civic, Subaru, Based, Source, Honda, Mazda, Honda HR-V, Known, Sherpa Auto, Best Car, References, Combines, Best Cars, Kelley Blue, Foundation, Hyundai, Guide, Toyota, Toyota Prius, Book, Here, Praised, Hyundai Elantra, Top Five, National Kidney, It, Cars, College Students, Offers"
19,what are the best car brands for students,,n.a,"Subaru Legacy, Offers Symmetrical, Honda Civic, Subaru, Based, Source, Honda, Mazda, Honda HR-V, Known, Sherpa Auto, Best Car, References, Combines, Best Cars, Kelley Blue, Foundation, Hyundai, Guide, Toyota, Toyota Prius, Book, Here, Praised, Hyundai Elantra, Top Five, National Kidney, It, Cars, College Students, Offers"
19,what are the best car brands for students,,n.a,"Subaru Legacy, Offers Symmetrical, Honda Civic, Subaru, Based, Source, Honda, Mazda, Honda HR-V, Known, Sherpa Auto, Best Car, References, Combines, Best Cars, Kelley Blue, Foundation, Hyundai, Guide, Toyota, Toyota Prius, Book, Here, Praised, Hyundai Elantra, Top Five, National Kidney, It, Cars, College Students, Offers"
19,what are the best car brands for students,,n.a,"Subaru Legacy, Offers Symmetrical, Honda Civic, Subaru, Based, Source, Honda, Mazda, Honda HR-V, Known, Sherpa Auto, Best Car, References, Combines, Best Cars, Kelley Blue, Foundation, Hyundai, Guide, Toyota, Toyota Prius, Book, Here, Praised, Hyundai Elantra, Top Five, National Kidney, It, Cars, College Students, Offers"
19,what are the best car brands for students,,n.a,"Subaru Legacy, Offers Symmetrical, Honda Civic, Subaru, Based, Source, Honda, Mazda, Honda HR-V, Known, Sherpa Auto, Best Car, References, Combines, Best Cars, Kelley Blue, Foundation, Hyundai, Guide, Toyota, Toyota Prius, Book, Here, Praised, Hyundai Elantra, Top Five, National Kidney, It, Cars, College Students, Offers"
19,what are the best car brands for students,,n.a,"Subaru Legacy, Offers Symmetrical, Honda Civic, Subaru, Based, Source, Honda, Mazda, Honda HR-V, Known, Sherpa Auto, Best Car, References, Combines, Best Cars, Kelley Blue, Foundation, Hyundai, Guide, Toyota, Toyota Prius, Book, Here, Praised, Hyundai Elantra, Top Five, National Kidney, It, Cars, College Students, Offers"
20,which car brands are leading in electric vehicles,https://www.edmunds.com/electric-car/articles/top-electric-car-companies.html,,"Tesla, Model, September, Volkswagen Group, Group, This, Geely, BEV, Wuling, Li Auto, BYD, EV, Cybertruck, It, Although, VW Group, BMW Group"
20,which car brands are leading in electric vehicles,https://www.topgear.com/car-news/electric/top-gears-top-20-electric-cars,,"Tesla, Model, September, Volkswagen Group, Group, This, Geely, BEV, Wuling, Li Auto, BYD, EV, Cybertruck, It, Although, VW Group, BMW Group"
20,which car brands are leading in electric vehicles,https://autovista24.autovistagroup.com/news/which-automotive-brands-are-leading-the-global-ev-market/,,"Tesla, Model, September, Volkswagen Group, Group, This, Geely, BEV, Wuling, Li Auto, BYD, EV, Cybertruck, It, Although, VW Group, BMW Group"
20,which car brands are leading in electric vehicles,https://www.caranddriver.com/rankings/best-electric-cars,,"Tesla, Model, September, Volkswagen Group, Group, This, Geely, BEV, Wuling, Li Auto, BYD, EV, Cybertruck, It, Although, VW Group, BMW Group"
20,which car brands are leading in electric vehicles,https://alcottglobal.com/infographic/top-20-automotive-brands-in-the-world-by-electric-vehicle-sales,,"Tesla, Model, September, Volkswagen Group, Group, This, Geely, BEV, Wuling, Li Auto, BYD, EV, Cybertruck, It, Although, VW Group, BMW Group"
20,which car brands are leading in electric vehicles,,n.a,"Tesla, Model, September, Volkswagen Group, Group, This, Geely, BEV, Wuling, Li Auto, BYD, EV, Cybertruck, It, Although, VW Group, BMW Group"
20,which car brands are leading in electric vehicles,,n.a,"Tesla, Model, September, Volkswagen Group, Group, This, Geely, BEV, Wuling, Li Auto, BYD, EV, Cybertruck, It, Although, VW Group, BMW Group"
20,which car brands are leading in electric vehicles,,n.a,"Tesla, Model, September, Volkswagen Group, Group, This, Geely, BEV, Wuling, Li Auto, BYD, EV, Cybertruck, It, Although, VW Group, BMW Group"
21,what car brands have the best fuel economy,https://www.quantrellforlife.com/best-cars-for-gas-mileage/,,"Tesla, Best MPG, Skoda Octavia, Volkswagen, Sources, Subaru, Stellantis, Honda, Has, Mazda, Peugeot, Known, Which Automaker, Vauxhall, Top, Gas Mileage, Hyundai, Models, Several, Toyota, Toyota Prius, Top Fuel-Efficient, BMW, Cars, Kia"
21,what car brands have the best fuel economy,https://www.caranddriver.com/rankings/best-sedans/gas-mileage,,"Tesla, Best MPG, Skoda Octavia, Volkswagen, Sources, Subaru, Stellantis, Honda, Has, Mazda, Peugeot, Known, Which Automaker, Vauxhall, Top, Gas Mileage, Hyundai, Models, Several, Toyota, Toyota Prius, Top Fuel-Efficient, BMW, Cars, Kia"
21,what car brands have the best fuel economy,https://www.cars.com/articles/which-automaker-has-the-best-mpg-cars-431460/,,"Tesla, Best MPG, Skoda Octavia, Volkswagen, Sources, Subaru, Stellantis, Honda, Has, Mazda, Peugeot, Known, Which Automaker, Vauxhall, Top, Gas Mileage, Hyundai, Models, Several, Toyota, Toyota Prius, Top Fuel-Efficient, BMW, Cars, Kia"
21,what car brands have the best fuel economy,https://fueleconomy.gov/feg/best/bestworstnf.shtml,,"Tesla, Best MPG, Skoda Octavia, Volkswagen, Sources, Subaru, Stellantis, Honda, Has, Mazda, Peugeot, Known, Which Automaker, Vauxhall, Top, Gas Mileage, Hyundai, Models, Several, Toyota, Toyota Prius, Top Fuel-Efficient, BMW, Cars, Kia"
21,what car brands have the best fuel economy,https://www.cinch.co.uk/guides/choosing-a-car/10-of-the-most-fuel-efficient-cars-to-buy-in-2022,,"Tesla, Best MPG, Skoda Octavia, Volkswagen, Sources, Subaru, Stellantis, Honda, Has, Mazda, Peugeot, Known, Which Automaker, Vauxhall, Top, Gas Mileage, Hyundai, Models, Several, Toyota, Toyota Prius, Top Fuel-Efficient, BMW, Cars, Kia"
21,what car brands have the best fuel economy,,n.a,"Tesla, Best MPG, Skoda Octavia, Volkswagen, Sources, Subaru, Stellantis, Honda, Has, Mazda, Peugeot, Known, Which Automaker, Vauxhall, Top, Gas Mileage, Hyundai, Models, Several, Toyota, Toyota Prius, Top Fuel-Efficient, BMW, Cars, Kia"
21,what car brands have the best fuel economy,,n.a,"Tesla, Best MPG, Skoda Octavia, Volkswagen, Sources, Subaru, Stellantis, Honda, Has, Mazda, Peugeot, Known, Which Automaker, Vauxhall, Top, Gas Mileage, Hyundai, Models, Several, Toyota, Toyota Prius, Top Fuel-Efficient, BMW, Cars, Kia"
21,what car brands have the best fuel economy,,n.a,"Tesla, Best MPG, Skoda Octavia, Volkswagen, Sources, Subaru, Stellantis, Honda, Has, Mazda, Peugeot, Known, Which Automaker, Vauxhall, Top, Gas Mileage, Hyundai, Models, Several, Toyota, Toyota Prius, Top Fuel-Efficient, BMW, Cars, Kia"
21,what car brands have the best fuel economy,,n.a,"Tesla, Best MPG, Skoda Octavia, Volkswagen, Sources, Subaru, Stellantis, Honda, Has, Mazda, Peugeot, Known, Which Automaker, Vauxhall, Top, Gas Mileage, Hyundai, Models, Several, Toyota, Toyota Prius, Top Fuel-Efficient, BMW, Cars, Kia"
21,what car brands have the best fuel economy,,n.a,"Tesla, Best MPG, Skoda Octavia, Volkswagen, Sources, Subaru, Stellantis, Honda, Has, Mazda, Peugeot, Known, Which Automaker, Vauxhall, Top, Gas Mileage, Hyundai, Models, Several, Toyota, Toyota Prius, Top Fuel-Efficient, BMW, Cars, Kia"
21,what car brands have the best fuel economy,,n.a,"Tesla, Best MPG, Skoda Octavia, Volkswagen, Sources, Subaru, Stellantis, Honda, Has, Mazda, Peugeot, Known, Which Automaker, Vauxhall, Top, Gas Mileage, Hyundai, Models, Several, Toyota, Toyota Prius, Top Fuel-Efficient, BMW, Cars, Kia"
22,which car brands offer hybrid models,https://www.caranddriver.com/rankings/best-hybrid-cars,,"Lexus, Honda Civic, Lexus RX, As, Honda, Honda CR-V, Mazda, Known, Toyota Camry, Hybrid, Hyundai Tucson, Hyundai, Lexus NX, Although, Several, Toyota Prius, Toyota, Lexus ES, Hyundai Elantra, Mazda CX-, Kia"
22,which car brands offer hybrid models,https://www.kbb.com/hybrid/,,"Lexus, Honda Civic, Lexus RX, As, Honda, Honda CR-V, Mazda, Known, Toyota Camry, Hybrid, Hyundai Tucson, Hyundai, Lexus NX, Although, Several, Toyota Prius, Toyota, Lexus ES, Hyundai Elantra, Mazda CX-, Kia"
22,which car brands offer hybrid models,https://www.edmunds.com/hybrid/,,"Lexus, Honda Civic, Lexus RX, As, Honda, Honda CR-V, Mazda, Known, Toyota Camry, Hybrid, Hyundai Tucson, Hyundai, Lexus NX, Although, Several, Toyota Prius, Toyota, Lexus ES, Hyundai Elantra, Mazda CX-, Kia"
22,which car brands offer hybrid models,https://www.topspeed.com/hybrid-vehicles-threads/,,"Lexus, Honda Civic, Lexus RX, As, Honda, Honda CR-V, Mazda, Known, Toyota Camry, Hybrid, Hyundai Tucson, Hyundai, Lexus NX, Although, Several, Toyota Prius, Toyota, Lexus ES, Hyundai Elantra, Mazda CX-, Kia"
22,which car brands offer hybrid models,https://www.consumerreports.org/cars/hybrids-evs/buying-guide/,,"Lexus, Honda Civic, Lexus RX, As, Honda, Honda CR-V, Mazda, Known, Toyota Camry, Hybrid, Hyundai Tucson, Hyundai, Lexus NX, Although, Several, Toyota Prius, Toyota, Lexus ES, Hyundai Elantra, Mazda CX-, Kia"
22,which car brands offer hybrid models,,n.a,"Lexus, Honda Civic, Lexus RX, As, Honda, Honda CR-V, Mazda, Known, Toyota Camry, Hybrid, Hyundai Tucson, Hyundai, Lexus NX, Although, Several, Toyota Prius, Toyota, Lexus ES, Hyundai Elantra, Mazda CX-, Kia"
22,which car brands offer hybrid models,,n.a,"Lexus, Honda Civic, Lexus RX, As, Honda, Honda CR-V, Mazda, Known, Toyota Camry, Hybrid, Hyundai Tucson, Hyundai, Lexus NX, Although, Several, Toyota Prius, Toyota, Lexus ES, Hyundai Elantra, Mazda CX-, Kia"
22,which car brands offer hybrid models,,n.a,"Lexus, Honda Civic, Lexus RX, As, Honda, Honda CR-V, Mazda, Known, Toyota Camry, Hybrid, Hyundai Tucson, Hyundai, Lexus NX, Although, Several, Toyota Prius, Toyota, Lexus ES, Hyundai Elantra, Mazda CX-, Kia"
22,which car brands offer hybrid models,,n.a,"Lexus, Honda Civic, Lexus RX, As, Honda, Honda CR-V, Mazda, Known, Toyota Camry, Hybrid, Hyundai Tucson, Hyundai, Lexus NX, Although, Several, Toyota Prius, Toyota, Lexus ES, Hyundai Elantra, Mazda CX-, Kia"
22,which car brands offer hybrid models,,n.a,"Lexus, Honda Civic, Lexus RX, As, Honda, Honda CR-V, Mazda, Known, Toyota Camry, Hybrid, Hyundai Tucson, Hyundai, Lexus NX, Although, Several, Toyota Prius, Toyota, Lexus ES, Hyundai Elantra, Mazda CX-, Kia"
23,what are the top sports car brands,https://www.carlogos.org/sports-car-brands/,,"Fiat, Ferrari, Famous, Subaru, Spider, Dodge, Honda, Mazda, Italian, Known, Type, Nissan, Aston Martin, Maserati, Hyundai, Chevrolet, Toyota, Miata, Here, McLaren, BRZ, Civic, Supra, GT-R"
23,what are the top sports car brands,https://www.caranddriver.com/rankings/best-sports-cars/premium,,"Fiat, Ferrari, Famous, Subaru, Spider, Dodge, Honda, Mazda, Italian, Known, Type, Nissan, Aston Martin, Maserati, Hyundai, Chevrolet, Toyota, Miata, Here, McLaren, BRZ, Civic, Supra, GT-R"
23,what are the top sports car brands,https://www.topgear.com/car-reviews/find/body/sports,,"Fiat, Ferrari, Famous, Subaru, Spider, Dodge, Honda, Mazda, Italian, Known, Type, Nissan, Aston Martin, Maserati, Hyundai, Chevrolet, Toyota, Miata, Here, McLaren, BRZ, Civic, Supra, GT-R"
23,what are the top sports car brands,https://www.topspeed.com/best-sports-cars-each-major-auto-brand/,,"Fiat, Ferrari, Famous, Subaru, Spider, Dodge, Honda, Mazda, Italian, Known, Type, Nissan, Aston Martin, Maserati, Hyundai, Chevrolet, Toyota, Miata, Here, McLaren, BRZ, Civic, Supra, GT-R"
23,what are the top sports car brands,,n.a,"Fiat, Ferrari, Famous, Subaru, Spider, Dodge, Honda, Mazda, Italian, Known, Type, Nissan, Aston Martin, Maserati, Hyundai, Chevrolet, Toyota, Miata, Here, McLaren, BRZ, Civic, Supra, GT-R"
23,what are the top sports car brands,,n.a,"Fiat, Ferrari, Famous, Subaru, Spider, Dodge, Honda, Mazda, Italian, Known, Type, Nissan, Aston Martin, Maserati, Hyundai, Chevrolet, Toyota, Miata, Here, McLaren, BRZ, Civic, Supra, GT-R"
23,what are the top sports car brands,,n.a,"Fiat, Ferrari, Famous, Subaru, Spider, Dodge, Honda, Mazda, Italian, Known, Type, Nissan, Aston Martin, Maserati, Hyundai, Chevrolet, Toyota, Miata, Here, McLaren, BRZ, Civic, Supra, GT-R"
24,which car brands have the most models,https://www.consumerreports.org/cro/news/2011/06/what-company-builds-the-most-car-models-in-the-united-states/index.htm,,"Based, United States, Acura, Each, American-Made Index, Here, Honda, Has, Chevrolet, Cars"
24,which car brands have the most models,https://hondainamerica.com/news/honda-ties-for-most-models-in-top-10-in-cars-com-2024-american-made-index-leads-all-brands-with-nine-vehicles-in-the-top-20/,,"Based, United States, Acura, Each, American-Made Index, Here, Honda, Has, Chevrolet, Cars"
24,which car brands have the most models,https://www.catawiki.com/en/stories/4693-top-5-most-produced-car-models,,"Based, United States, Acura, Each, American-Made Index, Here, Honda, Has, Chevrolet, Cars"
24,which car brands have the most models,https://www.consumerreports.org/cars/cars-driving/which-car-brands-make-the-best-vehicles-a6159221985/,,"Based, United States, Acura, Each, American-Made Index, Here, Honda, Has, Chevrolet, Cars"
24,which car brands have the most models,https://today.yougov.com/ratings/travel/popularity/car-models/all,,"Based, United States, Acura, Each, American-Made Index, Here, Honda, Has, Chevrolet, Cars"
24,which car brands have the most models,,n.a,"Based, United States, Acura, Each, American-Made Index, Here, Honda, Has, Chevrolet, Cars"
24,which car brands have the most models,,n.a,"Based, United States, Acura, Each, American-Made Index, Here, Honda, Has, Chevrolet, Cars"
24,which car brands have the most models,,n.a,"Based, United States, Acura, Each, American-Made Index, Here, Honda, Has, Chevrolet, Cars"
25,what car brands are considered luxury,https://www.rusnakcars.com/manufacturer-information/what-is-a-luxury-car/,,"Tesla, Macan, Bentley, Lexus, Ferrari, C-Class, Mercedes-Benz, Continental GT, Acura, As, Honda, Known, While, Integra Type, Taycan, Japan, EVs, Its, Luxury, Series, Bentayga, BMW, Here, Genesis, NSX, It, S-Class, Cayenne, SUVs"
25,what car brands are considered luxury,https://www.edmunds.com/car-buying/luxury-car-brands.html,,"Tesla, Macan, Bentley, Lexus, Ferrari, C-Class, Mercedes-Benz, Continental GT, Acura, As, Honda, Known, While, Integra Type, Taycan, Japan, EVs, Its, Luxury, Series, Bentayga, BMW, Here, Genesis, NSX, It, S-Class, Cayenne, SUVs"
25,what car brands are considered luxury,https://clementpreowned.com/blog/best-luxury-car-brands,,"Tesla, Macan, Bentley, Lexus, Ferrari, C-Class, Mercedes-Benz, Continental GT, Acura, As, Honda, Known, While, Integra Type, Taycan, Japan, EVs, Its, Luxury, Series, Bentayga, BMW, Here, Genesis, NSX, It, S-Class, Cayenne, SUVs"
25,what car brands are considered luxury,https://en.wikipedia.org/wiki/Luxury_car,,"Tesla, Macan, Bentley, Lexus, Ferrari, C-Class, Mercedes-Benz, Continental GT, Acura, As, Honda, Known, While, Integra Type, Taycan, Japan, EVs, Its, Luxury, Series, Bentayga, BMW, Here, Genesis, NSX, It, S-Class, Cayenne, SUVs"
25,what car brands are considered luxury,https://www.carsguide.com.au/car-advice/the-worlds-top-10-luxury-car-brands-89659,,"Tesla, Macan, Bentley, Lexus, Ferrari, C-Class, Mercedes-Benz, Continental GT, Acura, As, Honda, Known, While, Integra Type, Taycan, Japan, EVs, Its, Luxury, Series, Bentayga, BMW, Here, Genesis, NSX, It, S-Class, Cayenne, SUVs"
25,what car brands are considered luxury,,n.a,"Tesla, Macan, Bentley, Lexus, Ferrari, C-Class, Mercedes-Benz, Continental GT, Acura, As, Honda, Known, While, Integra Type, Taycan, Japan, EVs, Its, Luxury, Series, Bentayga, BMW, Here, Genesis, NSX, It, S-Class, Cayenne, SUVs"
25,what car brands are considered luxury,,n.a,"Tesla, Macan, Bentley, Lexus, Ferrari, C-Class, Mercedes-Benz, Continental GT, Acura, As, Honda, Known, While, Integra Type, Taycan, Japan, EVs, Its, Luxury, Series, Bentayga, BMW, Here, Genesis, NSX, It, S-Class, Cayenne, SUVs"
25,what car brands are considered luxury,,n.a,"Tesla, Macan, Bentley, Lexus, Ferrari, C-Class, Mercedes-Benz, Continental GT, Acura, As, Honda, Known, While, Integra Type, Taycan, Japan, EVs, Its, Luxury, Series, Bentayga, BMW, Here, Genesis, NSX, It, S-Class, Cayenne, SUVs"
25,what car brands are considered luxury,,n.a,"Tesla, Macan, Bentley, Lexus, Ferrari, C-Class, Mercedes-Benz, Continental GT, Acura, As, Honda, Known, While, Integra Type, Taycan, Japan, EVs, Its, Luxury, Series, Bentayga, BMW, Here, Genesis, NSX, It, S-Class, Cayenne, SUVs"
25,what car brands are considered luxury,,n.a,"Tesla, Macan, Bentley, Lexus, Ferrari, C-Class, Mercedes-Benz, Continental GT, Acura, As, Honda, Known, While, Integra Type, Taycan, Japan, EVs, Its, Luxury, Series, Bentayga, BMW, Here, Genesis, NSX, It, S-Class, Cayenne, SUVs"
25,what car brands are considered luxury,,n.a,"Tesla, Macan, Bentley, Lexus, Ferrari, C-Class, Mercedes-Benz, Continental GT, Acura, As, Honda, Known, While, Integra Type, Taycan, Japan, EVs, Its, Luxury, Series, Bentayga, BMW, Here, Genesis, NSX, It, S-Class, Cayenne, SUVs"
25,what car brands are considered luxury,,n.a,"Tesla, Macan, Bentley, Lexus, Ferrari, C-Class, Mercedes-Benz, Continental GT, Acura, As, Honda, Known, While, Integra Type, Taycan, Japan, EVs, Its, Luxury, Series, Bentayga, BMW, Here, Genesis, NSX, It, S-Class, Cayenne, SUVs"
25,what car brands are considered luxury,,n.a,"Tesla, Macan, Bentley, Lexus, Ferrari, C-Class, Mercedes-Benz, Continental GT, Acura, As, Honda, Known, While, Integra Type, Taycan, Japan, EVs, Its, Luxury, Series, Bentayga, BMW, Here, Genesis, NSX, It, S-Class, Cayenne, SUVs"
25,what car brands are considered luxury,,n.a,"Tesla, Macan, Bentley, Lexus, Ferrari, C-Class, Mercedes-Benz, Continental GT, Acura, As, Honda, Known, While, Integra Type, Taycan, Japan, EVs, Its, Luxury, Series, Bentayga, BMW, Here, Genesis, NSX, It, S-Class, Cayenne, SUVs"
25,what car brands are considered luxury,,n.a,"Tesla, Macan, Bentley, Lexus, Ferrari, C-Class, Mercedes-Benz, Continental GT, Acura, As, Honda, Known, While, Integra Type, Taycan, Japan, EVs, Its, Luxury, Series, Bentayga, BMW, Here, Genesis, NSX, It, S-Class, Cayenne, SUVs"
26,which car brands are known for performance,https://www.consumerreports.org/cars/cars-driving/which-car-brands-make-the-best-vehicles-a6159221985/,,"Machine, GR Supra, Several, Mercedes-Benz, Toyota, Boxster, BMW, Emira, Its, S-Class, Known, Models, Cayman, Lotus, Chevrolet, Ultimate Driving"
26,which car brands are known for performance,https://www.caranddriver.com/rankings/best-sports-cars/performance,,"Machine, GR Supra, Several, Mercedes-Benz, Toyota, Boxster, BMW, Emira, Its, S-Class, Known, Models, Cayman, Lotus, Chevrolet, Ultimate Driving"
26,which car brands are known for performance,https://douradocars.com/top-luxury-car-brands-where-performance-meets-luxury/,,"Machine, GR Supra, Several, Mercedes-Benz, Toyota, Boxster, BMW, Emira, Its, S-Class, Known, Models, Cayman, Lotus, Chevrolet, Ultimate Driving"
26,which car brands are known for performance,https://www.whatcar.com/news/reliability-survey-most-reliable-cars-brands/n26159,,"Machine, GR Supra, Several, Mercedes-Benz, Toyota, Boxster, BMW, Emira, Its, S-Class, Known, Models, Cayman, Lotus, Chevrolet, Ultimate Driving"
26,which car brands are known for performance,,n.a,"Machine, GR Supra, Several, Mercedes-Benz, Toyota, Boxster, BMW, Emira, Its, S-Class, Known, Models, Cayman, Lotus, Chevrolet, Ultimate Driving"
26,which car brands are known for performance,,n.a,"Machine, GR Supra, Several, Mercedes-Benz, Toyota, Boxster, BMW, Emira, Its, S-Class, Known, Models, Cayman, Lotus, Chevrolet, Ultimate Driving"
26,which car brands are known for performance,,n.a,"Machine, GR Supra, Several, Mercedes-Benz, Toyota, Boxster, BMW, Emira, Its, S-Class, Known, Models, Cayman, Lotus, Chevrolet, Ultimate Driving"
27,what car brands are most popular in Asia,https://www.next-drive.co.jp/blog/car-brands-in-asia,,"Lexus, Hilux, May, Indian, Vietnam, Honda, Indonesia, Mazda, Perodua, Geely, Asian, India, Malaysia, Chinese, Hyundai, Toyota, Asia, Consumers, Here, Philippines, It, OEM, Japanese, Kia, SUVs"
27,what car brands are most popular in Asia,https://www.campaignasia.com/article/top-10-car-brands-in-southeast-asia/499419,,"Lexus, Hilux, May, Indian, Vietnam, Honda, Indonesia, Mazda, Perodua, Geely, Asian, India, Malaysia, Chinese, Hyundai, Toyota, Asia, Consumers, Here, Philippines, It, OEM, Japanese, Kia, SUVs"
27,what car brands are most popular in Asia,https://www.statista.com/statistics/1236092/asia-top-automakers-by-sales/,,"Lexus, Hilux, May, Indian, Vietnam, Honda, Indonesia, Mazda, Perodua, Geely, Asian, India, Malaysia, Chinese, Hyundai, Toyota, Asia, Consumers, Here, Philippines, It, OEM, Japanese, Kia, SUVs"
27,what car brands are most popular in Asia,https://www.sandgateautoelectrics.com.au/top-10-most-reliable-asian-car-brands/,,"Lexus, Hilux, May, Indian, Vietnam, Honda, Indonesia, Mazda, Perodua, Geely, Asian, India, Malaysia, Chinese, Hyundai, Toyota, Asia, Consumers, Here, Philippines, It, OEM, Japanese, Kia, SUVs"
27,what car brands are most popular in Asia,https://www.globalbrandsmagazine.com/top-10-car-brands-in-asia/,,"Lexus, Hilux, May, Indian, Vietnam, Honda, Indonesia, Mazda, Perodua, Geely, Asian, India, Malaysia, Chinese, Hyundai, Toyota, Asia, Consumers, Here, Philippines, It, OEM, Japanese, Kia, SUVs"
27,what car brands are most popular in Asia,,n.a,"Lexus, Hilux, May, Indian, Vietnam, Honda, Indonesia, Mazda, Perodua, Geely, Asian, India, Malaysia, Chinese, Hyundai, Toyota, Asia, Consumers, Here, Philippines, It, OEM, Japanese, Kia, SUVs"
27,what car brands are most popular in Asia,,n.a,"Lexus, Hilux, May, Indian, Vietnam, Honda, Indonesia, Mazda, Perodua, Geely, Asian, India, Malaysia, Chinese, Hyundai, Toyota, Asia, Consumers, Here, Philippines, It, OEM, Japanese, Kia, SUVs"
27,what car brands are most popular in Asia,,n.a,"Lexus, Hilux, May, Indian, Vietnam, Honda, Indonesia, Mazda, Perodua, Geely, Asian, India, Malaysia, Chinese, Hyundai, Toyota, Asia, Consumers, Here, Philippines, It, OEM, Japanese, Kia, SUVs"
27,what car brands are most popular in Asia,,n.a,"Lexus, Hilux, May, Indian, Vietnam, Honda, Indonesia, Mazda, Perodua, Geely, Asian, India, Malaysia, Chinese, Hyundai, Toyota, Asia, Consumers, Here, Philippines, It, OEM, Japanese, Kia, SUVs"
27,what car brands are most popular in Asia,,n.a,"Lexus, Hilux, May, Indian, Vietnam, Honda, Indonesia, Mazda, Perodua, Geely, Asian, India, Malaysia, Chinese, Hyundai, Toyota, Asia, Consumers, Here, Philippines, It, OEM, Japanese, Kia, SUVs"
27,what car brands are most popular in Asia,,n.a,"Lexus, Hilux, May, Indian, Vietnam, Honda, Indonesia, Mazda, Perodua, Geely, Asian, India, Malaysia, Chinese, Hyundai, Toyota, Asia, Consumers, Here, Philippines, It, OEM, Japanese, Kia, SUVs"
27,what car brands are most popular in Asia,,n.a,"Lexus, Hilux, May, Indian, Vietnam, Honda, Indonesia, Mazda, Perodua, Geely, Asian, India, Malaysia, Chinese, Hyundai, Toyota, Asia, Consumers, Here, Philippines, It, OEM, Japanese, Kia, SUVs"
28,which car brands are the most innovative,https://www.leasefetcher.co.uk/content/innovative-car-manufacturers,,"Additionally, SUVs, Mercedes-Benz, AI, Toyota, Rivian, BMW, Here, Seagull, Honda, BYD, EV, Known, China, My BMW, SUV"
28,which car brands are the most innovative,https://www.topspeed.com/most-innovative-automotive-brands/,,"Additionally, SUVs, Mercedes-Benz, AI, Toyota, Rivian, BMW, Here, Seagull, Honda, BYD, EV, Known, China, My BMW, SUV"
28,which car brands are the most innovative,https://www.fastcompany.com/91269087/automotive-most-innovative-companies-2025,,"Additionally, SUVs, Mercedes-Benz, AI, Toyota, Rivian, BMW, Here, Seagull, Honda, BYD, EV, Known, China, My BMW, SUV"
28,which car brands are the most innovative,https://www.vertumotors.com/news/revealed-the-car-brands-driving-automotive-innovation/,,"Additionally, SUVs, Mercedes-Benz, AI, Toyota, Rivian, BMW, Here, Seagull, Honda, BYD, EV, Known, China, My BMW, SUV"
28,which car brands are the most innovative,https://www.youtube.com/watch?v=MmeX25ItUjo,,"Additionally, SUVs, Mercedes-Benz, AI, Toyota, Rivian, BMW, Here, Seagull, Honda, BYD, EV, Known, China, My BMW, SUV"
28,which car brands are the most innovative,,n.a,"Additionally, SUVs, Mercedes-Benz, AI, Toyota, Rivian, BMW, Here, Seagull, Honda, BYD, EV, Known, China, My BMW, SUV"
28,which car brands are the most innovative,,n.a,"Additionally, SUVs, Mercedes-Benz, AI, Toyota, Rivian, BMW, Here, Seagull, Honda, BYD, EV, Known, China, My BMW, SUV"
28,which car brands are the most innovative,,n.a,"Additionally, SUVs, Mercedes-Benz, AI, Toyota, Rivian, BMW, Here, Seagull, Honda, BYD, EV, Known, China, My BMW, SUV"
28,which car brands are the most innovative,,n.a,"Additionally, SUVs, Mercedes-Benz, AI, Toyota, Rivian, BMW, Here, Seagull, Honda, BYD, EV, Known, China, My BMW, SUV"
28,which car brands are the most innovative,,n.a,"Additionally, SUVs, Mercedes-Benz, AI, Toyota, Rivian, BMW, Here, Seagull, Honda, BYD, EV, Known, China, My BMW, SUV"
28,which car brands are the most innovative,,n.a,"Additionally, SUVs, Mercedes-Benz, AI, Toyota, Rivian, BMW, Here, Seagull, Honda, BYD, EV, Known, China, My BMW, SUV"
29,what are the top SUV car brands,https://www.caranddriver.com/rankings/best-suvs,,"Hyundai Kona, Hyundai Palisade, Car, Compact SUVs, Mid-Size SUVs, Honda, Honda CR-V, Mazda, Driver, Chevrolet Tahoe, SUV, Kia Seltos, Kelley Blue, Hyundai, Chevrolet, Full-Size SUVs, Toyota, Book, Here, Subcompact SUVs, Mazda CX-, Kia Telluride, Kia, SUVs"
29,what are the top SUV car brands,https://www.kbb.com/suv/,,"Hyundai Kona, Hyundai Palisade, Car, Compact SUVs, Mid-Size SUVs, Honda, Honda CR-V, Mazda, Driver, Chevrolet Tahoe, SUV, Kia Seltos, Kelley Blue, Hyundai, Chevrolet, Full-Size SUVs, Toyota, Book, Here, Subcompact SUVs, Mazda CX-, Kia Telluride, Kia, SUVs"
29,what are the top SUV car brands,https://www.consumerreports.org/cars/suvs/,,"Hyundai Kona, Hyundai Palisade, Car, Compact SUVs, Mid-Size SUVs, Honda, Honda CR-V, Mazda, Driver, Chevrolet Tahoe, SUV, Kia Seltos, Kelley Blue, Hyundai, Chevrolet, Full-Size SUVs, Toyota, Book, Here, Subcompact SUVs, Mazda CX-, Kia Telluride, Kia, SUVs"
29,what are the top SUV car brands,https://www.edmunds.com/suv/,,"Hyundai Kona, Hyundai Palisade, Car, Compact SUVs, Mid-Size SUVs, Honda, Honda CR-V, Mazda, Driver, Chevrolet Tahoe, SUV, Kia Seltos, Kelley Blue, Hyundai, Chevrolet, Full-Size SUVs, Toyota, Book, Here, Subcompact SUVs, Mazda CX-, Kia Telluride, Kia, SUVs"
29,what are the top SUV car brands,https://caredge.com/best-popular-suvs,,"Hyundai Kona, Hyundai Palisade, Car, Compact SUVs, Mid-Size SUVs, Honda, Honda CR-V, Mazda, Driver, Chevrolet Tahoe, SUV, Kia Seltos, Kelley Blue, Hyundai, Chevrolet, Full-Size SUVs, Toyota, Book, Here, Subcompact SUVs, Mazda CX-, Kia Telluride, Kia, SUVs"
29,what are the top SUV car brands,,n.a,"Hyundai Kona, Hyundai Palisade, Car, Compact SUVs, Mid-Size SUVs, Honda, Honda CR-V, Mazda, Driver, Chevrolet Tahoe, SUV, Kia Seltos, Kelley Blue, Hyundai, Chevrolet, Full-Size SUVs, Toyota, Book, Here, Subcompact SUVs, Mazda CX-, Kia Telluride, Kia, SUVs"
29,what are the top SUV car brands,,n.a,"Hyundai Kona, Hyundai Palisade, Car, Compact SUVs, Mid-Size SUVs, Honda, Honda CR-V, Mazda, Driver, Chevrolet Tahoe, SUV, Kia Seltos, Kelley Blue, Hyundai, Chevrolet, Full-Size SUVs, Toyota, Book, Here, Subcompact SUVs, Mazda CX-, Kia Telluride, Kia, SUVs"
29,what are the top SUV car brands,,n.a,"Hyundai Kona, Hyundai Palisade, Car, Compact SUVs, Mid-Size SUVs, Honda, Honda CR-V, Mazda, Driver, Chevrolet Tahoe, SUV, Kia Seltos, Kelley Blue, Hyundai, Chevrolet, Full-Size SUVs, Toyota, Book, Here, Subcompact SUVs, Mazda CX-, Kia Telluride, Kia, SUVs"
29,what are the top SUV car brands,,n.a,"Hyundai Kona, Hyundai Palisade, Car, Compact SUVs, Mid-Size SUVs, Honda, Honda CR-V, Mazda, Driver, Chevrolet Tahoe, SUV, Kia Seltos, Kelley Blue, Hyundai, Chevrolet, Full-Size SUVs, Toyota, Book, Here, Subcompact SUVs, Mazda CX-, Kia Telluride, Kia, SUVs"
29,what are the top SUV car brands,,n.a,"Hyundai Kona, Hyundai Palisade, Car, Compact SUVs, Mid-Size SUVs, Honda, Honda CR-V, Mazda, Driver, Chevrolet Tahoe, SUV, Kia Seltos, Kelley Blue, Hyundai, Chevrolet, Full-Size SUVs, Toyota, Book, Here, Subcompact SUVs, Mazda CX-, Kia Telluride, Kia, SUVs"
29,what are the top SUV car brands,,n.a,"Hyundai Kona, Hyundai Palisade, Car, Compact SUVs, Mid-Size SUVs, Honda, Honda CR-V, Mazda, Driver, Chevrolet Tahoe, SUV, Kia Seltos, Kelley Blue, Hyundai, Chevrolet, Full-Size SUVs, Toyota, Book, Here, Subcompact SUVs, Mazda CX-, Kia Telluride, Kia, SUVs"
29,what are the top SUV car brands,,n.a,"Hyundai Kona, Hyundai Palisade, Car, Compact SUVs, Mid-Size SUVs, Honda, Honda CR-V, Mazda, Driver, Chevrolet Tahoe, SUV, Kia Seltos, Kelley Blue, Hyundai, Chevrolet, Full-Size SUVs, Toyota, Book, Here, Subcompact SUVs, Mazda CX-, Kia Telluride, Kia, SUVs"
30,which car brands have the best compact cars,https://www.caranddriver.com/rankings/best-sedans/compact,,"CarMax, Sources, Honda Civic, Car, Best Compact, Honda, Mazda, Driver, MSRP, Edmunds, Kelley Blue, Hyundai, Several, MPG, Toyota, Book, Here, Hyundai Elantra, Prius, It, Cars, Kia"
30,which car brands have the best compact cars,https://www.kbb.com/cars/best-compact-cars/,,"CarMax, Sources, Honda Civic, Car, Best Compact, Honda, Mazda, Driver, MSRP, Edmunds, Kelley Blue, Hyundai, Several, MPG, Toyota, Book, Here, Hyundai Elantra, Prius, It, Cars, Kia"
30,which car brands have the best compact cars,https://www.carmax.com/research/best-compact-cars,,"CarMax, Sources, Honda Civic, Car, Best Compact, Honda, Mazda, Driver, MSRP, Edmunds, Kelley Blue, Hyundai, Several, MPG, Toyota, Book, Here, Hyundai Elantra, Prius, It, Cars, Kia"
30,which car brands have the best compact cars,https://www.edmunds.com/compact/,,"CarMax, Sources, Honda Civic, Car, Best Compact, Honda, Mazda, Driver, MSRP, Edmunds, Kelley Blue, Hyundai, Several, MPG, Toyota, Book, Here, Hyundai Elantra, Prius, It, Cars, Kia"
30,which car brands have the best compact cars,https://www.youtube.com/watch?v=9-b2CrhsXek,,"CarMax, Sources, Honda Civic, Car, Best Compact, Honda, Mazda, Driver, MSRP, Edmunds, Kelley Blue, Hyundai, Several, MPG, Toyota, Book, Here, Hyundai Elantra, Prius, It, Cars, Kia"
30,which car brands have the best compact cars,,n.a,"CarMax, Sources, Honda Civic, Car, Best Compact, Honda, Mazda, Driver, MSRP, Edmunds, Kelley Blue, Hyundai, Several, MPG, Toyota, Book, Here, Hyundai Elantra, Prius, It, Cars, Kia"
30,which car brands have the best compact cars,,n.a,"CarMax, Sources, Honda Civic, Car, Best Compact, Honda, Mazda, Driver, MSRP, Edmunds, Kelley Blue, Hyundai, Several, MPG, Toyota, Book, Here, Hyundai Elantra, Prius, It, Cars, Kia"
30,which car brands have the best compact cars,,n.a,"CarMax, Sources, Honda Civic, Car, Best Compact, Honda, Mazda, Driver, MSRP, Edmunds, Kelley Blue, Hyundai, Several, MPG, Toyota, Book, Here, Hyundai Elantra, Prius, It, Cars, Kia"
30,which car brands have the best compact cars,,n.a,"CarMax, Sources, Honda Civic, Car, Best Compact, Honda, Mazda, Driver, MSRP, Edmunds, Kelley Blue, Hyundai, Several, MPG, Toyota, Book, Here, Hyundai Elantra, Prius, It, Cars, Kia"
30,which car brands have the best compact cars,,n.a,"CarMax, Sources, Honda Civic, Car, Best Compact, Honda, Mazda, Driver, MSRP, Edmunds, Kelley Blue, Hyundai, Several, MPG, Toyota, Book, Here, Hyundai Elantra, Prius, It, Cars, Kia"
30,which car brands have the best compact cars,,n.a,"CarMax, Sources, Honda Civic, Car, Best Compact, Honda, Mazda, Driver, MSRP, Edmunds, Kelley Blue, Hyundai, Several, MPG, Toyota, Book, Here, Hyundai Elantra, Prius, It, Cars, Kia"
31,what car brands are considered premium,https://www.edmunds.com/car-buying/luxury-car-brands.html,,"Cadillac, Macan, Bentley, Sources, Lexus, Ferrari, Macan Electric, Mercedes-Benz, European, Acura, British, As, Honda, Known, Best Luxury, Integra Type, What Are, Wikipedia, Taycan, Japan, EVs, Edmunds, Top, EV, XM, Its, Luxury, Series, CarsGuide, Several, Auto Group, Luxury Car, Renowned, BMW, AMG, Here, Genesis, NSX, It, Cayenne, One, SUVs"
31,what car brands are considered premium,https://www.rusnakcars.com/manufacturer-information/what-is-a-luxury-car/,,"Cadillac, Macan, Bentley, Sources, Lexus, Ferrari, Macan Electric, Mercedes-Benz, European, Acura, British, As, Honda, Known, Best Luxury, Integra Type, What Are, Wikipedia, Taycan, Japan, EVs, Edmunds, Top, EV, XM, Its, Luxury, Series, CarsGuide, Several, Auto Group, Luxury Car, Renowned, BMW, AMG, Here, Genesis, NSX, It, Cayenne, One, SUVs"
31,what car brands are considered premium,https://clementpreowned.com/blog/best-luxury-car-brands,,"Cadillac, Macan, Bentley, Sources, Lexus, Ferrari, Macan Electric, Mercedes-Benz, European, Acura, British, As, Honda, Known, Best Luxury, Integra Type, What Are, Wikipedia, Taycan, Japan, EVs, Edmunds, Top, EV, XM, Its, Luxury, Series, CarsGuide, Several, Auto Group, Luxury Car, Renowned, BMW, AMG, Here, Genesis, NSX, It, Cayenne, One, SUVs"
31,what car brands are considered premium,https://www.carsguide.com.au/car-advice/the-worlds-top-10-luxury-car-brands-89659,,"Cadillac, Macan, Bentley, Sources, Lexus, Ferrari, Macan Electric, Mercedes-Benz, European, Acura, British, As, Honda, Known, Best Luxury, Integra Type, What Are, Wikipedia, Taycan, Japan, EVs, Edmunds, Top, EV, XM, Its, Luxury, Series, CarsGuide, Several, Auto Group, Luxury Car, Renowned, BMW, AMG, Here, Genesis, NSX, It, Cayenne, One, SUVs"
31,what car brands are considered premium,https://en.wikipedia.org/wiki/Luxury_car,,"Cadillac, Macan, Bentley, Sources, Lexus, Ferrari, Macan Electric, Mercedes-Benz, European, Acura, British, As, Honda, Known, Best Luxury, Integra Type, What Are, Wikipedia, Taycan, Japan, EVs, Edmunds, Top, EV, XM, Its, Luxury, Series, CarsGuide, Several, Auto Group, Luxury Car, Renowned, BMW, AMG, Here, Genesis, NSX, It, Cayenne, One, SUVs"
31,what car brands are considered premium,,n.a,"Cadillac, Macan, Bentley, Sources, Lexus, Ferrari, Macan Electric, Mercedes-Benz, European, Acura, British, As, Honda, Known, Best Luxury, Integra Type, What Are, Wikipedia, Taycan, Japan, EVs, Edmunds, Top, EV, XM, Its, Luxury, Series, CarsGuide, Several, Auto Group, Luxury Car, Renowned, BMW, AMG, Here, Genesis, NSX, It, Cayenne, One, SUVs"
31,what car brands are considered premium,,n.a,"Cadillac, Macan, Bentley, Sources, Lexus, Ferrari, Macan Electric, Mercedes-Benz, European, Acura, British, As, Honda, Known, Best Luxury, Integra Type, What Are, Wikipedia, Taycan, Japan, EVs, Edmunds, Top, EV, XM, Its, Luxury, Series, CarsGuide, Several, Auto Group, Luxury Car, Renowned, BMW, AMG, Here, Genesis, NSX, It, Cayenne, One, SUVs"
31,what car brands are considered premium,,n.a,"Cadillac, Macan, Bentley, Sources, Lexus, Ferrari, Macan Electric, Mercedes-Benz, European, Acura, British, As, Honda, Known, Best Luxury, Integra Type, What Are, Wikipedia, Taycan, Japan, EVs, Edmunds, Top, EV, XM, Its, Luxury, Series, CarsGuide, Several, Auto Group, Luxury Car, Renowned, BMW, AMG, Here, Genesis, NSX, It, Cayenne, One, SUVs"
31,what car brands are considered premium,,n.a,"Cadillac, Macan, Bentley, Sources, Lexus, Ferrari, Macan Electric, Mercedes-Benz, European, Acura, British, As, Honda, Known, Best Luxury, Integra Type, What Are, Wikipedia, Taycan, Japan, EVs, Edmunds, Top, EV, XM, Its, Luxury, Series, CarsGuide, Several, Auto Group, Luxury Car, Renowned, BMW, AMG, Here, Genesis, NSX, It, Cayenne, One, SUVs"
31,what car brands are considered premium,,n.a,"Cadillac, Macan, Bentley, Sources, Lexus, Ferrari, Macan Electric, Mercedes-Benz, European, Acura, British, As, Honda, Known, Best Luxury, Integra Type, What Are, Wikipedia, Taycan, Japan, EVs, Edmunds, Top, EV, XM, Its, Luxury, Series, CarsGuide, Several, Auto Group, Luxury Car, Renowned, BMW, AMG, Here, Genesis, NSX, It, Cayenne, One, SUVs"
31,what car brands are considered premium,,n.a,"Cadillac, Macan, Bentley, Sources, Lexus, Ferrari, Macan Electric, Mercedes-Benz, European, Acura, British, As, Honda, Known, Best Luxury, Integra Type, What Are, Wikipedia, Taycan, Japan, EVs, Edmunds, Top, EV, XM, Its, Luxury, Series, CarsGuide, Several, Auto Group, Luxury Car, Renowned, BMW, AMG, Here, Genesis, NSX, It, Cayenne, One, SUVs"
31,what car brands are considered premium,,n.a,"Cadillac, Macan, Bentley, Sources, Lexus, Ferrari, Macan Electric, Mercedes-Benz, European, Acura, British, As, Honda, Known, Best Luxury, Integra Type, What Are, Wikipedia, Taycan, Japan, EVs, Edmunds, Top, EV, XM, Its, Luxury, Series, CarsGuide, Several, Auto Group, Luxury Car, Renowned, BMW, AMG, Here, Genesis, NSX, It, Cayenne, One, SUVs"
31,what car brands are considered premium,,n.a,"Cadillac, Macan, Bentley, Sources, Lexus, Ferrari, Macan Electric, Mercedes-Benz, European, Acura, British, As, Honda, Known, Best Luxury, Integra Type, What Are, Wikipedia, Taycan, Japan, EVs, Edmunds, Top, EV, XM, Its, Luxury, Series, CarsGuide, Several, Auto Group, Luxury Car, Renowned, BMW, AMG, Here, Genesis, NSX, It, Cayenne, One, SUVs"
31,what car brands are considered premium,,n.a,"Cadillac, Macan, Bentley, Sources, Lexus, Ferrari, Macan Electric, Mercedes-Benz, European, Acura, British, As, Honda, Known, Best Luxury, Integra Type, What Are, Wikipedia, Taycan, Japan, EVs, Edmunds, Top, EV, XM, Its, Luxury, Series, CarsGuide, Several, Auto Group, Luxury Car, Renowned, BMW, AMG, Here, Genesis, NSX, It, Cayenne, One, SUVs"
31,what car brands are considered premium,,n.a,"Cadillac, Macan, Bentley, Sources, Lexus, Ferrari, Macan Electric, Mercedes-Benz, European, Acura, British, As, Honda, Known, Best Luxury, Integra Type, What Are, Wikipedia, Taycan, Japan, EVs, Edmunds, Top, EV, XM, Its, Luxury, Series, CarsGuide, Several, Auto Group, Luxury Car, Renowned, BMW, AMG, Here, Genesis, NSX, It, Cayenne, One, SUVs"
32,which car brands are the most reliable used,https://www.consumerreports.org/cars/used-car-brand-reliability-a2811658468/,,"Toyota, Acura, Lexus, Honda, Mazda, Civic, It, Known, CR-V"
32,which car brands are the most reliable used,https://www.cars.com/articles/consumer-reports-what-brand-makes-the-most-reliable-cars-488650/,,"Toyota, Acura, Lexus, Honda, Mazda, Civic, It, Known, CR-V"
32,which car brands are the most reliable used,https://www.kaizenauto.com/best-used-car-brands-for-reliability/,,"Toyota, Acura, Lexus, Honda, Mazda, Civic, It, Known, CR-V"
32,which car brands are the most reliable used,https://www.rateworks.com/blog-article/best-used-car-brands,,"Toyota, Acura, Lexus, Honda, Mazda, Civic, It, Known, CR-V"
32,which car brands are the most reliable used,https://www.carpro.com/blog/consumer-reports-top-10-most-reliable-used-cars-under-20000,,"Toyota, Acura, Lexus, Honda, Mazda, Civic, It, Known, CR-V"
32,which car brands are the most reliable used,,n.a,"Toyota, Acura, Lexus, Honda, Mazda, Civic, It, Known, CR-V"
32,which car brands are the most reliable used,,n.a,"Toyota, Acura, Lexus, Honda, Mazda, Civic, It, Known, CR-V"
32,which car brands are the most reliable used,,n.a,"Toyota, Acura, Lexus, Honda, Mazda, Civic, It, Known, CR-V"
32,which car brands are the most reliable used,,n.a,"Toyota, Acura, Lexus, Honda, Mazda, Civic, It, Known, CR-V"
32,which car brands are the most reliable used,,n.a,"Toyota, Acura, Lexus, Honda, Mazda, Civic, It, Known, CR-V"
33,what are the best car brands for road trips,https://www.thezebra.com/resources/car-insurance/best-cars-for-road-trips/,,"Lane Departure, Disrupts, Boasts, Topped Cars, Subaru Outback, Jeep, Subaru, Warning, Automatic Emergency, Honda, Honda CR-V, Mazda, Wagoneer, Control, Known, Hybrid, SUV, BlueCruise, Toyota Avalon, Kia Telluride, Equipped, Braking, Hyundai, Offers, Pushes, Several, Toyota, Apple CarPlay, Renowned, Here, Praised, Features, Genesis, Adaptive Cruise, It, Mazda CX-, Hyundai Ioniq, Kia"
33,what are the best car brands for road trips,https://www.cars.com/articles/planning-a-road-trip-here-are-cars-coms-best-road-trip-car-picks-483775/,,"Lane Departure, Disrupts, Boasts, Topped Cars, Subaru Outback, Jeep, Subaru, Warning, Automatic Emergency, Honda, Honda CR-V, Mazda, Wagoneer, Control, Known, Hybrid, SUV, BlueCruise, Toyota Avalon, Kia Telluride, Equipped, Braking, Hyundai, Offers, Pushes, Several, Toyota, Apple CarPlay, Renowned, Here, Praised, Features, Genesis, Adaptive Cruise, It, Mazda CX-, Hyundai Ioniq, Kia"
33,what are the best car brands for road trips,https://www.youtube.com/watch?v=eCqpN7Gb7T8,,"Lane Departure, Disrupts, Boasts, Topped Cars, Subaru Outback, Jeep, Subaru, Warning, Automatic Emergency, Honda, Honda CR-V, Mazda, Wagoneer, Control, Known, Hybrid, SUV, BlueCruise, Toyota Avalon, Kia Telluride, Equipped, Braking, Hyundai, Offers, Pushes, Several, Toyota, Apple CarPlay, Renowned, Here, Praised, Features, Genesis, Adaptive Cruise, It, Mazda CX-, Hyundai Ioniq, Kia"
33,what are the best car brands for road trips,https://www.moderntraveller.ca/home/the-best-cars-for-road-trips-in-2024,,"Lane Departure, Disrupts, Boasts, Topped Cars, Subaru Outback, Jeep, Subaru, Warning, Automatic Emergency, Honda, Honda CR-V, Mazda, Wagoneer, Control, Known, Hybrid, SUV, BlueCruise, Toyota Avalon, Kia Telluride, Equipped, Braking, Hyundai, Offers, Pushes, Several, Toyota, Apple CarPlay, Renowned, Here, Praised, Features, Genesis, Adaptive Cruise, It, Mazda CX-, Hyundai Ioniq, Kia"
33,what are the best car brands for road trips,https://agirlsguidetocars.com/best-cars-for-road-trips/,,"Lane Departure, Disrupts, Boasts, Topped Cars, Subaru Outback, Jeep, Subaru, Warning, Automatic Emergency, Honda, Honda CR-V, Mazda, Wagoneer, Control, Known, Hybrid, SUV, BlueCruise, Toyota Avalon, Kia Telluride, Equipped, Braking, Hyundai, Offers, Pushes, Several, Toyota, Apple CarPlay, Renowned, Here, Praised, Features, Genesis, Adaptive Cruise, It, Mazda CX-, Hyundai Ioniq, Kia"
33,what are the best car brands for road trips,,n.a,"Lane Departure, Disrupts, Boasts, Topped Cars, Subaru Outback, Jeep, Subaru, Warning, Automatic Emergency, Honda, Honda CR-V, Mazda, Wagoneer, Control, Known, Hybrid, SUV, BlueCruise, Toyota Avalon, Kia Telluride, Equipped, Braking, Hyundai, Offers, Pushes, Several, Toyota, Apple CarPlay, Renowned, Here, Praised, Features, Genesis, Adaptive Cruise, It, Mazda CX-, Hyundai Ioniq, Kia"
33,what are the best car brands for road trips,,n.a,"Lane Departure, Disrupts, Boasts, Topped Cars, Subaru Outback, Jeep, Subaru, Warning, Automatic Emergency, Honda, Honda CR-V, Mazda, Wagoneer, Control, Known, Hybrid, SUV, BlueCruise, Toyota Avalon, Kia Telluride, Equipped, Braking, Hyundai, Offers, Pushes, Several, Toyota, Apple CarPlay, Renowned, Here, Praised, Features, Genesis, Adaptive Cruise, It, Mazda CX-, Hyundai Ioniq, Kia"
33,what are the best car brands for road trips,,n.a,"Lane Departure, Disrupts, Boasts, Topped Cars, Subaru Outback, Jeep, Subaru, Warning, Automatic Emergency, Honda, Honda CR-V, Mazda, Wagoneer, Control, Known, Hybrid, SUV, BlueCruise, Toyota Avalon, Kia Telluride, Equipped, Braking, Hyundai, Offers, Pushes, Several, Toyota, Apple CarPlay, Renowned, Here, Praised, Features, Genesis, Adaptive Cruise, It, Mazda CX-, Hyundai Ioniq, Kia"
33,what are the best car brands for road trips,,n.a,"Lane Departure, Disrupts, Boasts, Topped Cars, Subaru Outback, Jeep, Subaru, Warning, Automatic Emergency, Honda, Honda CR-V, Mazda, Wagoneer, Control, Known, Hybrid, SUV, BlueCruise, Toyota Avalon, Kia Telluride, Equipped, Braking, Hyundai, Offers, Pushes, Several, Toyota, Apple CarPlay, Renowned, Here, Praised, Features, Genesis, Adaptive Cruise, It, Mazda CX-, Hyundai Ioniq, Kia"
33,what are the best car brands for road trips,,n.a,"Lane Departure, Disrupts, Boasts, Topped Cars, Subaru Outback, Jeep, Subaru, Warning, Automatic Emergency, Honda, Honda CR-V, Mazda, Wagoneer, Control, Known, Hybrid, SUV, BlueCruise, Toyota Avalon, Kia Telluride, Equipped, Braking, Hyundai, Offers, Pushes, Several, Toyota, Apple CarPlay, Renowned, Here, Praised, Features, Genesis, Adaptive Cruise, It, Mazda CX-, Hyundai Ioniq, Kia"
33,what are the best car brands for road trips,,n.a,"Lane Departure, Disrupts, Boasts, Topped Cars, Subaru Outback, Jeep, Subaru, Warning, Automatic Emergency, Honda, Honda CR-V, Mazda, Wagoneer, Control, Known, Hybrid, SUV, BlueCruise, Toyota Avalon, Kia Telluride, Equipped, Braking, Hyundai, Offers, Pushes, Several, Toyota, Apple CarPlay, Renowned, Here, Praised, Features, Genesis, Adaptive Cruise, It, Mazda CX-, Hyundai Ioniq, Kia"
34,which car brands have the best interiors,https://www.slashgear.com/1751236/car-brands-nicest-interiors/,,"TT, Volvo, Sources, Carwow, Often, Jaguar, Mercedes-Benz, Known, Century, Nine, Best Car, Commended, Taycan, Recognized, Road, Top Gear, Series, GLC-Class, Several, BMW, Here, Praised, SlashGear, Audi, Tron GT, Genesis, S-Class, Cars, Track"
34,which car brands have the best interiors,https://www.roadandtrack.com/new-cars/g22496899/best-new-car-interiors/,,"TT, Volvo, Sources, Carwow, Often, Jaguar, Mercedes-Benz, Known, Century, Nine, Best Car, Commended, Taycan, Recognized, Road, Top Gear, Series, GLC-Class, Several, BMW, Here, Praised, SlashGear, Audi, Tron GT, Genesis, S-Class, Cars, Track"
34,which car brands have the best interiors,https://www.topgear.com/car-news/list/nine-best-car-interiors-21st-century,,"TT, Volvo, Sources, Carwow, Often, Jaguar, Mercedes-Benz, Known, Century, Nine, Best Car, Commended, Taycan, Recognized, Road, Top Gear, Series, GLC-Class, Several, BMW, Here, Praised, SlashGear, Audi, Tron GT, Genesis, S-Class, Cars, Track"
34,which car brands have the best interiors,https://www.carwow.co.uk/best/car-interiors,,"TT, Volvo, Sources, Carwow, Often, Jaguar, Mercedes-Benz, Known, Century, Nine, Best Car, Commended, Taycan, Recognized, Road, Top Gear, Series, GLC-Class, Several, BMW, Here, Praised, SlashGear, Audi, Tron GT, Genesis, S-Class, Cars, Track"
34,which car brands have the best interiors,https://www.cnet.com/roadshow/pictures/these-are-the-10-best-car-interiors-according-to-wards-auto/,,"TT, Volvo, Sources, Carwow, Often, Jaguar, Mercedes-Benz, Known, Century, Nine, Best Car, Commended, Taycan, Recognized, Road, Top Gear, Series, GLC-Class, Several, BMW, Here, Praised, SlashGear, Audi, Tron GT, Genesis, S-Class, Cars, Track"
34,which car brands have the best interiors,,n.a,"TT, Volvo, Sources, Carwow, Often, Jaguar, Mercedes-Benz, Known, Century, Nine, Best Car, Commended, Taycan, Recognized, Road, Top Gear, Series, GLC-Class, Several, BMW, Here, Praised, SlashGear, Audi, Tron GT, Genesis, S-Class, Cars, Track"
34,which car brands have the best interiors,,n.a,"TT, Volvo, Sources, Carwow, Often, Jaguar, Mercedes-Benz, Known, Century, Nine, Best Car, Commended, Taycan, Recognized, Road, Top Gear, Series, GLC-Class, Several, BMW, Here, Praised, SlashGear, Audi, Tron GT, Genesis, S-Class, Cars, Track"
34,which car brands have the best interiors,,n.a,"TT, Volvo, Sources, Carwow, Often, Jaguar, Mercedes-Benz, Known, Century, Nine, Best Car, Commended, Taycan, Recognized, Road, Top Gear, Series, GLC-Class, Several, BMW, Here, Praised, SlashGear, Audi, Tron GT, Genesis, S-Class, Cars, Track"
34,which car brands have the best interiors,,n.a,"TT, Volvo, Sources, Carwow, Often, Jaguar, Mercedes-Benz, Known, Century, Nine, Best Car, Commended, Taycan, Recognized, Road, Top Gear, Series, GLC-Class, Several, BMW, Here, Praised, SlashGear, Audi, Tron GT, Genesis, S-Class, Cars, Track"
34,which car brands have the best interiors,,n.a,"TT, Volvo, Sources, Carwow, Often, Jaguar, Mercedes-Benz, Known, Century, Nine, Best Car, Commended, Taycan, Recognized, Road, Top Gear, Series, GLC-Class, Several, BMW, Here, Praised, SlashGear, Audi, Tron GT, Genesis, S-Class, Cars, Track"
34,which car brands have the best interiors,,n.a,"TT, Volvo, Sources, Carwow, Often, Jaguar, Mercedes-Benz, Known, Century, Nine, Best Car, Commended, Taycan, Recognized, Road, Top Gear, Series, GLC-Class, Several, BMW, Here, Praised, SlashGear, Audi, Tron GT, Genesis, S-Class, Cars, Track"
34,which car brands have the best interiors,,n.a,"TT, Volvo, Sources, Carwow, Often, Jaguar, Mercedes-Benz, Known, Century, Nine, Best Car, Commended, Taycan, Recognized, Road, Top Gear, Series, GLC-Class, Several, BMW, Here, Praised, SlashGear, Audi, Tron GT, Genesis, S-Class, Cars, Track"
34,which car brands have the best interiors,,n.a,"TT, Volvo, Sources, Carwow, Often, Jaguar, Mercedes-Benz, Known, Century, Nine, Best Car, Commended, Taycan, Recognized, Road, Top Gear, Series, GLC-Class, Several, BMW, Here, Praised, SlashGear, Audi, Tron GT, Genesis, S-Class, Cars, Track"
34,which car brands have the best interiors,,n.a,"TT, Volvo, Sources, Carwow, Often, Jaguar, Mercedes-Benz, Known, Century, Nine, Best Car, Commended, Taycan, Recognized, Road, Top Gear, Series, GLC-Class, Several, BMW, Here, Praised, SlashGear, Audi, Tron GT, Genesis, S-Class, Cars, Track"
35,what car brands are best for city driving,https://www.kbb.com/best-cars/commuter-cars/,,"Subaru Impreza, Honda Civic, Subaru, This, Honda, Mazda, Known, While, Hyundai, Series, Several, Toyota, AEB, Apple CarPlay, Toyota Prius, BMW, Here, Hyundai Elantra, Civic, Prius, It"
35,what car brands are best for city driving,https://blog.autobidmaster.com/2024/09/best-cars-for-the-city-top-picks-for-urban-driving/,,"Subaru Impreza, Honda Civic, Subaru, This, Honda, Mazda, Known, While, Hyundai, Series, Several, Toyota, AEB, Apple CarPlay, Toyota Prius, BMW, Here, Hyundai Elantra, Civic, Prius, It"
35,what car brands are best for city driving,https://www.caranddriver.com/rankings/best-sedans/gas-mileage,,"Subaru Impreza, Honda Civic, Subaru, This, Honda, Mazda, Known, While, Hyundai, Series, Several, Toyota, AEB, Apple CarPlay, Toyota Prius, BMW, Here, Hyundai Elantra, Civic, Prius, It"
35,what car brands are best for city driving,https://www.topgear.com/car-news/top-gear-advice/top-gears-top-10-city-cars,,"Subaru Impreza, Honda Civic, Subaru, This, Honda, Mazda, Known, While, Hyundai, Series, Several, Toyota, AEB, Apple CarPlay, Toyota Prius, BMW, Here, Hyundai Elantra, Civic, Prius, It"
35,what car brands are best for city driving,https://www.roadandtrack.com/car-culture/g6604/here-are-10-perfect-cars-for-city-driving/,,"Subaru Impreza, Honda Civic, Subaru, This, Honda, Mazda, Known, While, Hyundai, Series, Several, Toyota, AEB, Apple CarPlay, Toyota Prius, BMW, Here, Hyundai Elantra, Civic, Prius, It"
35,what car brands are best for city driving,,n.a,"Subaru Impreza, Honda Civic, Subaru, This, Honda, Mazda, Known, While, Hyundai, Series, Several, Toyota, AEB, Apple CarPlay, Toyota Prius, BMW, Here, Hyundai Elantra, Civic, Prius, It"
35,what car brands are best for city driving,,n.a,"Subaru Impreza, Honda Civic, Subaru, This, Honda, Mazda, Known, While, Hyundai, Series, Several, Toyota, AEB, Apple CarPlay, Toyota Prius, BMW, Here, Hyundai Elantra, Civic, Prius, It"
35,what car brands are best for city driving,,n.a,"Subaru Impreza, Honda Civic, Subaru, This, Honda, Mazda, Known, While, Hyundai, Series, Several, Toyota, AEB, Apple CarPlay, Toyota Prius, BMW, Here, Hyundai Elantra, Civic, Prius, It"
35,what car brands are best for city driving,,n.a,"Subaru Impreza, Honda Civic, Subaru, This, Honda, Mazda, Known, While, Hyundai, Series, Several, Toyota, AEB, Apple CarPlay, Toyota Prius, BMW, Here, Hyundai Elantra, Civic, Prius, It"
35,what car brands are best for city driving,,n.a,"Subaru Impreza, Honda Civic, Subaru, This, Honda, Mazda, Known, While, Hyundai, Series, Several, Toyota, AEB, Apple CarPlay, Toyota Prius, BMW, Here, Hyundai Elantra, Civic, Prius, It"
35,what car brands are best for city driving,,n.a,"Subaru Impreza, Honda Civic, Subaru, This, Honda, Mazda, Known, While, Hyundai, Series, Several, Toyota, AEB, Apple CarPlay, Toyota Prius, BMW, Here, Hyundai Elantra, Civic, Prius, It"
36,which car brands are known for off-road vehicles,https://www.roadandtrack.com/new-cars/g6793/best-off-road-vehicles-cars/,,"Bombardier Recreational, Wrangler, ATVs, Inc, Jeep, Arctic Cat, Mercedes-Benz, Polaris Inc, Additional Off-Road, Ltd, Vehicle Companies, Known, Products Inc, SUV, Beyond, Co, Provides, UTVs, Several, Toyota, Jeep Wrangler, Specializes, Europe, Offers"
36,which car brands are known for off-road vehicles,https://en.wikipedia.org/wiki/Category:Off-road_vehicles,,"Bombardier Recreational, Wrangler, ATVs, Inc, Jeep, Arctic Cat, Mercedes-Benz, Polaris Inc, Additional Off-Road, Ltd, Vehicle Companies, Known, Products Inc, SUV, Beyond, Co, Provides, UTVs, Several, Toyota, Jeep Wrangler, Specializes, Europe, Offers"
36,which car brands are known for off-road vehicles,https://www.whatcar.com/best/4x4s-for-off-roading/n26188,,"Bombardier Recreational, Wrangler, ATVs, Inc, Jeep, Arctic Cat, Mercedes-Benz, Polaris Inc, Additional Off-Road, Ltd, Vehicle Companies, Known, Products Inc, SUV, Beyond, Co, Provides, UTVs, Several, Toyota, Jeep Wrangler, Specializes, Europe, Offers"
36,which car brands are known for off-road vehicles,https://www.mordorintelligence.com/industry-reports/off-road-vehicle-market/companies,,"Bombardier Recreational, Wrangler, ATVs, Inc, Jeep, Arctic Cat, Mercedes-Benz, Polaris Inc, Additional Off-Road, Ltd, Vehicle Companies, Known, Products Inc, SUV, Beyond, Co, Provides, UTVs, Several, Toyota, Jeep Wrangler, Specializes, Europe, Offers"
36,which car brands are known for off-road vehicles,https://douradocars.com/list-of-luxury-car-brands-off-roading/,,"Bombardier Recreational, Wrangler, ATVs, Inc, Jeep, Arctic Cat, Mercedes-Benz, Polaris Inc, Additional Off-Road, Ltd, Vehicle Companies, Known, Products Inc, SUV, Beyond, Co, Provides, UTVs, Several, Toyota, Jeep Wrangler, Specializes, Europe, Offers"
36,which car brands are known for off-road vehicles,,n.a,"Bombardier Recreational, Wrangler, ATVs, Inc, Jeep, Arctic Cat, Mercedes-Benz, Polaris Inc, Additional Off-Road, Ltd, Vehicle Companies, Known, Products Inc, SUV, Beyond, Co, Provides, UTVs, Several, Toyota, Jeep Wrangler, Specializes, Europe, Offers"
36,which car brands are known for off-road vehicles,,n.a,"Bombardier Recreational, Wrangler, ATVs, Inc, Jeep, Arctic Cat, Mercedes-Benz, Polaris Inc, Additional Off-Road, Ltd, Vehicle Companies, Known, Products Inc, SUV, Beyond, Co, Provides, UTVs, Several, Toyota, Jeep Wrangler, Specializes, Europe, Offers"
36,which car brands are known for off-road vehicles,,n.a,"Bombardier Recreational, Wrangler, ATVs, Inc, Jeep, Arctic Cat, Mercedes-Benz, Polaris Inc, Additional Off-Road, Ltd, Vehicle Companies, Known, Products Inc, SUV, Beyond, Co, Provides, UTVs, Several, Toyota, Jeep Wrangler, Specializes, Europe, Offers"
37,what car brands are popular in Germany,https://www.best-selling-cars.com/germany/2024-full-year-germany-best-selling-car-brands/,,"Passat, In Germany, Mercedes-Benz, Volkswagen Group, Specializing, BMW, Volkswagen, German, Golf, Founded, Polo, Audi, Germany, It, Known, Tiguan, SUVs"
37,what car brands are popular in Germany,https://www.finn.com/en-US/campaign/germanys-most-popular-cars,,"Passat, In Germany, Mercedes-Benz, Volkswagen Group, Specializing, BMW, Volkswagen, German, Golf, Founded, Polo, Audi, Germany, It, Known, Tiguan, SUVs"
37,what car brands are popular in Germany,https://www.statista.com/statistics/1005525/most-popular-car-brands-by-ownership-germany/,,"Passat, In Germany, Mercedes-Benz, Volkswagen Group, Specializing, BMW, Volkswagen, German, Golf, Founded, Polo, Audi, Germany, It, Known, Tiguan, SUVs"
37,what car brands are popular in Germany,https://www.madmanmotors.com.au/blog/top-7-german-car-brands-a-must-read-for-car-enthusiasts/,,"Passat, In Germany, Mercedes-Benz, Volkswagen Group, Specializing, BMW, Volkswagen, German, Golf, Founded, Polo, Audi, Germany, It, Known, Tiguan, SUVs"
37,what car brands are popular in Germany,https://www.germanspecialists.co.uk/news/the-big-5-german-automakers/,,"Passat, In Germany, Mercedes-Benz, Volkswagen Group, Specializing, BMW, Volkswagen, German, Golf, Founded, Polo, Audi, Germany, It, Known, Tiguan, SUVs"
37,what car brands are popular in Germany,,n.a,"Passat, In Germany, Mercedes-Benz, Volkswagen Group, Specializing, BMW, Volkswagen, German, Golf, Founded, Polo, Audi, Germany, It, Known, Tiguan, SUVs"
37,what car brands are popular in Germany,,n.a,"Passat, In Germany, Mercedes-Benz, Volkswagen Group, Specializing, BMW, Volkswagen, German, Golf, Founded, Polo, Audi, Germany, It, Known, Tiguan, SUVs"
37,what car brands are popular in Germany,,n.a,"Passat, In Germany, Mercedes-Benz, Volkswagen Group, Specializing, BMW, Volkswagen, German, Golf, Founded, Polo, Audi, Germany, It, Known, Tiguan, SUVs"
37,what car brands are popular in Germany,,n.a,"Passat, In Germany, Mercedes-Benz, Volkswagen Group, Specializing, BMW, Volkswagen, German, Golf, Founded, Polo, Audi, Germany, It, Known, Tiguan, SUVs"
37,what car brands are popular in Germany,,n.a,"Passat, In Germany, Mercedes-Benz, Volkswagen Group, Specializing, BMW, Volkswagen, German, Golf, Founded, Polo, Audi, Germany, It, Known, Tiguan, SUVs"
38,which car brands produce the best electric SUVs,https://www.thestreet.com/automotive/top-10-electric-suvs-that-arent-tesla,,"Tesla, However, Volvo, Touring, EV Magazine, Sources, Recharge Pure, Jaguar, Car, Genesis Electrified, Electric, I-Pace, Driver, SUV, As Hyundai, Top, Electric SUVs, Top Gear, Hyundai, Models, Electric Cars, Several, Best Electric, BMW, Here, Audi, Genesis, Hyundai Ioniq, That Aren, Kia, SUVs"
38,which car brands produce the best electric SUVs,https://www.caranddriver.com/rankings/best-suvs/electric,,"Tesla, However, Volvo, Touring, EV Magazine, Sources, Recharge Pure, Jaguar, Car, Genesis Electrified, Electric, I-Pace, Driver, SUV, As Hyundai, Top, Electric SUVs, Top Gear, Hyundai, Models, Electric Cars, Several, Best Electric, BMW, Here, Audi, Genesis, Hyundai Ioniq, That Aren, Kia, SUVs"
38,which car brands produce the best electric SUVs,https://www.whatcar.com/best/electric-suvs/n23038,,"Tesla, However, Volvo, Touring, EV Magazine, Sources, Recharge Pure, Jaguar, Car, Genesis Electrified, Electric, I-Pace, Driver, SUV, As Hyundai, Top, Electric SUVs, Top Gear, Hyundai, Models, Electric Cars, Several, Best Electric, BMW, Here, Audi, Genesis, Hyundai Ioniq, That Aren, Kia, SUVs"
38,which car brands produce the best electric SUVs,https://www.topgear.com/car-news/electric/top-gears-top-20-electric-cars,,"Tesla, However, Volvo, Touring, EV Magazine, Sources, Recharge Pure, Jaguar, Car, Genesis Electrified, Electric, I-Pace, Driver, SUV, As Hyundai, Top, Electric SUVs, Top Gear, Hyundai, Models, Electric Cars, Several, Best Electric, BMW, Here, Audi, Genesis, Hyundai Ioniq, That Aren, Kia, SUVs"
38,which car brands produce the best electric SUVs,https://evmagazine.com/top10/top-10-electric-suvs,,"Tesla, However, Volvo, Touring, EV Magazine, Sources, Recharge Pure, Jaguar, Car, Genesis Electrified, Electric, I-Pace, Driver, SUV, As Hyundai, Top, Electric SUVs, Top Gear, Hyundai, Models, Electric Cars, Several, Best Electric, BMW, Here, Audi, Genesis, Hyundai Ioniq, That Aren, Kia, SUVs"
38,which car brands produce the best electric SUVs,,n.a,"Tesla, However, Volvo, Touring, EV Magazine, Sources, Recharge Pure, Jaguar, Car, Genesis Electrified, Electric, I-Pace, Driver, SUV, As Hyundai, Top, Electric SUVs, Top Gear, Hyundai, Models, Electric Cars, Several, Best Electric, BMW, Here, Audi, Genesis, Hyundai Ioniq, That Aren, Kia, SUVs"
38,which car brands produce the best electric SUVs,,n.a,"Tesla, However, Volvo, Touring, EV Magazine, Sources, Recharge Pure, Jaguar, Car, Genesis Electrified, Electric, I-Pace, Driver, SUV, As Hyundai, Top, Electric SUVs, Top Gear, Hyundai, Models, Electric Cars, Several, Best Electric, BMW, Here, Audi, Genesis, Hyundai Ioniq, That Aren, Kia, SUVs"
38,which car brands produce the best electric SUVs,,n.a,"Tesla, However, Volvo, Touring, EV Magazine, Sources, Recharge Pure, Jaguar, Car, Genesis Electrified, Electric, I-Pace, Driver, SUV, As Hyundai, Top, Electric SUVs, Top Gear, Hyundai, Models, Electric Cars, Several, Best Electric, BMW, Here, Audi, Genesis, Hyundai Ioniq, That Aren, Kia, SUVs"
38,which car brands produce the best electric SUVs,,n.a,"Tesla, However, Volvo, Touring, EV Magazine, Sources, Recharge Pure, Jaguar, Car, Genesis Electrified, Electric, I-Pace, Driver, SUV, As Hyundai, Top, Electric SUVs, Top Gear, Hyundai, Models, Electric Cars, Several, Best Electric, BMW, Here, Audi, Genesis, Hyundai Ioniq, That Aren, Kia, SUVs"
38,which car brands produce the best electric SUVs,,n.a,"Tesla, However, Volvo, Touring, EV Magazine, Sources, Recharge Pure, Jaguar, Car, Genesis Electrified, Electric, I-Pace, Driver, SUV, As Hyundai, Top, Electric SUVs, Top Gear, Hyundai, Models, Electric Cars, Several, Best Electric, BMW, Here, Audi, Genesis, Hyundai Ioniq, That Aren, Kia, SUVs"
39,what car brands offer 7-seater models,https://www.caranddriver.com/rankings/best-suvs/7-seater,,"ID Buzz, Volkswagen, TFSI, Dynamic Damper, Lexus, Discovery, Rover Defender, Mercedes-Benz, Control, SUV, Sequoia, Santa Fe, Hyundai, Touran, GX, Several, Toyota, BMW, GLS, Audi, It, SUVs"
39,what car brands offer 7-seater models,https://www.germaincars.com/10-best-7-passenger-suvs/,,"ID Buzz, Volkswagen, TFSI, Dynamic Damper, Lexus, Discovery, Rover Defender, Mercedes-Benz, Control, SUV, Sequoia, Santa Fe, Hyundai, Touran, GX, Several, Toyota, BMW, GLS, Audi, It, SUVs"
39,what car brands offer 7-seater models,https://www.whatcar.com/best/7-seat-cars/n2344,,"ID Buzz, Volkswagen, TFSI, Dynamic Damper, Lexus, Discovery, Rover Defender, Mercedes-Benz, Control, SUV, Sequoia, Santa Fe, Hyundai, Touran, GX, Several, Toyota, BMW, GLS, Audi, It, SUVs"
39,what car brands offer 7-seater models,https://www.toyota.com/7-passenger-vehicles/,,"ID Buzz, Volkswagen, TFSI, Dynamic Damper, Lexus, Discovery, Rover Defender, Mercedes-Benz, Control, SUV, Sequoia, Santa Fe, Hyundai, Touran, GX, Several, Toyota, BMW, GLS, Audi, It, SUVs"
39,what car brands offer 7-seater models,https://www.carwow.co.uk/7-seater-cars,,"ID Buzz, Volkswagen, TFSI, Dynamic Damper, Lexus, Discovery, Rover Defender, Mercedes-Benz, Control, SUV, Sequoia, Santa Fe, Hyundai, Touran, GX, Several, Toyota, BMW, GLS, Audi, It, SUVs"
39,what car brands offer 7-seater models,,n.a,"ID Buzz, Volkswagen, TFSI, Dynamic Damper, Lexus, Discovery, Rover Defender, Mercedes-Benz, Control, SUV, Sequoia, Santa Fe, Hyundai, Touran, GX, Several, Toyota, BMW, GLS, Audi, It, SUVs"
39,what car brands offer 7-seater models,,n.a,"ID Buzz, Volkswagen, TFSI, Dynamic Damper, Lexus, Discovery, Rover Defender, Mercedes-Benz, Control, SUV, Sequoia, Santa Fe, Hyundai, Touran, GX, Several, Toyota, BMW, GLS, Audi, It, SUVs"
39,what car brands offer 7-seater models,,n.a,"ID Buzz, Volkswagen, TFSI, Dynamic Damper, Lexus, Discovery, Rover Defender, Mercedes-Benz, Control, SUV, Sequoia, Santa Fe, Hyundai, Touran, GX, Several, Toyota, BMW, GLS, Audi, It, SUVs"
39,what car brands offer 7-seater models,,n.a,"ID Buzz, Volkswagen, TFSI, Dynamic Damper, Lexus, Discovery, Rover Defender, Mercedes-Benz, Control, SUV, Sequoia, Santa Fe, Hyundai, Touran, GX, Several, Toyota, BMW, GLS, Audi, It, SUVs"
40,which car brands are best for long-distance driving,https://www.carify.com/en/blog/top-10-langstreckenautos-im-ueberblick,,"Tesla, Range Rover, Volvo, Touring, CX-, Rover, Tesla Model, Model, Honda, Mazda, Honda CR-V, Hybrid, Sienna, CR-V Hybrid, Series, Several, Toyota, BMW, Avalon, Here, Toyota Sienna, Kia"
40,which car brands are best for long-distance driving,https://www.thezebra.com/resources/car-insurance/best-cars-for-road-trips/,,"Tesla, Range Rover, Volvo, Touring, CX-, Rover, Tesla Model, Model, Honda, Mazda, Honda CR-V, Hybrid, Sienna, CR-V Hybrid, Series, Several, Toyota, BMW, Avalon, Here, Toyota Sienna, Kia"
40,which car brands are best for long-distance driving,https://www.carwow.co.uk/best/long-distance-cars,,"Tesla, Range Rover, Volvo, Touring, CX-, Rover, Tesla Model, Model, Honda, Mazda, Honda CR-V, Hybrid, Sienna, CR-V Hybrid, Series, Several, Toyota, BMW, Avalon, Here, Toyota Sienna, Kia"
40,which car brands are best for long-distance driving,https://www.whatsbestforum.com/threads/looking-for-a-long-distance-trip-vehicle-suggestions.38097/,,"Tesla, Range Rover, Volvo, Touring, CX-, Rover, Tesla Model, Model, Honda, Mazda, Honda CR-V, Hybrid, Sienna, CR-V Hybrid, Series, Several, Toyota, BMW, Avalon, Here, Toyota Sienna, Kia"
40,which car brands are best for long-distance driving,https://www.youtube.com/watch?v=eCqpN7Gb7T8,,"Tesla, Range Rover, Volvo, Touring, CX-, Rover, Tesla Model, Model, Honda, Mazda, Honda CR-V, Hybrid, Sienna, CR-V Hybrid, Series, Several, Toyota, BMW, Avalon, Here, Toyota Sienna, Kia"
40,which car brands are best for long-distance driving,,n.a,"Tesla, Range Rover, Volvo, Touring, CX-, Rover, Tesla Model, Model, Honda, Mazda, Honda CR-V, Hybrid, Sienna, CR-V Hybrid, Series, Several, Toyota, BMW, Avalon, Here, Toyota Sienna, Kia"
40,which car brands are best for long-distance driving,,n.a,"Tesla, Range Rover, Volvo, Touring, CX-, Rover, Tesla Model, Model, Honda, Mazda, Honda CR-V, Hybrid, Sienna, CR-V Hybrid, Series, Several, Toyota, BMW, Avalon, Here, Toyota Sienna, Kia"
40,which car brands are best for long-distance driving,,n.a,"Tesla, Range Rover, Volvo, Touring, CX-, Rover, Tesla Model, Model, Honda, Mazda, Honda CR-V, Hybrid, Sienna, CR-V Hybrid, Series, Several, Toyota, BMW, Avalon, Here, Toyota Sienna, Kia"
40,which car brands are best for long-distance driving,,n.a,"Tesla, Range Rover, Volvo, Touring, CX-, Rover, Tesla Model, Model, Honda, Mazda, Honda CR-V, Hybrid, Sienna, CR-V Hybrid, Series, Several, Toyota, BMW, Avalon, Here, Toyota Sienna, Kia"
40,which car brands are best for long-distance driving,,n.a,"Tesla, Range Rover, Volvo, Touring, CX-, Rover, Tesla Model, Model, Honda, Mazda, Honda CR-V, Hybrid, Sienna, CR-V Hybrid, Series, Several, Toyota, BMW, Avalon, Here, Toyota Sienna, Kia"
40,which car brands are best for long-distance driving,,n.a,"Tesla, Range Rover, Volvo, Touring, CX-, Rover, Tesla Model, Model, Honda, Mazda, Honda CR-V, Hybrid, Sienna, CR-V Hybrid, Series, Several, Toyota, BMW, Avalon, Here, Toyota Sienna, Kia"
40,which car brands are best for long-distance driving,,n.a,"Tesla, Range Rover, Volvo, Touring, CX-, Rover, Tesla Model, Model, Honda, Mazda, Honda CR-V, Hybrid, Sienna, CR-V Hybrid, Series, Several, Toyota, BMW, Avalon, Here, Toyota Sienna, Kia"
40,which car brands are best for long-distance driving,,n.a,"Tesla, Range Rover, Volvo, Touring, CX-, Rover, Tesla Model, Model, Honda, Mazda, Honda CR-V, Hybrid, Sienna, CR-V Hybrid, Series, Several, Toyota, BMW, Avalon, Here, Toyota Sienna, Kia"
41,what are the most fuel-efficient car brands,https://www.caranddriver.com/rankings/best-sedans/gas-mileage,,"Tesla, Best MPG, Includes Infiniti, Sources, Prime, Rolls-Royce, Subaru, Based, Mercedes-Benz, Honda, Has, Mazda, Includes Genesis, Known, Nissan, Which Automaker, Mini, What Are, Most Fuel-Efficient, Top, Includes BMW, Cinch, Includes Acura, Hyundai, Includes Lexus, Toyota, Toyota Prius, BMW, Here, Cars, Kia"
41,what are the most fuel-efficient car brands,https://www.cars.com/articles/which-automaker-has-the-best-mpg-cars-431460/,,"Tesla, Best MPG, Includes Infiniti, Sources, Prime, Rolls-Royce, Subaru, Based, Mercedes-Benz, Honda, Has, Mazda, Includes Genesis, Known, Nissan, Which Automaker, Mini, What Are, Most Fuel-Efficient, Top, Includes BMW, Cinch, Includes Acura, Hyundai, Includes Lexus, Toyota, Toyota Prius, BMW, Here, Cars, Kia"
41,what are the most fuel-efficient car brands,https://www.cinch.co.uk/guides/choosing-a-car/10-of-the-most-fuel-efficient-cars-to-buy-in-2022,,"Tesla, Best MPG, Includes Infiniti, Sources, Prime, Rolls-Royce, Subaru, Based, Mercedes-Benz, Honda, Has, Mazda, Includes Genesis, Known, Nissan, Which Automaker, Mini, What Are, Most Fuel-Efficient, Top, Includes BMW, Cinch, Includes Acura, Hyundai, Includes Lexus, Toyota, Toyota Prius, BMW, Here, Cars, Kia"
41,what are the most fuel-efficient car brands,https://www.cars.com/articles/what-are-the-most-fuel-efficient-cars-466904/,,"Tesla, Best MPG, Includes Infiniti, Sources, Prime, Rolls-Royce, Subaru, Based, Mercedes-Benz, Honda, Has, Mazda, Includes Genesis, Known, Nissan, Which Automaker, Mini, What Are, Most Fuel-Efficient, Top, Includes BMW, Cinch, Includes Acura, Hyundai, Includes Lexus, Toyota, Toyota Prius, BMW, Here, Cars, Kia"
41,what are the most fuel-efficient car brands,https://www.truecar.com/best-cars-trucks/cars/by-gas-mileage/,,"Tesla, Best MPG, Includes Infiniti, Sources, Prime, Rolls-Royce, Subaru, Based, Mercedes-Benz, Honda, Has, Mazda, Includes Genesis, Known, Nissan, Which Automaker, Mini, What Are, Most Fuel-Efficient, Top, Includes BMW, Cinch, Includes Acura, Hyundai, Includes Lexus, Toyota, Toyota Prius, BMW, Here, Cars, Kia"
41,what are the most fuel-efficient car brands,,n.a,"Tesla, Best MPG, Includes Infiniti, Sources, Prime, Rolls-Royce, Subaru, Based, Mercedes-Benz, Honda, Has, Mazda, Includes Genesis, Known, Nissan, Which Automaker, Mini, What Are, Most Fuel-Efficient, Top, Includes BMW, Cinch, Includes Acura, Hyundai, Includes Lexus, Toyota, Toyota Prius, BMW, Here, Cars, Kia"
41,what are the most fuel-efficient car brands,,n.a,"Tesla, Best MPG, Includes Infiniti, Sources, Prime, Rolls-Royce, Subaru, Based, Mercedes-Benz, Honda, Has, Mazda, Includes Genesis, Known, Nissan, Which Automaker, Mini, What Are, Most Fuel-Efficient, Top, Includes BMW, Cinch, Includes Acura, Hyundai, Includes Lexus, Toyota, Toyota Prius, BMW, Here, Cars, Kia"
41,what are the most fuel-efficient car brands,,n.a,"Tesla, Best MPG, Includes Infiniti, Sources, Prime, Rolls-Royce, Subaru, Based, Mercedes-Benz, Honda, Has, Mazda, Includes Genesis, Known, Nissan, Which Automaker, Mini, What Are, Most Fuel-Efficient, Top, Includes BMW, Cinch, Includes Acura, Hyundai, Includes Lexus, Toyota, Toyota Prius, BMW, Here, Cars, Kia"
41,what are the most fuel-efficient car brands,,n.a,"Tesla, Best MPG, Includes Infiniti, Sources, Prime, Rolls-Royce, Subaru, Based, Mercedes-Benz, Honda, Has, Mazda, Includes Genesis, Known, Nissan, Which Automaker, Mini, What Are, Most Fuel-Efficient, Top, Includes BMW, Cinch, Includes Acura, Hyundai, Includes Lexus, Toyota, Toyota Prius, BMW, Here, Cars, Kia"
41,what are the most fuel-efficient car brands,,n.a,"Tesla, Best MPG, Includes Infiniti, Sources, Prime, Rolls-Royce, Subaru, Based, Mercedes-Benz, Honda, Has, Mazda, Includes Genesis, Known, Nissan, Which Automaker, Mini, What Are, Most Fuel-Efficient, Top, Includes BMW, Cinch, Includes Acura, Hyundai, Includes Lexus, Toyota, Toyota Prius, BMW, Here, Cars, Kia"
41,what are the most fuel-efficient car brands,,n.a,"Tesla, Best MPG, Includes Infiniti, Sources, Prime, Rolls-Royce, Subaru, Based, Mercedes-Benz, Honda, Has, Mazda, Includes Genesis, Known, Nissan, Which Automaker, Mini, What Are, Most Fuel-Efficient, Top, Includes BMW, Cinch, Includes Acura, Hyundai, Includes Lexus, Toyota, Toyota Prius, BMW, Here, Cars, Kia"
42,which car brands are family-friendly,https://www.herrnstein.com/blogs/7130/the-best-family-cars-of-2025-top-picks-for-safety-space-and-smart-features,,"Hyundai Palisade, Ram, Kia Carnival, Jeep, Dodge, Stellantis, Honda, Chrysler Pacifica, Honda CR-V, Cherokee, Known, Toyota Safety, SUV, Dodge Durango, Sense, Santa Fe, Magic Slide, Hyundai, Provides, Offers, Chrysler, Several, Honda Odyssey, Toyota, Here, Toyota Sienna, Kia Telluride, Kia, SUVs"
42,which car brands are family-friendly,https://www.caranddriver.com/rankings/best-family-cars,,"Hyundai Palisade, Ram, Kia Carnival, Jeep, Dodge, Stellantis, Honda, Chrysler Pacifica, Honda CR-V, Cherokee, Known, Toyota Safety, SUV, Dodge Durango, Sense, Santa Fe, Magic Slide, Hyundai, Provides, Offers, Chrysler, Several, Honda Odyssey, Toyota, Here, Toyota Sienna, Kia Telluride, Kia, SUVs"
42,which car brands are family-friendly,https://www.thecarmomofficial.com/blog-3/best-cars-for-families,,"Hyundai Palisade, Ram, Kia Carnival, Jeep, Dodge, Stellantis, Honda, Chrysler Pacifica, Honda CR-V, Cherokee, Known, Toyota Safety, SUV, Dodge Durango, Sense, Santa Fe, Magic Slide, Hyundai, Provides, Offers, Chrysler, Several, Honda Odyssey, Toyota, Here, Toyota Sienna, Kia Telluride, Kia, SUVs"
42,which car brands are family-friendly,https://www.whatcar.com/best/family-cars/n27171,,"Hyundai Palisade, Ram, Kia Carnival, Jeep, Dodge, Stellantis, Honda, Chrysler Pacifica, Honda CR-V, Cherokee, Known, Toyota Safety, SUV, Dodge Durango, Sense, Santa Fe, Magic Slide, Hyundai, Provides, Offers, Chrysler, Several, Honda Odyssey, Toyota, Here, Toyota Sienna, Kia Telluride, Kia, SUVs"
42,which car brands are family-friendly,https://www.boredmom.com/creative-living/what-is-a-good-car-for-moms-top-10-family-friendly-cars-moms-will-love,,"Hyundai Palisade, Ram, Kia Carnival, Jeep, Dodge, Stellantis, Honda, Chrysler Pacifica, Honda CR-V, Cherokee, Known, Toyota Safety, SUV, Dodge Durango, Sense, Santa Fe, Magic Slide, Hyundai, Provides, Offers, Chrysler, Several, Honda Odyssey, Toyota, Here, Toyota Sienna, Kia Telluride, Kia, SUVs"
42,which car brands are family-friendly,,n.a,"Hyundai Palisade, Ram, Kia Carnival, Jeep, Dodge, Stellantis, Honda, Chrysler Pacifica, Honda CR-V, Cherokee, Known, Toyota Safety, SUV, Dodge Durango, Sense, Santa Fe, Magic Slide, Hyundai, Provides, Offers, Chrysler, Several, Honda Odyssey, Toyota, Here, Toyota Sienna, Kia Telluride, Kia, SUVs"
42,which car brands are family-friendly,,n.a,"Hyundai Palisade, Ram, Kia Carnival, Jeep, Dodge, Stellantis, Honda, Chrysler Pacifica, Honda CR-V, Cherokee, Known, Toyota Safety, SUV, Dodge Durango, Sense, Santa Fe, Magic Slide, Hyundai, Provides, Offers, Chrysler, Several, Honda Odyssey, Toyota, Here, Toyota Sienna, Kia Telluride, Kia, SUVs"
42,which car brands are family-friendly,,n.a,"Hyundai Palisade, Ram, Kia Carnival, Jeep, Dodge, Stellantis, Honda, Chrysler Pacifica, Honda CR-V, Cherokee, Known, Toyota Safety, SUV, Dodge Durango, Sense, Santa Fe, Magic Slide, Hyundai, Provides, Offers, Chrysler, Several, Honda Odyssey, Toyota, Here, Toyota Sienna, Kia Telluride, Kia, SUVs"
42,which car brands are family-friendly,,n.a,"Hyundai Palisade, Ram, Kia Carnival, Jeep, Dodge, Stellantis, Honda, Chrysler Pacifica, Honda CR-V, Cherokee, Known, Toyota Safety, SUV, Dodge Durango, Sense, Santa Fe, Magic Slide, Hyundai, Provides, Offers, Chrysler, Several, Honda Odyssey, Toyota, Here, Toyota Sienna, Kia Telluride, Kia, SUVs"
42,which car brands are family-friendly,,n.a,"Hyundai Palisade, Ram, Kia Carnival, Jeep, Dodge, Stellantis, Honda, Chrysler Pacifica, Honda CR-V, Cherokee, Known, Toyota Safety, SUV, Dodge Durango, Sense, Santa Fe, Magic Slide, Hyundai, Provides, Offers, Chrysler, Several, Honda Odyssey, Toyota, Here, Toyota Sienna, Kia Telluride, Kia, SUVs"
43,what car brands are budget-friendly,https://www.kbb.com/best-cars/cheapest-new-cars/,,"Sources, Models Best, NASDAQ, Impreza, Car, Nissan Kicks, Subaru, Those Earning, Mazda, Cheapest Cars, Driver, Middle-Class Income, Known, Nissan Versa, Nissan, Less Than, Kelley Blue, Hyundai, Similar, Models, Several, New Cars, Book, Here, Hyundai Elantra, Hyundai Venue, Kia Soul, Kia"
43,what car brands are budget-friendly,https://www.caranddriver.com/rankings/best-sedans/cheapest,,"Sources, Models Best, NASDAQ, Impreza, Car, Nissan Kicks, Subaru, Those Earning, Mazda, Cheapest Cars, Driver, Middle-Class Income, Known, Nissan Versa, Nissan, Less Than, Kelley Blue, Hyundai, Similar, Models, Several, New Cars, Book, Here, Hyundai Elantra, Hyundai Venue, Kia Soul, Kia"
43,what car brands are budget-friendly,https://www.nasdaq.com/articles/7-affordable-car-brands-and-models-best-those-earning-less-middle-class-income,,"Sources, Models Best, NASDAQ, Impreza, Car, Nissan Kicks, Subaru, Those Earning, Mazda, Cheapest Cars, Driver, Middle-Class Income, Known, Nissan Versa, Nissan, Less Than, Kelley Blue, Hyundai, Similar, Models, Several, New Cars, Book, Here, Hyundai Elantra, Hyundai Venue, Kia Soul, Kia"
43,what car brands are budget-friendly,https://www.consumerreports.org/cars/cheap-cars-recommended-by-consumer-reports-a1059266229/,,"Sources, Models Best, NASDAQ, Impreza, Car, Nissan Kicks, Subaru, Those Earning, Mazda, Cheapest Cars, Driver, Middle-Class Income, Known, Nissan Versa, Nissan, Less Than, Kelley Blue, Hyundai, Similar, Models, Several, New Cars, Book, Here, Hyundai Elantra, Hyundai Venue, Kia Soul, Kia"
43,what car brands are budget-friendly,https://www.cars.com/articles/here-are-the-10-cheapest-new-cars-you-can-buy-right-now-421309/,,"Sources, Models Best, NASDAQ, Impreza, Car, Nissan Kicks, Subaru, Those Earning, Mazda, Cheapest Cars, Driver, Middle-Class Income, Known, Nissan Versa, Nissan, Less Than, Kelley Blue, Hyundai, Similar, Models, Several, New Cars, Book, Here, Hyundai Elantra, Hyundai Venue, Kia Soul, Kia"
43,what car brands are budget-friendly,,n.a,"Sources, Models Best, NASDAQ, Impreza, Car, Nissan Kicks, Subaru, Those Earning, Mazda, Cheapest Cars, Driver, Middle-Class Income, Known, Nissan Versa, Nissan, Less Than, Kelley Blue, Hyundai, Similar, Models, Several, New Cars, Book, Here, Hyundai Elantra, Hyundai Venue, Kia Soul, Kia"
43,what car brands are budget-friendly,,n.a,"Sources, Models Best, NASDAQ, Impreza, Car, Nissan Kicks, Subaru, Those Earning, Mazda, Cheapest Cars, Driver, Middle-Class Income, Known, Nissan Versa, Nissan, Less Than, Kelley Blue, Hyundai, Similar, Models, Several, New Cars, Book, Here, Hyundai Elantra, Hyundai Venue, Kia Soul, Kia"
43,what car brands are budget-friendly,,n.a,"Sources, Models Best, NASDAQ, Impreza, Car, Nissan Kicks, Subaru, Those Earning, Mazda, Cheapest Cars, Driver, Middle-Class Income, Known, Nissan Versa, Nissan, Less Than, Kelley Blue, Hyundai, Similar, Models, Several, New Cars, Book, Here, Hyundai Elantra, Hyundai Venue, Kia Soul, Kia"
43,what car brands are budget-friendly,,n.a,"Sources, Models Best, NASDAQ, Impreza, Car, Nissan Kicks, Subaru, Those Earning, Mazda, Cheapest Cars, Driver, Middle-Class Income, Known, Nissan Versa, Nissan, Less Than, Kelley Blue, Hyundai, Similar, Models, Several, New Cars, Book, Here, Hyundai Elantra, Hyundai Venue, Kia Soul, Kia"
44,which car brands are most loved by millennials,https://www.phillipschevy.com/blog/2024/september/6/chevrolet-is-most-popular-car-brand-for-gen-x-and-millennials.htm,,"Silverado, Passat, Toyota, Jetta, Volkswagen, Malibu, Millennials, Honda, West Coast, East Coast, Lexus, Chevrolet, While, Tiguan, It"
44,which car brands are most loved by millennials,https://www.visualcapitalist.com/americas-favorite-car-brands-by-generation/,,"Silverado, Passat, Toyota, Jetta, Volkswagen, Malibu, Millennials, Honda, West Coast, East Coast, Lexus, Chevrolet, While, Tiguan, It"
44,which car brands are most loved by millennials,https://www.nasdaq.com/articles/heres-most-popular-car-brand-among-millennials-each-state,,"Silverado, Passat, Toyota, Jetta, Volkswagen, Malibu, Millennials, Honda, West Coast, East Coast, Lexus, Chevrolet, While, Tiguan, It"
44,which car brands are most loved by millennials,https://insurify.com/car-insurance/insights/most-popular-cars-by-generation/,,"Silverado, Passat, Toyota, Jetta, Volkswagen, Malibu, Millennials, Honda, West Coast, East Coast, Lexus, Chevrolet, While, Tiguan, It"
44,which car brands are most loved by millennials,https://247wallst.com/companies-and-brands/2024/04/30/15-most-popular-car-makers-according-to-millennials-ranked/,,"Silverado, Passat, Toyota, Jetta, Volkswagen, Malibu, Millennials, Honda, West Coast, East Coast, Lexus, Chevrolet, While, Tiguan, It"
44,which car brands are most loved by millennials,,n.a,"Silverado, Passat, Toyota, Jetta, Volkswagen, Malibu, Millennials, Honda, West Coast, East Coast, Lexus, Chevrolet, While, Tiguan, It"
44,which car brands are most loved by millennials,,n.a,"Silverado, Passat, Toyota, Jetta, Volkswagen, Malibu, Millennials, Honda, West Coast, East Coast, Lexus, Chevrolet, While, Tiguan, It"
44,which car brands are most loved by millennials,,n.a,"Silverado, Passat, Toyota, Jetta, Volkswagen, Malibu, Millennials, Honda, West Coast, East Coast, Lexus, Chevrolet, While, Tiguan, It"
44,which car brands are most loved by millennials,,n.a,"Silverado, Passat, Toyota, Jetta, Volkswagen, Malibu, Millennials, Honda, West Coast, East Coast, Lexus, Chevrolet, While, Tiguan, It"
44,which car brands are most loved by millennials,,n.a,"Silverado, Passat, Toyota, Jetta, Volkswagen, Malibu, Millennials, Honda, West Coast, East Coast, Lexus, Chevrolet, While, Tiguan, It"
45,what car brands are most commonly leased,https://cartelligent.com/which-car-brands-are-most-often-leased/,,"Based, United States, Additionally, Hondas, Honda, Honda CR-V, Experian, Cartelligent, SUVs"
45,what car brands are most commonly leased,https://www.experian.com/blogs/ask-experian/what-are-the-most-commonly-leased-vehicles/,,"Based, United States, Additionally, Hondas, Honda, Honda CR-V, Experian, Cartelligent, SUVs"
45,what car brands are most commonly leased,https://www.powernationtv.com/post/10-most-popular-leased-vehicles,,"Based, United States, Additionally, Hondas, Honda, Honda CR-V, Experian, Cartelligent, SUVs"
45,what car brands are most commonly leased,https://cartelligent.com/which-vehicles-are-most-often-leased/,,"Based, United States, Additionally, Hondas, Honda, Honda CR-V, Experian, Cartelligent, SUVs"
45,what car brands are most commonly leased,https://learn.leaseend.com/10-leased-cars-that-retain-the-most-equity,,"Based, United States, Additionally, Hondas, Honda, Honda CR-V, Experian, Cartelligent, SUVs"
45,what car brands are most commonly leased,,n.a,"Based, United States, Additionally, Hondas, Honda, Honda CR-V, Experian, Cartelligent, SUVs"
45,what car brands are most commonly leased,,n.a,"Based, United States, Additionally, Hondas, Honda, Honda CR-V, Experian, Cartelligent, SUVs"
45,what car brands are most commonly leased,,n.a,"Based, United States, Additionally, Hondas, Honda, Honda CR-V, Experian, Cartelligent, SUVs"
45,what car brands are most commonly leased,,n.a,"Based, United States, Additionally, Hondas, Honda, Honda CR-V, Experian, Cartelligent, SUVs"
45,what car brands are most commonly leased,,n.a,"Based, United States, Additionally, Hondas, Honda, Honda CR-V, Experian, Cartelligent, SUVs"
45,what car brands are most commonly leased,,n.a,"Based, United States, Additionally, Hondas, Honda, Honda CR-V, Experian, Cartelligent, SUVs"
46,which car brands have the best infotainment systems,https://www.whatcar.com/news/best-car-infotainment-systems-tested-and-rated/n21269,,"Tesla, No Name, Cadillac, Lincoln, Alexa, UX, Hyperscreen, Mercedes-Benz, Escalade, CUE, Mercedes-Benz MBUX, Experience, Operating System, Cadillac CUE, Hyundai, Digital, Mercedes-Benz User, Several, EQ, Lucid, Apple CarPlay, BMW, Here, Amazon, OLED, Kia, MBUX"
46,which car brands have the best infotainment systems,https://www.roadandtrack.com/rankings/g63285338/cars-best-infotainment-screen/,,"Tesla, No Name, Cadillac, Lincoln, Alexa, UX, Hyperscreen, Mercedes-Benz, Escalade, CUE, Mercedes-Benz MBUX, Experience, Operating System, Cadillac CUE, Hyundai, Digital, Mercedes-Benz User, Several, EQ, Lucid, Apple CarPlay, BMW, Here, Amazon, OLED, Kia, MBUX"
46,which car brands have the best infotainment systems,https://www.kbb.com/car-advice/best-infotainment-systems/,,"Tesla, No Name, Cadillac, Lincoln, Alexa, UX, Hyperscreen, Mercedes-Benz, Escalade, CUE, Mercedes-Benz MBUX, Experience, Operating System, Cadillac CUE, Hyundai, Digital, Mercedes-Benz User, Several, EQ, Lucid, Apple CarPlay, BMW, Here, Amazon, OLED, Kia, MBUX"
46,which car brands have the best infotainment systems,https://www.caranddriver.com/news/g41952683/car-infotainment-systems-roundup/,,"Tesla, No Name, Cadillac, Lincoln, Alexa, UX, Hyperscreen, Mercedes-Benz, Escalade, CUE, Mercedes-Benz MBUX, Experience, Operating System, Cadillac CUE, Hyundai, Digital, Mercedes-Benz User, Several, EQ, Lucid, Apple CarPlay, BMW, Here, Amazon, OLED, Kia, MBUX"
46,which car brands have the best infotainment systems,https://www.buyacar.co.uk/guides/best-infotainment-systems/,,"Tesla, No Name, Cadillac, Lincoln, Alexa, UX, Hyperscreen, Mercedes-Benz, Escalade, CUE, Mercedes-Benz MBUX, Experience, Operating System, Cadillac CUE, Hyundai, Digital, Mercedes-Benz User, Several, EQ, Lucid, Apple CarPlay, BMW, Here, Amazon, OLED, Kia, MBUX"
46,which car brands have the best infotainment systems,,n.a,"Tesla, No Name, Cadillac, Lincoln, Alexa, UX, Hyperscreen, Mercedes-Benz, Escalade, CUE, Mercedes-Benz MBUX, Experience, Operating System, Cadillac CUE, Hyundai, Digital, Mercedes-Benz User, Several, EQ, Lucid, Apple CarPlay, BMW, Here, Amazon, OLED, Kia, MBUX"
46,which car brands have the best infotainment systems,,n.a,"Tesla, No Name, Cadillac, Lincoln, Alexa, UX, Hyperscreen, Mercedes-Benz, Escalade, CUE, Mercedes-Benz MBUX, Experience, Operating System, Cadillac CUE, Hyundai, Digital, Mercedes-Benz User, Several, EQ, Lucid, Apple CarPlay, BMW, Here, Amazon, OLED, Kia, MBUX"
46,which car brands have the best infotainment systems,,n.a,"Tesla, No Name, Cadillac, Lincoln, Alexa, UX, Hyperscreen, Mercedes-Benz, Escalade, CUE, Mercedes-Benz MBUX, Experience, Operating System, Cadillac CUE, Hyundai, Digital, Mercedes-Benz User, Several, EQ, Lucid, Apple CarPlay, BMW, Here, Amazon, OLED, Kia, MBUX"
46,which car brands have the best infotainment systems,,n.a,"Tesla, No Name, Cadillac, Lincoln, Alexa, UX, Hyperscreen, Mercedes-Benz, Escalade, CUE, Mercedes-Benz MBUX, Experience, Operating System, Cadillac CUE, Hyundai, Digital, Mercedes-Benz User, Several, EQ, Lucid, Apple CarPlay, BMW, Here, Amazon, OLED, Kia, MBUX"
46,which car brands have the best infotainment systems,,n.a,"Tesla, No Name, Cadillac, Lincoln, Alexa, UX, Hyperscreen, Mercedes-Benz, Escalade, CUE, Mercedes-Benz MBUX, Experience, Operating System, Cadillac CUE, Hyundai, Digital, Mercedes-Benz User, Several, EQ, Lucid, Apple CarPlay, BMW, Here, Amazon, OLED, Kia, MBUX"
46,which car brands have the best infotainment systems,,n.a,"Tesla, No Name, Cadillac, Lincoln, Alexa, UX, Hyperscreen, Mercedes-Benz, Escalade, CUE, Mercedes-Benz MBUX, Experience, Operating System, Cadillac CUE, Hyundai, Digital, Mercedes-Benz User, Several, EQ, Lucid, Apple CarPlay, BMW, Here, Amazon, OLED, Kia, MBUX"
47,what car brands are trending in 2025,https://www.kbb.com/cars/,,"Volvo, Visual Capitalist, Volkswagen, Camry, Lexus, Honda Civic, Impreza, Subaru, Buick, Top Picks, Honda, Mazda, SUV, Best Buy, Award, Tiguan, Several, Toyota, Here, It, SUVs"
47,what car brands are trending in 2025,https://www.caranddriver.com/features/a62988657/10best-cars-2025/,,"Volvo, Visual Capitalist, Volkswagen, Camry, Lexus, Honda Civic, Impreza, Subaru, Buick, Top Picks, Honda, Mazda, SUV, Best Buy, Award, Tiguan, Several, Toyota, Here, It, SUVs"
47,what car brands are trending in 2025,https://www.consumerreports.org/cars/best-cars-of-the-year-10-top-picks-of-2025-a1930591024/,,"Volvo, Visual Capitalist, Volkswagen, Camry, Lexus, Honda Civic, Impreza, Subaru, Buick, Top Picks, Honda, Mazda, SUV, Best Buy, Award, Tiguan, Several, Toyota, Here, It, SUVs"
47,what car brands are trending in 2025,https://www.visualcapitalist.com/ranked-the-most-reliable-car-brands-in-2025/,,"Volvo, Visual Capitalist, Volkswagen, Camry, Lexus, Honda Civic, Impreza, Subaru, Buick, Top Picks, Honda, Mazda, SUV, Best Buy, Award, Tiguan, Several, Toyota, Here, It, SUVs"
47,what car brands are trending in 2025,https://www.consumerreports.org/cars/new-cars-on-the-horizon-a1920770135/,,"Volvo, Visual Capitalist, Volkswagen, Camry, Lexus, Honda Civic, Impreza, Subaru, Buick, Top Picks, Honda, Mazda, SUV, Best Buy, Award, Tiguan, Several, Toyota, Here, It, SUVs"
47,what car brands are trending in 2025,,n.a,"Volvo, Visual Capitalist, Volkswagen, Camry, Lexus, Honda Civic, Impreza, Subaru, Buick, Top Picks, Honda, Mazda, SUV, Best Buy, Award, Tiguan, Several, Toyota, Here, It, SUVs"
47,what car brands are trending in 2025,,n.a,"Volvo, Visual Capitalist, Volkswagen, Camry, Lexus, Honda Civic, Impreza, Subaru, Buick, Top Picks, Honda, Mazda, SUV, Best Buy, Award, Tiguan, Several, Toyota, Here, It, SUVs"
47,what car brands are trending in 2025,,n.a,"Volvo, Visual Capitalist, Volkswagen, Camry, Lexus, Honda Civic, Impreza, Subaru, Buick, Top Picks, Honda, Mazda, SUV, Best Buy, Award, Tiguan, Several, Toyota, Here, It, SUVs"
47,what car brands are trending in 2025,,n.a,"Volvo, Visual Capitalist, Volkswagen, Camry, Lexus, Honda Civic, Impreza, Subaru, Buick, Top Picks, Honda, Mazda, SUV, Best Buy, Award, Tiguan, Several, Toyota, Here, It, SUVs"
47,what car brands are trending in 2025,,n.a,"Volvo, Visual Capitalist, Volkswagen, Camry, Lexus, Honda Civic, Impreza, Subaru, Buick, Top Picks, Honda, Mazda, SUV, Best Buy, Award, Tiguan, Several, Toyota, Here, It, SUVs"
47,what car brands are trending in 2025,,n.a,"Volvo, Visual Capitalist, Volkswagen, Camry, Lexus, Honda Civic, Impreza, Subaru, Buick, Top Picks, Honda, Mazda, SUV, Best Buy, Award, Tiguan, Several, Toyota, Here, It, SUVs"
47,what car brands are trending in 2025,,n.a,"Volvo, Visual Capitalist, Volkswagen, Camry, Lexus, Honda Civic, Impreza, Subaru, Buick, Top Picks, Honda, Mazda, SUV, Best Buy, Award, Tiguan, Several, Toyota, Here, It, SUVs"
48,what car brands are declining in popularity,https://caredge.com/guides/automakers-going-out-of-business,,"Fiat, Alfa Romeo, CVT, Jaguar, Subaru, Giulia, This, Source, Despite, Stelvio, Nissan, Maserati, Sales, Mini, ICE, Similar, Chrysler, Several, Toyota, BMW, America"
48,what car brands are declining in popularity,https://www.youtube.com/watch?v=WxI4g03cuds,,"Fiat, Alfa Romeo, CVT, Jaguar, Subaru, Giulia, This, Source, Despite, Stelvio, Nissan, Maserati, Sales, Mini, ICE, Similar, Chrysler, Several, Toyota, BMW, America"
48,what car brands are declining in popularity,https://www.youtube.com/watch?v=U7gnsdWxtEM,,"Fiat, Alfa Romeo, CVT, Jaguar, Subaru, Giulia, This, Source, Despite, Stelvio, Nissan, Maserati, Sales, Mini, ICE, Similar, Chrysler, Several, Toyota, BMW, America"
48,what car brands are declining in popularity,https://www.team-bhp.com/forum/international-automotive-scene/277218-consumer-reports-2024-list-most-least-liked-car-brands.html,,"Fiat, Alfa Romeo, CVT, Jaguar, Subaru, Giulia, This, Source, Despite, Stelvio, Nissan, Maserati, Sales, Mini, ICE, Similar, Chrysler, Several, Toyota, BMW, America"
48,what car brands are declining in popularity,https://www.focus2move.com/world-car-group-ranking/,,"Fiat, Alfa Romeo, CVT, Jaguar, Subaru, Giulia, This, Source, Despite, Stelvio, Nissan, Maserati, Sales, Mini, ICE, Similar, Chrysler, Several, Toyota, BMW, America"
48,what car brands are declining in popularity,,n.a,"Fiat, Alfa Romeo, CVT, Jaguar, Subaru, Giulia, This, Source, Despite, Stelvio, Nissan, Maserati, Sales, Mini, ICE, Similar, Chrysler, Several, Toyota, BMW, America"
48,what car brands are declining in popularity,,n.a,"Fiat, Alfa Romeo, CVT, Jaguar, Subaru, Giulia, This, Source, Despite, Stelvio, Nissan, Maserati, Sales, Mini, ICE, Similar, Chrysler, Several, Toyota, BMW, America"
48,what car brands are declining in popularity,,n.a,"Fiat, Alfa Romeo, CVT, Jaguar, Subaru, Giulia, This, Source, Despite, Stelvio, Nissan, Maserati, Sales, Mini, ICE, Similar, Chrysler, Several, Toyota, BMW, America"
48,what car brands are declining in popularity,,n.a,"Fiat, Alfa Romeo, CVT, Jaguar, Subaru, Giulia, This, Source, Despite, Stelvio, Nissan, Maserati, Sales, Mini, ICE, Similar, Chrysler, Several, Toyota, BMW, America"
48,what car brands are declining in popularity,,n.a,"Fiat, Alfa Romeo, CVT, Jaguar, Subaru, Giulia, This, Source, Despite, Stelvio, Nissan, Maserati, Sales, Mini, ICE, Similar, Chrysler, Several, Toyota, BMW, America"
48,what car brands are declining in popularity,,n.a,"Fiat, Alfa Romeo, CVT, Jaguar, Subaru, Giulia, This, Source, Despite, Stelvio, Nissan, Maserati, Sales, Mini, ICE, Similar, Chrysler, Several, Toyota, BMW, America"
48,what car brands are declining in popularity,,n.a,"Fiat, Alfa Romeo, CVT, Jaguar, Subaru, Giulia, This, Source, Despite, Stelvio, Nissan, Maserati, Sales, Mini, ICE, Similar, Chrysler, Several, Toyota, BMW, America"
49,which car brands have the best online configurators,https://vagon.io/blog/best-car-configurators-and-how-to-boost-your-sales-conversions,,"Several, Mercedes-Benz, Aston Martin, Martin, Here, McLaren, Users, Ferrari, Audi, Genesis, It"
49,which car brands have the best online configurators,https://www.goodwood.com/grr/road/news/the-best-car-configurators-to-burn-infinite-money/,,"Several, Mercedes-Benz, Aston Martin, Martin, Here, McLaren, Users, Ferrari, Audi, Genesis, It"
49,which car brands have the best online configurators,https://driving.ca/features/feature-story/youll-want-to-spend-hours-on-these-5-online-car-configurators,,"Several, Mercedes-Benz, Aston Martin, Martin, Here, McLaren, Users, Ferrari, Audi, Genesis, It"
49,which car brands have the best online configurators,https://www.pistonheads.com/gassing/topic.asp?h=0&f=255&t=2022087,,"Several, Mercedes-Benz, Aston Martin, Martin, Here, McLaren, Users, Ferrari, Audi, Genesis, It"
49,which car brands have the best online configurators,https://dreamerzlab.com/blog-post/details/top-10-brands-boost-sales-with-3d-configurator62168,,"Several, Mercedes-Benz, Aston Martin, Martin, Here, McLaren, Users, Ferrari, Audi, Genesis, It"
49,which car brands have the best online configurators,,n.a,"Several, Mercedes-Benz, Aston Martin, Martin, Here, McLaren, Users, Ferrari, Audi, Genesis, It"
49,which car brands have the best online configurators,,n.a,"Several, Mercedes-Benz, Aston Martin, Martin, Here, McLaren, Users, Ferrari, Audi, Genesis, It"
49,which car brands have the best online configurators,,n.a,"Several, Mercedes-Benz, Aston Martin, Martin, Here, McLaren, Users, Ferrari, Audi, Genesis, It"
49,which car brands have the best online configurators,,n.a,"Several, Mercedes-Benz, Aston Martin, Martin, Here, McLaren, Users, Ferrari, Audi, Genesis, It"
49,which car brands have the best online configurators,,n.a,"Several, Mercedes-Benz, Aston Martin, Martin, Here, McLaren, Users, Ferrari, Audi, Genesis, It"
49,which car brands have the best online configurators,,n.a,"Several, Mercedes-Benz, Aston Martin, Martin, Here, McLaren, Users, Ferrari, Audi, Genesis, It"
50,what car brands have the highest brand loyalty,https://www.sfgate.com/news/article/highest-ranking-brands-in-the-2024-j-d-power-19813415.php,,"Subaru, Based, Additionally, However, Rivian, Toyota, Power, Loyalty Study, Honda, Ranks, SUV"
50,what car brands have the highest brand loyalty,https://www.jdpower.com/business/press-releases/2024-us-automotive-brand-loyalty-study,,"Subaru, Based, Additionally, However, Rivian, Toyota, Power, Loyalty Study, Honda, Ranks, SUV"
50,what car brands have the highest brand loyalty,https://www.carmax.com/articles/car-brands-with-most-loyal-owners-2024,,"Subaru, Based, Additionally, However, Rivian, Toyota, Power, Loyalty Study, Honda, Ranks, SUV"
50,what car brands have the highest brand loyalty,https://www.visualcapitalist.com/charted-car-brand-loyalty-in-2024/,,"Subaru, Based, Additionally, However, Rivian, Toyota, Power, Loyalty Study, Honda, Ranks, SUV"
50,what car brands have the highest brand loyalty,https://www.jdpower.com/business/press-releases/2023-us-automotive-brand-loyalty-study,,"Subaru, Based, Additionally, However, Rivian, Toyota, Power, Loyalty Study, Honda, Ranks, SUV"
50,what car brands have the highest brand loyalty,,n.a,"Subaru, Based, Additionally, However, Rivian, Toyota, Power, Loyalty Study, Honda, Ranks, SUV"
50,what car brands have the highest brand loyalty,,n.a,"Subaru, Based, Additionally, However, Rivian, Toyota, Power, Loyalty Study, Honda, Ranks, SUV"
50,what car brands have the highest brand loyalty,,n.a,"Subaru, Based, Additionally, However, Rivian, Toyota, Power, Loyalty Study, Honda, Ranks, SUV"
50,what car brands have the highest brand loyalty,,n.a,"Subaru, Based, Additionally, However, Rivian, Toyota, Power, Loyalty Study, Honda, Ranks, SUV"
50,what car brands have the highest brand loyalty,,n.a,"Subaru, Based, Additionally, However, Rivian, Toyota, Power, Loyalty Study, Honda, Ranks, SUV"
51,which car brands have the most stylish designs,https://www.caranddriver.com/features/g15383134/most-beautiful-cars/,,"Bentayga, XE, Several, Phantom, Mercedes-Benz, XF, British, GT, Aston Martin, Bentley, Here, Rolls-Royce, Jaguar, Known, Models, Mercedes-Benz S-Class, Jaguar F-PACE"
51,which car brands have the most stylish designs,https://bumbleauto.com/blog/top-10-stylish-cars,,"Bentayga, XE, Several, Phantom, Mercedes-Benz, XF, British, GT, Aston Martin, Bentley, Here, Rolls-Royce, Jaguar, Known, Models, Mercedes-Benz S-Class, Jaguar F-PACE"
51,which car brands have the most stylish designs,https://clementpreowned.com/blog/best-luxury-car-brands,,"Bentayga, XE, Several, Phantom, Mercedes-Benz, XF, British, GT, Aston Martin, Bentley, Here, Rolls-Royce, Jaguar, Known, Models, Mercedes-Benz S-Class, Jaguar F-PACE"
51,which car brands have the most stylish designs,https://www.re-thinkingthefuture.com/product-design/a6244-top-10-luxury-car-brand-designs-in-automotive-industry/,,"Bentayga, XE, Several, Phantom, Mercedes-Benz, XF, British, GT, Aston Martin, Bentley, Here, Rolls-Royce, Jaguar, Known, Models, Mercedes-Benz S-Class, Jaguar F-PACE"
51,which car brands have the most stylish designs,https://tunedbyai.io/blog/sleek_and_chic_the_most_stylish_new_car_designs_of_2023.php,,"Bentayga, XE, Several, Phantom, Mercedes-Benz, XF, British, GT, Aston Martin, Bentley, Here, Rolls-Royce, Jaguar, Known, Models, Mercedes-Benz S-Class, Jaguar F-PACE"
51,which car brands have the most stylish designs,,n.a,"Bentayga, XE, Several, Phantom, Mercedes-Benz, XF, British, GT, Aston Martin, Bentley, Here, Rolls-Royce, Jaguar, Known, Models, Mercedes-Benz S-Class, Jaguar F-PACE"
51,which car brands have the most stylish designs,,n.a,"Bentayga, XE, Several, Phantom, Mercedes-Benz, XF, British, GT, Aston Martin, Bentley, Here, Rolls-Royce, Jaguar, Known, Models, Mercedes-Benz S-Class, Jaguar F-PACE"
51,which car brands have the most stylish designs,,n.a,"Bentayga, XE, Several, Phantom, Mercedes-Benz, XF, British, GT, Aston Martin, Bentley, Here, Rolls-Royce, Jaguar, Known, Models, Mercedes-Benz S-Class, Jaguar F-PACE"
51,which car brands have the most stylish designs,,n.a,"Bentayga, XE, Several, Phantom, Mercedes-Benz, XF, British, GT, Aston Martin, Bentley, Here, Rolls-Royce, Jaguar, Known, Models, Mercedes-Benz S-Class, Jaguar F-PACE"
51,which car brands have the most stylish designs,,n.a,"Bentayga, XE, Several, Phantom, Mercedes-Benz, XF, British, GT, Aston Martin, Bentley, Here, Rolls-Royce, Jaguar, Known, Models, Mercedes-Benz S-Class, Jaguar F-PACE"
51,which car brands have the most stylish designs,,n.a,"Bentayga, XE, Several, Phantom, Mercedes-Benz, XF, British, GT, Aston Martin, Bentley, Here, Rolls-Royce, Jaguar, Known, Models, Mercedes-Benz S-Class, Jaguar F-PACE"
52,Which car brands are best for snowy climates,https://www.kbb.com/best-cars/driving-in-snow/,,"Volvo, Camry, Tucson, Subaru Outback, Subaru, Featuring Audi, AWD, It, Known, Toyota Camry, While, SUV, Available, Quattro, Equipped, Hyundai Tucson, Chevrolet Full-Size, HTRAC, FWD, Hyundai, Chevrolet, F-, Several, Toyota, Here, Audi, Falken Wildpeak, SUVs"
52,Which car brands are best for snowy climates,https://www.cargurus.com/Cars/articles/best-cars-for-snow,,"Volvo, Camry, Tucson, Subaru Outback, Subaru, Featuring Audi, AWD, It, Known, Toyota Camry, While, SUV, Available, Quattro, Equipped, Hyundai Tucson, Chevrolet Full-Size, HTRAC, FWD, Hyundai, Chevrolet, F-, Several, Toyota, Here, Audi, Falken Wildpeak, SUVs"
52,Which car brands are best for snowy climates,https://www.thethingaboutcars.com/the-best-cars-for-winter/,,"Volvo, Camry, Tucson, Subaru Outback, Subaru, Featuring Audi, AWD, It, Known, Toyota Camry, While, SUV, Available, Quattro, Equipped, Hyundai Tucson, Chevrolet Full-Size, HTRAC, FWD, Hyundai, Chevrolet, F-, Several, Toyota, Here, Audi, Falken Wildpeak, SUVs"
52,Which car brands are best for snowy climates,https://www.youtube.com/watch?v=Iux1jCba2-s,,"Volvo, Camry, Tucson, Subaru Outback, Subaru, Featuring Audi, AWD, It, Known, Toyota Camry, While, SUV, Available, Quattro, Equipped, Hyundai Tucson, Chevrolet Full-Size, HTRAC, FWD, Hyundai, Chevrolet, F-, Several, Toyota, Here, Audi, Falken Wildpeak, SUVs"
52,Which car brands are best for snowy climates,https://pedalcommander.com/blogs/garage/10-best-cars-for-driving-in-snow,,"Volvo, Camry, Tucson, Subaru Outback, Subaru, Featuring Audi, AWD, It, Known, Toyota Camry, While, SUV, Available, Quattro, Equipped, Hyundai Tucson, Chevrolet Full-Size, HTRAC, FWD, Hyundai, Chevrolet, F-, Several, Toyota, Here, Audi, Falken Wildpeak, SUVs"
52,Which car brands are best for snowy climates,,n.a,"Volvo, Camry, Tucson, Subaru Outback, Subaru, Featuring Audi, AWD, It, Known, Toyota Camry, While, SUV, Available, Quattro, Equipped, Hyundai Tucson, Chevrolet Full-Size, HTRAC, FWD, Hyundai, Chevrolet, F-, Several, Toyota, Here, Audi, Falken Wildpeak, SUVs"
52,Which car brands are best for snowy climates,,n.a,"Volvo, Camry, Tucson, Subaru Outback, Subaru, Featuring Audi, AWD, It, Known, Toyota Camry, While, SUV, Available, Quattro, Equipped, Hyundai Tucson, Chevrolet Full-Size, HTRAC, FWD, Hyundai, Chevrolet, F-, Several, Toyota, Here, Audi, Falken Wildpeak, SUVs"
52,Which car brands are best for snowy climates,,n.a,"Volvo, Camry, Tucson, Subaru Outback, Subaru, Featuring Audi, AWD, It, Known, Toyota Camry, While, SUV, Available, Quattro, Equipped, Hyundai Tucson, Chevrolet Full-Size, HTRAC, FWD, Hyundai, Chevrolet, F-, Several, Toyota, Here, Audi, Falken Wildpeak, SUVs"
52,Which car brands are best for snowy climates,,n.a,"Volvo, Camry, Tucson, Subaru Outback, Subaru, Featuring Audi, AWD, It, Known, Toyota Camry, While, SUV, Available, Quattro, Equipped, Hyundai Tucson, Chevrolet Full-Size, HTRAC, FWD, Hyundai, Chevrolet, F-, Several, Toyota, Here, Audi, Falken Wildpeak, SUVs"
53,Which car brands have the lowest maintenance costs,https://caredge.com/ranks/maintenance,,"Tesla, Based, Buick, Additionally, Nissan, Toyota, CarEdge, Honda, Mazda, Hyundai"
53,Which car brands have the lowest maintenance costs,https://www.consumerreports.org/cars/car-maintenance/the-cost-of-car-ownership-a1854979198/,,"Tesla, Based, Buick, Additionally, Nissan, Toyota, CarEdge, Honda, Mazda, Hyundai"
53,Which car brands have the lowest maintenance costs,https://www.kbb.com/car-news/consumer-reports-names-cheapest-cars-to-maintain/,,"Tesla, Based, Buick, Additionally, Nissan, Toyota, CarEdge, Honda, Mazda, Hyundai"
53,Which car brands have the lowest maintenance costs,https://www.cioccawesterndivision.com/blog/2025/january/17/what-cars-are-cheapest-to-maintain.htm,,"Tesla, Based, Buick, Additionally, Nissan, Toyota, CarEdge, Honda, Mazda, Hyundai"
53,Which car brands have the lowest maintenance costs,https://www.autolist.com/guides/cheapest-most-expensive-cars-maintain,,"Tesla, Based, Buick, Additionally, Nissan, Toyota, CarEdge, Honda, Mazda, Hyundai"
53,Which car brands have the lowest maintenance costs,,n.a,"Tesla, Based, Buick, Additionally, Nissan, Toyota, CarEdge, Honda, Mazda, Hyundai"
53,Which car brands have the lowest maintenance costs,,n.a,"Tesla, Based, Buick, Additionally, Nissan, Toyota, CarEdge, Honda, Mazda, Hyundai"
53,Which car brands have the lowest maintenance costs,,n.a,"Tesla, Based, Buick, Additionally, Nissan, Toyota, CarEdge, Honda, Mazda, Hyundai"
53,Which car brands have the lowest maintenance costs,,n.a,"Tesla, Based, Buick, Additionally, Nissan, Toyota, CarEdge, Honda, Mazda, Hyundai"
53,Which car brands have the lowest maintenance costs,,n.a,"Tesla, Based, Buick, Additionally, Nissan, Toyota, CarEdge, Honda, Mazda, Hyundai"
53,Which car brands have the lowest maintenance costs,,n.a,"Tesla, Based, Buick, Additionally, Nissan, Toyota, CarEdge, Honda, Mazda, Hyundai"
54,Which car brands are best for towing and hauling,https://www.edmunds.com/car-reviews/top-10/top-10-vehicles-for-towing.html,,"Sierra, Wrangler, GMC, Sources, HD, Silverado HD, Jeep, Car, Sierra HD, Silverado, Subaru, Duty, Best Towing, Trucks, GMC Sierra, Super Duty, Dodge, Towing Cars, It, Durango, Driver, Chat, Towing, Quadrasteer, SUV, Nissan, Capacity, TFL Car, Edmunds, Chevrolet Silverado, Top, Vehicles, Chevrolet, F-, Towing Vehicle, Recommendations, Rubicon, Several, Here, Silverado EV, Ascent Touring, GM, Armada, Sierra Denali, SUVs"
54,Which car brands are best for towing and hauling,https://www.caranddriver.com/rankings/best-pickup-trucks/towing,,"Sierra, Wrangler, GMC, Sources, HD, Silverado HD, Jeep, Car, Sierra HD, Silverado, Subaru, Duty, Best Towing, Trucks, GMC Sierra, Super Duty, Dodge, Towing Cars, It, Durango, Driver, Chat, Towing, Quadrasteer, SUV, Nissan, Capacity, TFL Car, Edmunds, Chevrolet Silverado, Top, Vehicles, Chevrolet, F-, Towing Vehicle, Recommendations, Rubicon, Several, Here, Silverado EV, Ascent Touring, GM, Armada, Sierra Denali, SUVs"
54,Which car brands are best for towing and hauling,https://www.youtube.com/watch?v=Epzd2Na_eKA,,"Sierra, Wrangler, GMC, Sources, HD, Silverado HD, Jeep, Car, Sierra HD, Silverado, Subaru, Duty, Best Towing, Trucks, GMC Sierra, Super Duty, Dodge, Towing Cars, It, Durango, Driver, Chat, Towing, Quadrasteer, SUV, Nissan, Capacity, TFL Car, Edmunds, Chevrolet Silverado, Top, Vehicles, Chevrolet, F-, Towing Vehicle, Recommendations, Rubicon, Several, Here, Silverado EV, Ascent Touring, GM, Armada, Sierra Denali, SUVs"
54,Which car brands are best for towing and hauling,https://www.forestriverforums.com/threads/towing-vehicle-recommendations.405024/,,"Sierra, Wrangler, GMC, Sources, HD, Silverado HD, Jeep, Car, Sierra HD, Silverado, Subaru, Duty, Best Towing, Trucks, GMC Sierra, Super Duty, Dodge, Towing Cars, It, Durango, Driver, Chat, Towing, Quadrasteer, SUV, Nissan, Capacity, TFL Car, Edmunds, Chevrolet Silverado, Top, Vehicles, Chevrolet, F-, Towing Vehicle, Recommendations, Rubicon, Several, Here, Silverado EV, Ascent Touring, GM, Armada, Sierra Denali, SUVs"
54,Which car brands are best for towing and hauling,https://www.motormatcher.com.au/car-research/top-10-vehicles-towing-power-and-performance-you-can-rely,,"Sierra, Wrangler, GMC, Sources, HD, Silverado HD, Jeep, Car, Sierra HD, Silverado, Subaru, Duty, Best Towing, Trucks, GMC Sierra, Super Duty, Dodge, Towing Cars, It, Durango, Driver, Chat, Towing, Quadrasteer, SUV, Nissan, Capacity, TFL Car, Edmunds, Chevrolet Silverado, Top, Vehicles, Chevrolet, F-, Towing Vehicle, Recommendations, Rubicon, Several, Here, Silverado EV, Ascent Touring, GM, Armada, Sierra Denali, SUVs"
54,Which car brands are best for towing and hauling,,n.a,"Sierra, Wrangler, GMC, Sources, HD, Silverado HD, Jeep, Car, Sierra HD, Silverado, Subaru, Duty, Best Towing, Trucks, GMC Sierra, Super Duty, Dodge, Towing Cars, It, Durango, Driver, Chat, Towing, Quadrasteer, SUV, Nissan, Capacity, TFL Car, Edmunds, Chevrolet Silverado, Top, Vehicles, Chevrolet, F-, Towing Vehicle, Recommendations, Rubicon, Several, Here, Silverado EV, Ascent Touring, GM, Armada, Sierra Denali, SUVs"
54,Which car brands are best for towing and hauling,,n.a,"Sierra, Wrangler, GMC, Sources, HD, Silverado HD, Jeep, Car, Sierra HD, Silverado, Subaru, Duty, Best Towing, Trucks, GMC Sierra, Super Duty, Dodge, Towing Cars, It, Durango, Driver, Chat, Towing, Quadrasteer, SUV, Nissan, Capacity, TFL Car, Edmunds, Chevrolet Silverado, Top, Vehicles, Chevrolet, F-, Towing Vehicle, Recommendations, Rubicon, Several, Here, Silverado EV, Ascent Touring, GM, Armada, Sierra Denali, SUVs"
54,Which car brands are best for towing and hauling,,n.a,"Sierra, Wrangler, GMC, Sources, HD, Silverado HD, Jeep, Car, Sierra HD, Silverado, Subaru, Duty, Best Towing, Trucks, GMC Sierra, Super Duty, Dodge, Towing Cars, It, Durango, Driver, Chat, Towing, Quadrasteer, SUV, Nissan, Capacity, TFL Car, Edmunds, Chevrolet Silverado, Top, Vehicles, Chevrolet, F-, Towing Vehicle, Recommendations, Rubicon, Several, Here, Silverado EV, Ascent Touring, GM, Armada, Sierra Denali, SUVs"
54,Which car brands are best for towing and hauling,,n.a,"Sierra, Wrangler, GMC, Sources, HD, Silverado HD, Jeep, Car, Sierra HD, Silverado, Subaru, Duty, Best Towing, Trucks, GMC Sierra, Super Duty, Dodge, Towing Cars, It, Durango, Driver, Chat, Towing, Quadrasteer, SUV, Nissan, Capacity, TFL Car, Edmunds, Chevrolet Silverado, Top, Vehicles, Chevrolet, F-, Towing Vehicle, Recommendations, Rubicon, Several, Here, Silverado EV, Ascent Touring, GM, Armada, Sierra Denali, SUVs"
54,Which car brands are best for towing and hauling,,n.a,"Sierra, Wrangler, GMC, Sources, HD, Silverado HD, Jeep, Car, Sierra HD, Silverado, Subaru, Duty, Best Towing, Trucks, GMC Sierra, Super Duty, Dodge, Towing Cars, It, Durango, Driver, Chat, Towing, Quadrasteer, SUV, Nissan, Capacity, TFL Car, Edmunds, Chevrolet Silverado, Top, Vehicles, Chevrolet, F-, Towing Vehicle, Recommendations, Rubicon, Several, Here, Silverado EV, Ascent Touring, GM, Armada, Sierra Denali, SUVs"
54,Which car brands are best for towing and hauling,,n.a,"Sierra, Wrangler, GMC, Sources, HD, Silverado HD, Jeep, Car, Sierra HD, Silverado, Subaru, Duty, Best Towing, Trucks, GMC Sierra, Super Duty, Dodge, Towing Cars, It, Durango, Driver, Chat, Towing, Quadrasteer, SUV, Nissan, Capacity, TFL Car, Edmunds, Chevrolet Silverado, Top, Vehicles, Chevrolet, F-, Towing Vehicle, Recommendations, Rubicon, Several, Here, Silverado EV, Ascent Touring, GM, Armada, Sierra Denali, SUVs"
55,Which car brands are ideal for young professionals,https://www.autostoday.com/blog/best-cars-for-young-professionals,,"Volkswagen, Elantra, Impreza, Assist Technology, Subaru, Golf GTI, Mazda, Hyundai SmartSense, Hyundai, SkyActiv, Several, Tacoma, MPG, EyeSight Driver, Apple CarPlay, Toyota, Here, It, Kia, Mustang Mach-E"
55,Which car brands are ideal for young professionals,https://www.autoweb.com/10-best-cars-for-young-professionals,,"Volkswagen, Elantra, Impreza, Assist Technology, Subaru, Golf GTI, Mazda, Hyundai SmartSense, Hyundai, SkyActiv, Several, Tacoma, MPG, EyeSight Driver, Apple CarPlay, Toyota, Here, It, Kia, Mustang Mach-E"
55,Which car brands are ideal for young professionals,https://www.cars.com/articles/10-cars-for-graduates-and-young-professionals-1420695528408/,,"Volkswagen, Elantra, Impreza, Assist Technology, Subaru, Golf GTI, Mazda, Hyundai SmartSense, Hyundai, SkyActiv, Several, Tacoma, MPG, EyeSight Driver, Apple CarPlay, Toyota, Here, It, Kia, Mustang Mach-E"
55,Which car brands are ideal for young professionals,https://auto.howstuffworks.com/the-10-best-first-cars-for-young-drivers.htm,,"Volkswagen, Elantra, Impreza, Assist Technology, Subaru, Golf GTI, Mazda, Hyundai SmartSense, Hyundai, SkyActiv, Several, Tacoma, MPG, EyeSight Driver, Apple CarPlay, Toyota, Here, It, Kia, Mustang Mach-E"
55,Which car brands are ideal for young professionals,,n.a,"Volkswagen, Elantra, Impreza, Assist Technology, Subaru, Golf GTI, Mazda, Hyundai SmartSense, Hyundai, SkyActiv, Several, Tacoma, MPG, EyeSight Driver, Apple CarPlay, Toyota, Here, It, Kia, Mustang Mach-E"
55,Which car brands are ideal for young professionals,,n.a,"Volkswagen, Elantra, Impreza, Assist Technology, Subaru, Golf GTI, Mazda, Hyundai SmartSense, Hyundai, SkyActiv, Several, Tacoma, MPG, EyeSight Driver, Apple CarPlay, Toyota, Here, It, Kia, Mustang Mach-E"
55,Which car brands are ideal for young professionals,,n.a,"Volkswagen, Elantra, Impreza, Assist Technology, Subaru, Golf GTI, Mazda, Hyundai SmartSense, Hyundai, SkyActiv, Several, Tacoma, MPG, EyeSight Driver, Apple CarPlay, Toyota, Here, It, Kia, Mustang Mach-E"
56,Which car brands offer the quietest ride,https://www.caranddriver.com/research/a31608803/quietest-cars/,,"Volvo, ES, Tucson, Vibration, Lexus, Jaguar, Buick, Mercedes-Benz, British, Honda, CR-V, Noise, NVH, XJ, Hyundai, Harshness, Enclave, Several, Tour, Toyota, Avalon, Lexus ES, Michelin Primacy, Audi, Genesis"
56,Which car brands offer the quietest ride,https://www.carsoup.com/blog/2024/04/23/untitled-374/,,"Volvo, ES, Tucson, Vibration, Lexus, Jaguar, Buick, Mercedes-Benz, British, Honda, CR-V, Noise, NVH, XJ, Hyundai, Harshness, Enclave, Several, Tour, Toyota, Avalon, Lexus ES, Michelin Primacy, Audi, Genesis"
56,Which car brands offer the quietest ride,https://forum.leasehackr.com/t/ideas-for-vehicles-with-smooth-ride-quality-and-quiet-cabin/637612,,"Volvo, ES, Tucson, Vibration, Lexus, Jaguar, Buick, Mercedes-Benz, British, Honda, CR-V, Noise, NVH, XJ, Hyundai, Harshness, Enclave, Several, Tour, Toyota, Avalon, Lexus ES, Michelin Primacy, Audi, Genesis"
56,Which car brands offer the quietest ride,https://getcybertrucked.com/blog/13-luxury-vehicles-that-offer-the-quietest-rides-whisper-like-luxury,,"Volvo, ES, Tucson, Vibration, Lexus, Jaguar, Buick, Mercedes-Benz, British, Honda, CR-V, Noise, NVH, XJ, Hyundai, Harshness, Enclave, Several, Tour, Toyota, Avalon, Lexus ES, Michelin Primacy, Audi, Genesis"
56,Which car brands offer the quietest ride,https://www.youtube.com/watch?v=c06LsffjVAw,,"Volvo, ES, Tucson, Vibration, Lexus, Jaguar, Buick, Mercedes-Benz, British, Honda, CR-V, Noise, NVH, XJ, Hyundai, Harshness, Enclave, Several, Tour, Toyota, Avalon, Lexus ES, Michelin Primacy, Audi, Genesis"
56,Which car brands offer the quietest ride,,n.a,"Volvo, ES, Tucson, Vibration, Lexus, Jaguar, Buick, Mercedes-Benz, British, Honda, CR-V, Noise, NVH, XJ, Hyundai, Harshness, Enclave, Several, Tour, Toyota, Avalon, Lexus ES, Michelin Primacy, Audi, Genesis"
56,Which car brands offer the quietest ride,,n.a,"Volvo, ES, Tucson, Vibration, Lexus, Jaguar, Buick, Mercedes-Benz, British, Honda, CR-V, Noise, NVH, XJ, Hyundai, Harshness, Enclave, Several, Tour, Toyota, Avalon, Lexus ES, Michelin Primacy, Audi, Genesis"
56,Which car brands offer the quietest ride,,n.a,"Volvo, ES, Tucson, Vibration, Lexus, Jaguar, Buick, Mercedes-Benz, British, Honda, CR-V, Noise, NVH, XJ, Hyundai, Harshness, Enclave, Several, Tour, Toyota, Avalon, Lexus ES, Michelin Primacy, Audi, Genesis"
56,Which car brands offer the quietest ride,,n.a,"Volvo, ES, Tucson, Vibration, Lexus, Jaguar, Buick, Mercedes-Benz, British, Honda, CR-V, Noise, NVH, XJ, Hyundai, Harshness, Enclave, Several, Tour, Toyota, Avalon, Lexus ES, Michelin Primacy, Audi, Genesis"
56,Which car brands offer the quietest ride,,n.a,"Volvo, ES, Tucson, Vibration, Lexus, Jaguar, Buick, Mercedes-Benz, British, Honda, CR-V, Noise, NVH, XJ, Hyundai, Harshness, Enclave, Several, Tour, Toyota, Avalon, Lexus ES, Michelin Primacy, Audi, Genesis"
56,Which car brands offer the quietest ride,,n.a,"Volvo, ES, Tucson, Vibration, Lexus, Jaguar, Buick, Mercedes-Benz, British, Honda, CR-V, Noise, NVH, XJ, Hyundai, Harshness, Enclave, Several, Tour, Toyota, Avalon, Lexus ES, Michelin Primacy, Audi, Genesis"
57,Which car brands have the best adaptive cruise control,https://www.consumerreports.org/cars/car-safety/active-driving-assistance-systems-review-a2103632203/,,"Tesla, Sources, Lexus, Toyota ACC, Assistance Systems, WhatCar, Ranked, Model, Mercedes-Benz, Noted, TrueCar, Known, Control, ACC, BlueCruise, Best Cars, Which, Active Driving, CR Rates, Similar, Several, Toyota, Here, Summary, Audi, Highly, S-bend, Adaptive Cruise"
57,Which car brands have the best adaptive cruise control,https://www.truecar.com/best-cars-trucks/cars/cruise-control-adaptive/,,"Tesla, Sources, Lexus, Toyota ACC, Assistance Systems, WhatCar, Ranked, Model, Mercedes-Benz, Noted, TrueCar, Known, Control, ACC, BlueCruise, Best Cars, Which, Active Driving, CR Rates, Similar, Several, Toyota, Here, Summary, Audi, Highly, S-bend, Adaptive Cruise"
57,Which car brands have the best adaptive cruise control,https://www.carparisonleasing.co.uk/blog/which-cars-have-adaptive-cruise-control,,"Tesla, Sources, Lexus, Toyota ACC, Assistance Systems, WhatCar, Ranked, Model, Mercedes-Benz, Noted, TrueCar, Known, Control, ACC, BlueCruise, Best Cars, Which, Active Driving, CR Rates, Similar, Several, Toyota, Here, Summary, Audi, Highly, S-bend, Adaptive Cruise"
57,Which car brands have the best adaptive cruise control,https://www.whatcar.com/news/self-driving-cars-tested/n25624,,"Tesla, Sources, Lexus, Toyota ACC, Assistance Systems, WhatCar, Ranked, Model, Mercedes-Benz, Noted, TrueCar, Known, Control, ACC, BlueCruise, Best Cars, Which, Active Driving, CR Rates, Similar, Several, Toyota, Here, Summary, Audi, Highly, S-bend, Adaptive Cruise"
57,Which car brands have the best adaptive cruise control,https://forum.leasehackr.com/t/best-overall-adaptive-cruise-system/391340/18,,"Tesla, Sources, Lexus, Toyota ACC, Assistance Systems, WhatCar, Ranked, Model, Mercedes-Benz, Noted, TrueCar, Known, Control, ACC, BlueCruise, Best Cars, Which, Active Driving, CR Rates, Similar, Several, Toyota, Here, Summary, Audi, Highly, S-bend, Adaptive Cruise"
57,Which car brands have the best adaptive cruise control,,n.a,"Tesla, Sources, Lexus, Toyota ACC, Assistance Systems, WhatCar, Ranked, Model, Mercedes-Benz, Noted, TrueCar, Known, Control, ACC, BlueCruise, Best Cars, Which, Active Driving, CR Rates, Similar, Several, Toyota, Here, Summary, Audi, Highly, S-bend, Adaptive Cruise"
57,Which car brands have the best adaptive cruise control,,n.a,"Tesla, Sources, Lexus, Toyota ACC, Assistance Systems, WhatCar, Ranked, Model, Mercedes-Benz, Noted, TrueCar, Known, Control, ACC, BlueCruise, Best Cars, Which, Active Driving, CR Rates, Similar, Several, Toyota, Here, Summary, Audi, Highly, S-bend, Adaptive Cruise"
57,Which car brands have the best adaptive cruise control,,n.a,"Tesla, Sources, Lexus, Toyota ACC, Assistance Systems, WhatCar, Ranked, Model, Mercedes-Benz, Noted, TrueCar, Known, Control, ACC, BlueCruise, Best Cars, Which, Active Driving, CR Rates, Similar, Several, Toyota, Here, Summary, Audi, Highly, S-bend, Adaptive Cruise"
57,Which car brands have the best adaptive cruise control,,n.a,"Tesla, Sources, Lexus, Toyota ACC, Assistance Systems, WhatCar, Ranked, Model, Mercedes-Benz, Noted, TrueCar, Known, Control, ACC, BlueCruise, Best Cars, Which, Active Driving, CR Rates, Similar, Several, Toyota, Here, Summary, Audi, Highly, S-bend, Adaptive Cruise"
57,Which car brands have the best adaptive cruise control,,n.a,"Tesla, Sources, Lexus, Toyota ACC, Assistance Systems, WhatCar, Ranked, Model, Mercedes-Benz, Noted, TrueCar, Known, Control, ACC, BlueCruise, Best Cars, Which, Active Driving, CR Rates, Similar, Several, Toyota, Here, Summary, Audi, Highly, S-bend, Adaptive Cruise"
57,Which car brands have the best adaptive cruise control,,n.a,"Tesla, Sources, Lexus, Toyota ACC, Assistance Systems, WhatCar, Ranked, Model, Mercedes-Benz, Noted, TrueCar, Known, Control, ACC, BlueCruise, Best Cars, Which, Active Driving, CR Rates, Similar, Several, Toyota, Here, Summary, Audi, Highly, S-bend, Adaptive Cruise"
58,Which car brands are best for rural driving,https://www.autospeedmarket.com/reviews-view/when-every-mile-matters-choosing-a-reputable-car-brand-for-rural-living,,"Subaru, Wrangler, Several, Toyota, Rover, Cruiser, Here, Honda, Jeep, Audi, Rover Range, Subaru Outback, Known, Models, Cherokee, CR-V, While, SUVs"
58,Which car brands are best for rural driving,https://slapdashmom.com/the-best-cars-for-comfortable-countryside-driving/,,"Subaru, Wrangler, Several, Toyota, Rover, Cruiser, Here, Honda, Jeep, Audi, Rover Range, Subaru Outback, Known, Models, Cherokee, CR-V, While, SUVs"
58,Which car brands are best for rural driving,https://www.ruralmailtalk.com/threads/compatible-vehicle-for-rural-route.7280/,,"Subaru, Wrangler, Several, Toyota, Rover, Cruiser, Here, Honda, Jeep, Audi, Rover Range, Subaru Outback, Known, Models, Cherokee, CR-V, While, SUVs"
58,Which car brands are best for rural driving,https://www.pistonheads.com/gassing/topic.asp?h=0&f=255&t=2076555,,"Subaru, Wrangler, Several, Toyota, Rover, Cruiser, Here, Honda, Jeep, Audi, Rover Range, Subaru Outback, Known, Models, Cherokee, CR-V, While, SUVs"
58,Which car brands are best for rural driving,https://www.finehomesandliving.com/featured/feature-packed-vehicles-for-rural-family-drivers/article_7040503e-b5f9-11ec-b147-775d310952e1.html,,"Subaru, Wrangler, Several, Toyota, Rover, Cruiser, Here, Honda, Jeep, Audi, Rover Range, Subaru Outback, Known, Models, Cherokee, CR-V, While, SUVs"
58,Which car brands are best for rural driving,,n.a,"Subaru, Wrangler, Several, Toyota, Rover, Cruiser, Here, Honda, Jeep, Audi, Rover Range, Subaru Outback, Known, Models, Cherokee, CR-V, While, SUVs"
58,Which car brands are best for rural driving,,n.a,"Subaru, Wrangler, Several, Toyota, Rover, Cruiser, Here, Honda, Jeep, Audi, Rover Range, Subaru Outback, Known, Models, Cherokee, CR-V, While, SUVs"
58,Which car brands are best for rural driving,,n.a,"Subaru, Wrangler, Several, Toyota, Rover, Cruiser, Here, Honda, Jeep, Audi, Rover Range, Subaru Outback, Known, Models, Cherokee, CR-V, While, SUVs"
58,Which car brands are best for rural driving,,n.a,"Subaru, Wrangler, Several, Toyota, Rover, Cruiser, Here, Honda, Jeep, Audi, Rover Range, Subaru Outback, Known, Models, Cherokee, CR-V, While, SUVs"
59,Which car brands make the best plug-in hybrids,https://www.caranddriver.com/rankings/best-plug-in-hybrids,,"Recharge, Volvo, CX-, Volkswagen, Sources, TSI, Hybrid Vehicles, Prime, Car, What Car, Hybrid EVs, Golf, Mazda, Niro Hybrid, Driver, SUV, Hybrid, Best Plug-In, CNET, Edmunds, EV, Prius Prime, Several, Toyota, BMW, Best Hybrid, Here, Cars, Best, Kia"
59,Which car brands make the best plug-in hybrids,https://www.whatcar.com/best/plug-in-hybrid-cars/n22743,,"Recharge, Volvo, CX-, Volkswagen, Sources, TSI, Hybrid Vehicles, Prime, Car, What Car, Hybrid EVs, Golf, Mazda, Niro Hybrid, Driver, SUV, Hybrid, Best Plug-In, CNET, Edmunds, EV, Prius Prime, Several, Toyota, BMW, Best Hybrid, Here, Cars, Best, Kia"
59,Which car brands make the best plug-in hybrids,https://www.consumerreports.org/cars/plug-in-hybrids/best-plug-in-hybrid-cars-and-suvs-a1332421875/,,"Recharge, Volvo, CX-, Volkswagen, Sources, TSI, Hybrid Vehicles, Prime, Car, What Car, Hybrid EVs, Golf, Mazda, Niro Hybrid, Driver, SUV, Hybrid, Best Plug-In, CNET, Edmunds, EV, Prius Prime, Several, Toyota, BMW, Best Hybrid, Here, Cars, Best, Kia"
59,Which car brands make the best plug-in hybrids,https://www.cnet.com/home/electric-vehicles/best-plug-in-hybrid-evs/,,"Recharge, Volvo, CX-, Volkswagen, Sources, TSI, Hybrid Vehicles, Prime, Car, What Car, Hybrid EVs, Golf, Mazda, Niro Hybrid, Driver, SUV, Hybrid, Best Plug-In, CNET, Edmunds, EV, Prius Prime, Several, Toyota, BMW, Best Hybrid, Here, Cars, Best, Kia"
59,Which car brands make the best plug-in hybrids,https://www.edmunds.com/hybrid/,,"Recharge, Volvo, CX-, Volkswagen, Sources, TSI, Hybrid Vehicles, Prime, Car, What Car, Hybrid EVs, Golf, Mazda, Niro Hybrid, Driver, SUV, Hybrid, Best Plug-In, CNET, Edmunds, EV, Prius Prime, Several, Toyota, BMW, Best Hybrid, Here, Cars, Best, Kia"
59,Which car brands make the best plug-in hybrids,,n.a,"Recharge, Volvo, CX-, Volkswagen, Sources, TSI, Hybrid Vehicles, Prime, Car, What Car, Hybrid EVs, Golf, Mazda, Niro Hybrid, Driver, SUV, Hybrid, Best Plug-In, CNET, Edmunds, EV, Prius Prime, Several, Toyota, BMW, Best Hybrid, Here, Cars, Best, Kia"
59,Which car brands make the best plug-in hybrids,,n.a,"Recharge, Volvo, CX-, Volkswagen, Sources, TSI, Hybrid Vehicles, Prime, Car, What Car, Hybrid EVs, Golf, Mazda, Niro Hybrid, Driver, SUV, Hybrid, Best Plug-In, CNET, Edmunds, EV, Prius Prime, Several, Toyota, BMW, Best Hybrid, Here, Cars, Best, Kia"
59,Which car brands make the best plug-in hybrids,,n.a,"Recharge, Volvo, CX-, Volkswagen, Sources, TSI, Hybrid Vehicles, Prime, Car, What Car, Hybrid EVs, Golf, Mazda, Niro Hybrid, Driver, SUV, Hybrid, Best Plug-In, CNET, Edmunds, EV, Prius Prime, Several, Toyota, BMW, Best Hybrid, Here, Cars, Best, Kia"
59,Which car brands make the best plug-in hybrids,,n.a,"Recharge, Volvo, CX-, Volkswagen, Sources, TSI, Hybrid Vehicles, Prime, Car, What Car, Hybrid EVs, Golf, Mazda, Niro Hybrid, Driver, SUV, Hybrid, Best Plug-In, CNET, Edmunds, EV, Prius Prime, Several, Toyota, BMW, Best Hybrid, Here, Cars, Best, Kia"
59,Which car brands make the best plug-in hybrids,,n.a,"Recharge, Volvo, CX-, Volkswagen, Sources, TSI, Hybrid Vehicles, Prime, Car, What Car, Hybrid EVs, Golf, Mazda, Niro Hybrid, Driver, SUV, Hybrid, Best Plug-In, CNET, Edmunds, EV, Prius Prime, Several, Toyota, BMW, Best Hybrid, Here, Cars, Best, Kia"
59,Which car brands make the best plug-in hybrids,,n.a,"Recharge, Volvo, CX-, Volkswagen, Sources, TSI, Hybrid Vehicles, Prime, Car, What Car, Hybrid EVs, Golf, Mazda, Niro Hybrid, Driver, SUV, Hybrid, Best Plug-In, CNET, Edmunds, EV, Prius Prime, Several, Toyota, BMW, Best Hybrid, Here, Cars, Best, Kia"
60,Which car brands offer the most customization options,https://www.caranddriver.com/research/a32811308/best-cars-to-customize/,,"Volkswagen, GTI, WRX STI, Rolls-Royce, Subaru, This, Dodge, ECU, Clients, SXT, Chevrolet, Personam, Several, Continues, Toyota, Jailbreak, Here, Manufaktur, Supra, It, Hellcat Redeye"
60,Which car brands offer the most customization options,https://www.cofi.ai/resources/the-customization-of-high-end-luxury-cars,,"Volkswagen, GTI, WRX STI, Rolls-Royce, Subaru, This, Dodge, ECU, Clients, SXT, Chevrolet, Personam, Several, Continues, Toyota, Jailbreak, Here, Manufaktur, Supra, It, Hellcat Redeye"
60,Which car brands offer the most customization options,https://douradocars.com/list-of-luxury-car-brands-superior/,,"Volkswagen, GTI, WRX STI, Rolls-Royce, Subaru, This, Dodge, ECU, Clients, SXT, Chevrolet, Personam, Several, Continues, Toyota, Jailbreak, Here, Manufaktur, Supra, It, Hellcat Redeye"
60,Which car brands offer the most customization options,https://www.drivingline.com/articles/americas-6-most-customizable-vehicles/,,"Volkswagen, GTI, WRX STI, Rolls-Royce, Subaru, This, Dodge, ECU, Clients, SXT, Chevrolet, Personam, Several, Continues, Toyota, Jailbreak, Here, Manufaktur, Supra, It, Hellcat Redeye"
60,Which car brands offer the most customization options,https://getcybertrucked.com/blog/24-cars-known-for-their-incredible-customization-options-personalize-your-ride,,"Volkswagen, GTI, WRX STI, Rolls-Royce, Subaru, This, Dodge, ECU, Clients, SXT, Chevrolet, Personam, Several, Continues, Toyota, Jailbreak, Here, Manufaktur, Supra, It, Hellcat Redeye"
60,Which car brands offer the most customization options,,n.a,"Volkswagen, GTI, WRX STI, Rolls-Royce, Subaru, This, Dodge, ECU, Clients, SXT, Chevrolet, Personam, Several, Continues, Toyota, Jailbreak, Here, Manufaktur, Supra, It, Hellcat Redeye"
60,Which car brands offer the most customization options,,n.a,"Volkswagen, GTI, WRX STI, Rolls-Royce, Subaru, This, Dodge, ECU, Clients, SXT, Chevrolet, Personam, Several, Continues, Toyota, Jailbreak, Here, Manufaktur, Supra, It, Hellcat Redeye"
60,Which car brands offer the most customization options,,n.a,"Volkswagen, GTI, WRX STI, Rolls-Royce, Subaru, This, Dodge, ECU, Clients, SXT, Chevrolet, Personam, Several, Continues, Toyota, Jailbreak, Here, Manufaktur, Supra, It, Hellcat Redeye"
60,Which car brands offer the most customization options,,n.a,"Volkswagen, GTI, WRX STI, Rolls-Royce, Subaru, This, Dodge, ECU, Clients, SXT, Chevrolet, Personam, Several, Continues, Toyota, Jailbreak, Here, Manufaktur, Supra, It, Hellcat Redeye"
60,Which car brands offer the most customization options,,n.a,"Volkswagen, GTI, WRX STI, Rolls-Royce, Subaru, This, Dodge, ECU, Clients, SXT, Chevrolet, Personam, Several, Continues, Toyota, Jailbreak, Here, Manufaktur, Supra, It, Hellcat Redeye"
60,Which car brands offer the most customization options,,n.a,"Volkswagen, GTI, WRX STI, Rolls-Royce, Subaru, This, Dodge, ECU, Clients, SXT, Chevrolet, Personam, Several, Continues, Toyota, Jailbreak, Here, Manufaktur, Supra, It, Hellcat Redeye"
60,Which car brands offer the most customization options,,n.a,"Volkswagen, GTI, WRX STI, Rolls-Royce, Subaru, This, Dodge, ECU, Clients, SXT, Chevrolet, Personam, Several, Continues, Toyota, Jailbreak, Here, Manufaktur, Supra, It, Hellcat Redeye"
60,Which car brands offer the most customization options,,n.a,"Volkswagen, GTI, WRX STI, Rolls-Royce, Subaru, This, Dodge, ECU, Clients, SXT, Chevrolet, Personam, Several, Continues, Toyota, Jailbreak, Here, Manufaktur, Supra, It, Hellcat Redeye"
61,Which car brands are most popular in South America,https://www.globalfleet.com/en/manufacturers/latin-america/analysis/best-selling-cars-latin-america-top-5-markets,,"Fiat, Global Fleet, Volkswagen, Argentina, Sources, South America, In South, Colombia, Statista, In Brazil, Country, Chevrolet, Popular Car, Renault, South American, Best, Suzuki, Toyota, Detailed Breakdown, Here, Regtransfers, Latin America, It, America, Brazil, Kia"
61,Which car brands are most popular in South America,https://www.focus2move.com/latin-america-best-selling-cars/,,"Fiat, Global Fleet, Volkswagen, Argentina, Sources, South America, In South, Colombia, Statista, In Brazil, Country, Chevrolet, Popular Car, Renault, South American, Best, Suzuki, Toyota, Detailed Breakdown, Here, Regtransfers, Latin America, It, America, Brazil, Kia"
61,Which car brands are most popular in South America,https://www.statista.com/statistics/976619/best-selling-cars-latin-america-model/,,"Fiat, Global Fleet, Volkswagen, Argentina, Sources, South America, In South, Colombia, Statista, In Brazil, Country, Chevrolet, Popular Car, Renault, South American, Best, Suzuki, Toyota, Detailed Breakdown, Here, Regtransfers, Latin America, It, America, Brazil, Kia"
61,Which car brands are most popular in South America,https://www.regtransfers.co.uk/content/worlds-top-selling-car-manufacturers-country,,"Fiat, Global Fleet, Volkswagen, Argentina, Sources, South America, In South, Colombia, Statista, In Brazil, Country, Chevrolet, Popular Car, Renault, South American, Best, Suzuki, Toyota, Detailed Breakdown, Here, Regtransfers, Latin America, It, America, Brazil, Kia"
61,Which car brands are most popular in South America,https://www.statista.com/statistics/259797/market-share-of-car-brands-in-brazil/,,"Fiat, Global Fleet, Volkswagen, Argentina, Sources, South America, In South, Colombia, Statista, In Brazil, Country, Chevrolet, Popular Car, Renault, South American, Best, Suzuki, Toyota, Detailed Breakdown, Here, Regtransfers, Latin America, It, America, Brazil, Kia"
61,Which car brands are most popular in South America,,n.a,"Fiat, Global Fleet, Volkswagen, Argentina, Sources, South America, In South, Colombia, Statista, In Brazil, Country, Chevrolet, Popular Car, Renault, South American, Best, Suzuki, Toyota, Detailed Breakdown, Here, Regtransfers, Latin America, It, America, Brazil, Kia"
61,Which car brands are most popular in South America,,n.a,"Fiat, Global Fleet, Volkswagen, Argentina, Sources, South America, In South, Colombia, Statista, In Brazil, Country, Chevrolet, Popular Car, Renault, South American, Best, Suzuki, Toyota, Detailed Breakdown, Here, Regtransfers, Latin America, It, America, Brazil, Kia"
61,Which car brands are most popular in South America,,n.a,"Fiat, Global Fleet, Volkswagen, Argentina, Sources, South America, In South, Colombia, Statista, In Brazil, Country, Chevrolet, Popular Car, Renault, South American, Best, Suzuki, Toyota, Detailed Breakdown, Here, Regtransfers, Latin America, It, America, Brazil, Kia"
61,Which car brands are most popular in South America,,n.a,"Fiat, Global Fleet, Volkswagen, Argentina, Sources, South America, In South, Colombia, Statista, In Brazil, Country, Chevrolet, Popular Car, Renault, South American, Best, Suzuki, Toyota, Detailed Breakdown, Here, Regtransfers, Latin America, It, America, Brazil, Kia"
62,Which car brands provide lifetime warranty options,https://extendedautowarranty.com/news/car-manufacturers-with-longest-lifetime-warranties/,,"Several, Beaman Toyota, Toyota, GMC, Lifetime Warranty, Chevrolet Buick, It, Buick GMC, Powertrain Warranty, Lifetime Limited"
62,Which car brands provide lifetime warranty options,https://www.toyotaofmurray.com/lifetime-warranty-myths/,,"Several, Beaman Toyota, Toyota, GMC, Lifetime Warranty, Chevrolet Buick, It, Buick GMC, Powertrain Warranty, Lifetime Limited"
62,Which car brands provide lifetime warranty options,https://www.cars.com/articles/which-vehicles-have-the-best-warranty-coverage-447236/,,"Several, Beaman Toyota, Toyota, GMC, Lifetime Warranty, Chevrolet Buick, It, Buick GMC, Powertrain Warranty, Lifetime Limited"
62,Which car brands provide lifetime warranty options,https://www.beamantoyota.com/lifetime-warranty/,,"Several, Beaman Toyota, Toyota, GMC, Lifetime Warranty, Chevrolet Buick, It, Buick GMC, Powertrain Warranty, Lifetime Limited"
62,Which car brands provide lifetime warranty options,https://www.chevroletbuickgmcofmurfreesboro.com/lifetime-warranty.htm,,"Several, Beaman Toyota, Toyota, GMC, Lifetime Warranty, Chevrolet Buick, It, Buick GMC, Powertrain Warranty, Lifetime Limited"
62,Which car brands provide lifetime warranty options,,n.a,"Several, Beaman Toyota, Toyota, GMC, Lifetime Warranty, Chevrolet Buick, It, Buick GMC, Powertrain Warranty, Lifetime Limited"
62,Which car brands provide lifetime warranty options,,n.a,"Several, Beaman Toyota, Toyota, GMC, Lifetime Warranty, Chevrolet Buick, It, Buick GMC, Powertrain Warranty, Lifetime Limited"
63,Which car brands are known for smooth and stable rides,https://www.autoweb.com/10-cars-with-the-smoothest-ride,,"Cadillac, Lexus, UX, Rolls-Royce, Buick, Cadillac XTS, Mercedes-Benz, Ghost, Magnetic Ride, This, HiPer Strut, Control, System, Buick LaCrosse, AIRMATIC, Equipped, Planar Suspension, Continuous Damping, Several, Additionally, BMW, Here, It, S-Class"
63,Which car brands are known for smooth and stable rides,https://douradocars.com/newest-luxury-cars-models-that-offer-the-smoothest-rides/,,"Cadillac, Lexus, UX, Rolls-Royce, Buick, Cadillac XTS, Mercedes-Benz, Ghost, Magnetic Ride, This, HiPer Strut, Control, System, Buick LaCrosse, AIRMATIC, Equipped, Planar Suspension, Continuous Damping, Several, Additionally, BMW, Here, It, S-Class"
63,Which car brands are known for smooth and stable rides,https://www.consumerreports.org/luxury-cars/luxury-cars-with-most-comfortable-ride/,,"Cadillac, Lexus, UX, Rolls-Royce, Buick, Cadillac XTS, Mercedes-Benz, Ghost, Magnetic Ride, This, HiPer Strut, Control, System, Buick LaCrosse, AIRMATIC, Equipped, Planar Suspension, Continuous Damping, Several, Additionally, BMW, Here, It, S-Class"
63,Which car brands are known for smooth and stable rides,https://carfromjapan.com/article/smoothest-riding-cars/,,"Cadillac, Lexus, UX, Rolls-Royce, Buick, Cadillac XTS, Mercedes-Benz, Ghost, Magnetic Ride, This, HiPer Strut, Control, System, Buick LaCrosse, AIRMATIC, Equipped, Planar Suspension, Continuous Damping, Several, Additionally, BMW, Here, It, S-Class"
63,Which car brands are known for smooth and stable rides,https://www.carwow.co.uk/best/the-most-and-least-comfortable-cars-you-can-buy,,"Cadillac, Lexus, UX, Rolls-Royce, Buick, Cadillac XTS, Mercedes-Benz, Ghost, Magnetic Ride, This, HiPer Strut, Control, System, Buick LaCrosse, AIRMATIC, Equipped, Planar Suspension, Continuous Damping, Several, Additionally, BMW, Here, It, S-Class"
63,Which car brands are known for smooth and stable rides,,n.a,"Cadillac, Lexus, UX, Rolls-Royce, Buick, Cadillac XTS, Mercedes-Benz, Ghost, Magnetic Ride, This, HiPer Strut, Control, System, Buick LaCrosse, AIRMATIC, Equipped, Planar Suspension, Continuous Damping, Several, Additionally, BMW, Here, It, S-Class"
63,Which car brands are known for smooth and stable rides,,n.a,"Cadillac, Lexus, UX, Rolls-Royce, Buick, Cadillac XTS, Mercedes-Benz, Ghost, Magnetic Ride, This, HiPer Strut, Control, System, Buick LaCrosse, AIRMATIC, Equipped, Planar Suspension, Continuous Damping, Several, Additionally, BMW, Here, It, S-Class"
63,Which car brands are known for smooth and stable rides,,n.a,"Cadillac, Lexus, UX, Rolls-Royce, Buick, Cadillac XTS, Mercedes-Benz, Ghost, Magnetic Ride, This, HiPer Strut, Control, System, Buick LaCrosse, AIRMATIC, Equipped, Planar Suspension, Continuous Damping, Several, Additionally, BMW, Here, It, S-Class"
63,Which car brands are known for smooth and stable rides,,n.a,"Cadillac, Lexus, UX, Rolls-Royce, Buick, Cadillac XTS, Mercedes-Benz, Ghost, Magnetic Ride, This, HiPer Strut, Control, System, Buick LaCrosse, AIRMATIC, Equipped, Planar Suspension, Continuous Damping, Several, Additionally, BMW, Here, It, S-Class"
63,Which car brands are known for smooth and stable rides,,n.a,"Cadillac, Lexus, UX, Rolls-Royce, Buick, Cadillac XTS, Mercedes-Benz, Ghost, Magnetic Ride, This, HiPer Strut, Control, System, Buick LaCrosse, AIRMATIC, Equipped, Planar Suspension, Continuous Damping, Several, Additionally, BMW, Here, It, S-Class"
64,Which car brands lead in autonomous driving technology,https://builtin.com/articles/self-driving-car-companies,,"Tesla, AI, Beijing, Lexus, China, FSD, Model, Alphabet, Baidu, Level, Full Self-Driving, Woven Planet, Autopilot, Several, Toyota, Waymo, Here, Teammate, Amazon, It, Zoox"
64,Which car brands lead in autonomous driving technology,https://technologymagazine.com/top10/top-10-autonomous-vehicle-companies,,"Tesla, AI, Beijing, Lexus, China, FSD, Model, Alphabet, Baidu, Level, Full Self-Driving, Woven Planet, Autopilot, Several, Toyota, Waymo, Here, Teammate, Amazon, It, Zoox"
64,Which car brands lead in autonomous driving technology,https://yoshalawfirm.com/blog/5-top-self-driving-car-manufacturers/,,"Tesla, AI, Beijing, Lexus, China, FSD, Model, Alphabet, Baidu, Level, Full Self-Driving, Woven Planet, Autopilot, Several, Toyota, Waymo, Here, Teammate, Amazon, It, Zoox"
64,Which car brands lead in autonomous driving technology,https://www.whatcar.com/news/self-driving-cars-tested/n25624,,"Tesla, AI, Beijing, Lexus, China, FSD, Model, Alphabet, Baidu, Level, Full Self-Driving, Woven Planet, Autopilot, Several, Toyota, Waymo, Here, Teammate, Amazon, It, Zoox"
64,Which car brands lead in autonomous driving technology,https://www.howtogeek.com/companies-leading-the-charge-in-autonomous-and-electric-vehicles/,,"Tesla, AI, Beijing, Lexus, China, FSD, Model, Alphabet, Baidu, Level, Full Self-Driving, Woven Planet, Autopilot, Several, Toyota, Waymo, Here, Teammate, Amazon, It, Zoox"
64,Which car brands lead in autonomous driving technology,,n.a,"Tesla, AI, Beijing, Lexus, China, FSD, Model, Alphabet, Baidu, Level, Full Self-Driving, Woven Planet, Autopilot, Several, Toyota, Waymo, Here, Teammate, Amazon, It, Zoox"
64,Which car brands lead in autonomous driving technology,,n.a,"Tesla, AI, Beijing, Lexus, China, FSD, Model, Alphabet, Baidu, Level, Full Self-Driving, Woven Planet, Autopilot, Several, Toyota, Waymo, Here, Teammate, Amazon, It, Zoox"
64,Which car brands lead in autonomous driving technology,,n.a,"Tesla, AI, Beijing, Lexus, China, FSD, Model, Alphabet, Baidu, Level, Full Self-Driving, Woven Planet, Autopilot, Several, Toyota, Waymo, Here, Teammate, Amazon, It, Zoox"
64,Which car brands lead in autonomous driving technology,,n.a,"Tesla, AI, Beijing, Lexus, China, FSD, Model, Alphabet, Baidu, Level, Full Self-Driving, Woven Planet, Autopilot, Several, Toyota, Waymo, Here, Teammate, Amazon, It, Zoox"
65,Which car brands are most popular among seniors,https://www.progressive.com/answers/best-cars-for-seniors/,,"Fe, Hyundai Palisade, National Highway, Subaru, Honda, Honda CR-V, Highway Safety, Known, Toyota Camry, Kia Telluride, Hyundai Santa, Administration, Hyundai, NHTSA, Models, IIHS, Honda Pilot, Several, Toyota, Here, Traffic Safety, Subaru Ascent, Insurance Institute, Kia"
65,Which car brands are most popular among seniors,https://www.kbb.com/best-cars/seniors/,,"Fe, Hyundai Palisade, National Highway, Subaru, Honda, Honda CR-V, Highway Safety, Known, Toyota Camry, Kia Telluride, Hyundai Santa, Administration, Hyundai, NHTSA, Models, IIHS, Honda Pilot, Several, Toyota, Here, Traffic Safety, Subaru Ascent, Insurance Institute, Kia"
65,Which car brands are most popular among seniors,https://www.thezebra.com/resources/driving/best-cars-for-seniors/,,"Fe, Hyundai Palisade, National Highway, Subaru, Honda, Honda CR-V, Highway Safety, Known, Toyota Camry, Kia Telluride, Hyundai Santa, Administration, Hyundai, NHTSA, Models, IIHS, Honda Pilot, Several, Toyota, Here, Traffic Safety, Subaru Ascent, Insurance Institute, Kia"
65,Which car brands are most popular among seniors,https://www.lemonade.com/car/explained/15-best-cars-for-seniors-in-2025/,,"Fe, Hyundai Palisade, National Highway, Subaru, Honda, Honda CR-V, Highway Safety, Known, Toyota Camry, Kia Telluride, Hyundai Santa, Administration, Hyundai, NHTSA, Models, IIHS, Honda Pilot, Several, Toyota, Here, Traffic Safety, Subaru Ascent, Insurance Institute, Kia"
65,Which car brands are most popular among seniors,,n.a,"Fe, Hyundai Palisade, National Highway, Subaru, Honda, Honda CR-V, Highway Safety, Known, Toyota Camry, Kia Telluride, Hyundai Santa, Administration, Hyundai, NHTSA, Models, IIHS, Honda Pilot, Several, Toyota, Here, Traffic Safety, Subaru Ascent, Insurance Institute, Kia"
65,Which car brands are most popular among seniors,,n.a,"Fe, Hyundai Palisade, National Highway, Subaru, Honda, Honda CR-V, Highway Safety, Known, Toyota Camry, Kia Telluride, Hyundai Santa, Administration, Hyundai, NHTSA, Models, IIHS, Honda Pilot, Several, Toyota, Here, Traffic Safety, Subaru Ascent, Insurance Institute, Kia"
65,Which car brands are most popular among seniors,,n.a,"Fe, Hyundai Palisade, National Highway, Subaru, Honda, Honda CR-V, Highway Safety, Known, Toyota Camry, Kia Telluride, Hyundai Santa, Administration, Hyundai, NHTSA, Models, IIHS, Honda Pilot, Several, Toyota, Here, Traffic Safety, Subaru Ascent, Insurance Institute, Kia"
65,Which car brands are most popular among seniors,,n.a,"Fe, Hyundai Palisade, National Highway, Subaru, Honda, Honda CR-V, Highway Safety, Known, Toyota Camry, Kia Telluride, Hyundai Santa, Administration, Hyundai, NHTSA, Models, IIHS, Honda Pilot, Several, Toyota, Here, Traffic Safety, Subaru Ascent, Insurance Institute, Kia"
65,Which car brands are most popular among seniors,,n.a,"Fe, Hyundai Palisade, National Highway, Subaru, Honda, Honda CR-V, Highway Safety, Known, Toyota Camry, Kia Telluride, Hyundai Santa, Administration, Hyundai, NHTSA, Models, IIHS, Honda Pilot, Several, Toyota, Here, Traffic Safety, Subaru Ascent, Insurance Institute, Kia"
66,Which car brands offer the best leasing and financing deals,https://www.carfax.com/deals/best-lease-deals-on-cars,,"Super Cruise, AKG, Cadillac, Limited Sedan, TFSI, Subaru, Sedan, Acura, Honda, Toyota Tacoma, April, SEL Convenience, Acura RDX, SUV, Premium Plus, Subaru WRX, SH-AWD, Hyundai, Not, Luxury, Several, Honda Prologue, Toyota, ZEV, BMW, Here, Cadillac Optiq, Hyundai Elantra, Audi, It, Kia Soul, Kia"
66,Which car brands offer the best leasing and financing deals,https://www.caranddriver.com/news/a29127517/best-lease-deals/,,"Super Cruise, AKG, Cadillac, Limited Sedan, TFSI, Subaru, Sedan, Acura, Honda, Toyota Tacoma, April, SEL Convenience, Acura RDX, SUV, Premium Plus, Subaru WRX, SH-AWD, Hyundai, Not, Luxury, Several, Honda Prologue, Toyota, ZEV, BMW, Here, Cadillac Optiq, Hyundai Elantra, Audi, It, Kia Soul, Kia"
66,Which car brands offer the best leasing and financing deals,https://www.edmunds.com/cheap-lease-deals/,,"Super Cruise, AKG, Cadillac, Limited Sedan, TFSI, Subaru, Sedan, Acura, Honda, Toyota Tacoma, April, SEL Convenience, Acura RDX, SUV, Premium Plus, Subaru WRX, SH-AWD, Hyundai, Not, Luxury, Several, Honda Prologue, Toyota, ZEV, BMW, Here, Cadillac Optiq, Hyundai Elantra, Audi, It, Kia Soul, Kia"
66,Which car brands offer the best leasing and financing deals,https://www.carsdirect.com/deals-articles/best-lease-deals,,"Super Cruise, AKG, Cadillac, Limited Sedan, TFSI, Subaru, Sedan, Acura, Honda, Toyota Tacoma, April, SEL Convenience, Acura RDX, SUV, Premium Plus, Subaru WRX, SH-AWD, Hyundai, Not, Luxury, Several, Honda Prologue, Toyota, ZEV, BMW, Here, Cadillac Optiq, Hyundai Elantra, Audi, It, Kia Soul, Kia"
66,Which car brands offer the best leasing and financing deals,https://caredge.com/lease-deals,,"Super Cruise, AKG, Cadillac, Limited Sedan, TFSI, Subaru, Sedan, Acura, Honda, Toyota Tacoma, April, SEL Convenience, Acura RDX, SUV, Premium Plus, Subaru WRX, SH-AWD, Hyundai, Not, Luxury, Several, Honda Prologue, Toyota, ZEV, BMW, Here, Cadillac Optiq, Hyundai Elantra, Audi, It, Kia Soul, Kia"
66,Which car brands offer the best leasing and financing deals,,n.a,"Super Cruise, AKG, Cadillac, Limited Sedan, TFSI, Subaru, Sedan, Acura, Honda, Toyota Tacoma, April, SEL Convenience, Acura RDX, SUV, Premium Plus, Subaru WRX, SH-AWD, Hyundai, Not, Luxury, Several, Honda Prologue, Toyota, ZEV, BMW, Here, Cadillac Optiq, Hyundai Elantra, Audi, It, Kia Soul, Kia"
66,Which car brands offer the best leasing and financing deals,,n.a,"Super Cruise, AKG, Cadillac, Limited Sedan, TFSI, Subaru, Sedan, Acura, Honda, Toyota Tacoma, April, SEL Convenience, Acura RDX, SUV, Premium Plus, Subaru WRX, SH-AWD, Hyundai, Not, Luxury, Several, Honda Prologue, Toyota, ZEV, BMW, Here, Cadillac Optiq, Hyundai Elantra, Audi, It, Kia Soul, Kia"
66,Which car brands offer the best leasing and financing deals,,n.a,"Super Cruise, AKG, Cadillac, Limited Sedan, TFSI, Subaru, Sedan, Acura, Honda, Toyota Tacoma, April, SEL Convenience, Acura RDX, SUV, Premium Plus, Subaru WRX, SH-AWD, Hyundai, Not, Luxury, Several, Honda Prologue, Toyota, ZEV, BMW, Here, Cadillac Optiq, Hyundai Elantra, Audi, It, Kia Soul, Kia"
66,Which car brands offer the best leasing and financing deals,,n.a,"Super Cruise, AKG, Cadillac, Limited Sedan, TFSI, Subaru, Sedan, Acura, Honda, Toyota Tacoma, April, SEL Convenience, Acura RDX, SUV, Premium Plus, Subaru WRX, SH-AWD, Hyundai, Not, Luxury, Several, Honda Prologue, Toyota, ZEV, BMW, Here, Cadillac Optiq, Hyundai Elantra, Audi, It, Kia Soul, Kia"
66,Which car brands offer the best leasing and financing deals,,n.a,"Super Cruise, AKG, Cadillac, Limited Sedan, TFSI, Subaru, Sedan, Acura, Honda, Toyota Tacoma, April, SEL Convenience, Acura RDX, SUV, Premium Plus, Subaru WRX, SH-AWD, Hyundai, Not, Luxury, Several, Honda Prologue, Toyota, ZEV, BMW, Here, Cadillac Optiq, Hyundai Elantra, Audi, It, Kia Soul, Kia"
67,Which car brands are recognized for engine quality,https://carbuzz.com/features/most-reliable-engines/,,"Sources, Lexus, Engines, K-Series, F-Series, Most Reliable, That Build, Subaru, Mercedes-Benz, Who Makes, As, Honda, Boxer, Mazda, Skyactiv, Known, D-Series, Reliable Engines, H-Series, FE, CarBuzz, Die, Models, FSE, J-Series, Several, New Cars, Toyota, Lexus ES, Here, HotCars, Just Won, Top Speed, IS"
67,Which car brands are recognized for engine quality,https://www.topspeed.com/these-brands-build-the-most-reliable-engines/,,"Sources, Lexus, Engines, K-Series, F-Series, Most Reliable, That Build, Subaru, Mercedes-Benz, Who Makes, As, Honda, Boxer, Mazda, Skyactiv, Known, D-Series, Reliable Engines, H-Series, FE, CarBuzz, Die, Models, FSE, J-Series, Several, New Cars, Toyota, Lexus ES, Here, HotCars, Just Won, Top Speed, IS"
67,Which car brands are recognized for engine quality,https://www.hotcars.com/car-brands-notoriously-long-lasting-engines/,,"Sources, Lexus, Engines, K-Series, F-Series, Most Reliable, That Build, Subaru, Mercedes-Benz, Who Makes, As, Honda, Boxer, Mazda, Skyactiv, Known, D-Series, Reliable Engines, H-Series, FE, CarBuzz, Die, Models, FSE, J-Series, Several, New Cars, Toyota, Lexus ES, Here, HotCars, Just Won, Top Speed, IS"
67,Which car brands are recognized for engine quality,https://www.consumerreports.org/cars/car-reliability-owner-satisfaction/who-makes-the-most-reliable-cars-a7824554938/,,"Sources, Lexus, Engines, K-Series, F-Series, Most Reliable, That Build, Subaru, Mercedes-Benz, Who Makes, As, Honda, Boxer, Mazda, Skyactiv, Known, D-Series, Reliable Engines, H-Series, FE, CarBuzz, Die, Models, FSE, J-Series, Several, New Cars, Toyota, Lexus ES, Here, HotCars, Just Won, Top Speed, IS"
67,Which car brands are recognized for engine quality,https://www.mensjournal.com/news/car-brands-best-engines-mechanics,,"Sources, Lexus, Engines, K-Series, F-Series, Most Reliable, That Build, Subaru, Mercedes-Benz, Who Makes, As, Honda, Boxer, Mazda, Skyactiv, Known, D-Series, Reliable Engines, H-Series, FE, CarBuzz, Die, Models, FSE, J-Series, Several, New Cars, Toyota, Lexus ES, Here, HotCars, Just Won, Top Speed, IS"
67,Which car brands are recognized for engine quality,,n.a,"Sources, Lexus, Engines, K-Series, F-Series, Most Reliable, That Build, Subaru, Mercedes-Benz, Who Makes, As, Honda, Boxer, Mazda, Skyactiv, Known, D-Series, Reliable Engines, H-Series, FE, CarBuzz, Die, Models, FSE, J-Series, Several, New Cars, Toyota, Lexus ES, Here, HotCars, Just Won, Top Speed, IS"
67,Which car brands are recognized for engine quality,,n.a,"Sources, Lexus, Engines, K-Series, F-Series, Most Reliable, That Build, Subaru, Mercedes-Benz, Who Makes, As, Honda, Boxer, Mazda, Skyactiv, Known, D-Series, Reliable Engines, H-Series, FE, CarBuzz, Die, Models, FSE, J-Series, Several, New Cars, Toyota, Lexus ES, Here, HotCars, Just Won, Top Speed, IS"
67,Which car brands are recognized for engine quality,,n.a,"Sources, Lexus, Engines, K-Series, F-Series, Most Reliable, That Build, Subaru, Mercedes-Benz, Who Makes, As, Honda, Boxer, Mazda, Skyactiv, Known, D-Series, Reliable Engines, H-Series, FE, CarBuzz, Die, Models, FSE, J-Series, Several, New Cars, Toyota, Lexus ES, Here, HotCars, Just Won, Top Speed, IS"
67,Which car brands are recognized for engine quality,,n.a,"Sources, Lexus, Engines, K-Series, F-Series, Most Reliable, That Build, Subaru, Mercedes-Benz, Who Makes, As, Honda, Boxer, Mazda, Skyactiv, Known, D-Series, Reliable Engines, H-Series, FE, CarBuzz, Die, Models, FSE, J-Series, Several, New Cars, Toyota, Lexus ES, Here, HotCars, Just Won, Top Speed, IS"
67,Which car brands are recognized for engine quality,,n.a,"Sources, Lexus, Engines, K-Series, F-Series, Most Reliable, That Build, Subaru, Mercedes-Benz, Who Makes, As, Honda, Boxer, Mazda, Skyactiv, Known, D-Series, Reliable Engines, H-Series, FE, CarBuzz, Die, Models, FSE, J-Series, Several, New Cars, Toyota, Lexus ES, Here, HotCars, Just Won, Top Speed, IS"
68,Which car brands are best for outdoor adventures and camping,https://ikamper.com/blogs/ikampernation/best-cars-for-camping,,"Boasts, Subaru Outback, Jeep, An, Subaru, Ample, Honda, Honda CR-V, Toyota Tacoma, AWD, Known, Cherokee, Subaru Crosstrek, Hybrid, SUV, FWD, Honda Pilot, Several, Toyota, Renowned, Jeep Wrangler, Here, RTTs, It, Offers"
68,Which car brands are best for outdoor adventures and camping,https://gearjunkie.com/motors/best-adventure-vehicles-2022,,"Boasts, Subaru Outback, Jeep, An, Subaru, Ample, Honda, Honda CR-V, Toyota Tacoma, AWD, Known, Cherokee, Subaru Crosstrek, Hybrid, SUV, FWD, Honda Pilot, Several, Toyota, Renowned, Jeep Wrangler, Here, RTTs, It, Offers"
68,Which car brands are best for outdoor adventures and camping,https://www.carsoup.com/blog/2024/04/24/untitled-388/,,"Boasts, Subaru Outback, Jeep, An, Subaru, Ample, Honda, Honda CR-V, Toyota Tacoma, AWD, Known, Cherokee, Subaru Crosstrek, Hybrid, SUV, FWD, Honda Pilot, Several, Toyota, Renowned, Jeep Wrangler, Here, RTTs, It, Offers"
68,Which car brands are best for outdoor adventures and camping,https://www.lemonade.com/car/explained/10-best-cars-for-camping-in-2025/,,"Boasts, Subaru Outback, Jeep, An, Subaru, Ample, Honda, Honda CR-V, Toyota Tacoma, AWD, Known, Cherokee, Subaru Crosstrek, Hybrid, SUV, FWD, Honda Pilot, Several, Toyota, Renowned, Jeep Wrangler, Here, RTTs, It, Offers"
68,Which car brands are best for outdoor adventures and camping,https://www.akunitedauto.com/blog/best-used-cars-for-camping,,"Boasts, Subaru Outback, Jeep, An, Subaru, Ample, Honda, Honda CR-V, Toyota Tacoma, AWD, Known, Cherokee, Subaru Crosstrek, Hybrid, SUV, FWD, Honda Pilot, Several, Toyota, Renowned, Jeep Wrangler, Here, RTTs, It, Offers"
68,Which car brands are best for outdoor adventures and camping,,n.a,"Boasts, Subaru Outback, Jeep, An, Subaru, Ample, Honda, Honda CR-V, Toyota Tacoma, AWD, Known, Cherokee, Subaru Crosstrek, Hybrid, SUV, FWD, Honda Pilot, Several, Toyota, Renowned, Jeep Wrangler, Here, RTTs, It, Offers"
68,Which car brands are best for outdoor adventures and camping,,n.a,"Boasts, Subaru Outback, Jeep, An, Subaru, Ample, Honda, Honda CR-V, Toyota Tacoma, AWD, Known, Cherokee, Subaru Crosstrek, Hybrid, SUV, FWD, Honda Pilot, Several, Toyota, Renowned, Jeep Wrangler, Here, RTTs, It, Offers"
68,Which car brands are best for outdoor adventures and camping,,n.a,"Boasts, Subaru Outback, Jeep, An, Subaru, Ample, Honda, Honda CR-V, Toyota Tacoma, AWD, Known, Cherokee, Subaru Crosstrek, Hybrid, SUV, FWD, Honda Pilot, Several, Toyota, Renowned, Jeep Wrangler, Here, RTTs, It, Offers"
68,Which car brands are best for outdoor adventures and camping,,n.a,"Boasts, Subaru Outback, Jeep, An, Subaru, Ample, Honda, Honda CR-V, Toyota Tacoma, AWD, Known, Cherokee, Subaru Crosstrek, Hybrid, SUV, FWD, Honda Pilot, Several, Toyota, Renowned, Jeep Wrangler, Here, RTTs, It, Offers"
68,Which car brands are best for outdoor adventures and camping,,n.a,"Boasts, Subaru Outback, Jeep, An, Subaru, Ample, Honda, Honda CR-V, Toyota Tacoma, AWD, Known, Cherokee, Subaru Crosstrek, Hybrid, SUV, FWD, Honda Pilot, Several, Toyota, Renowned, Jeep Wrangler, Here, RTTs, It, Offers"
68,Which car brands are best for outdoor adventures and camping,,n.a,"Boasts, Subaru Outback, Jeep, An, Subaru, Ample, Honda, Honda CR-V, Toyota Tacoma, AWD, Known, Cherokee, Subaru Crosstrek, Hybrid, SUV, FWD, Honda Pilot, Several, Toyota, Renowned, Jeep Wrangler, Here, RTTs, It, Offers"
69,Which car brands have the most impressive panoramic sunroofs,https://www.cars.com/articles/which-cars-have-panoramic-moonroofs-437306/,,"Tesla, Nissan, E-Tron GT, Several, Range Rover, Volvo, Model, This, Here, Qashqai, I-Pace, Tekna, Allroad, Audi, Pan, Velar, Jaguar, SUVs"
69,Which car brands have the most impressive panoramic sunroofs,https://www.autoweek.com/news/luxury/g39518272/cars-with-big-panoramic-glass-roofs/,,"Tesla, Nissan, E-Tron GT, Several, Range Rover, Volvo, Model, This, Here, Qashqai, I-Pace, Tekna, Allroad, Audi, Pan, Velar, Jaguar, SUVs"
69,Which car brands have the most impressive panoramic sunroofs,https://www.kbb.com/best-cars/suvs-with-a-panoramic-sunroof/,,"Tesla, Nissan, E-Tron GT, Several, Range Rover, Volvo, Model, This, Here, Qashqai, I-Pace, Tekna, Allroad, Audi, Pan, Velar, Jaguar, SUVs"
69,Which car brands have the most impressive panoramic sunroofs,https://www.truecar.com/best-cars-trucks/panoramic-moonroof/,,"Tesla, Nissan, E-Tron GT, Several, Range Rover, Volvo, Model, This, Here, Qashqai, I-Pace, Tekna, Allroad, Audi, Pan, Velar, Jaguar, SUVs"
69,Which car brands have the most impressive panoramic sunroofs,https://www.cinch.co.uk/guides/choosing-a-car/cars-with-panoramic-sunroof,,"Tesla, Nissan, E-Tron GT, Several, Range Rover, Volvo, Model, This, Here, Qashqai, I-Pace, Tekna, Allroad, Audi, Pan, Velar, Jaguar, SUVs"
69,Which car brands have the most impressive panoramic sunroofs,,n.a,"Tesla, Nissan, E-Tron GT, Several, Range Rover, Volvo, Model, This, Here, Qashqai, I-Pace, Tekna, Allroad, Audi, Pan, Velar, Jaguar, SUVs"
69,Which car brands have the most impressive panoramic sunroofs,,n.a,"Tesla, Nissan, E-Tron GT, Several, Range Rover, Volvo, Model, This, Here, Qashqai, I-Pace, Tekna, Allroad, Audi, Pan, Velar, Jaguar, SUVs"
69,Which car brands have the most impressive panoramic sunroofs,,n.a,"Tesla, Nissan, E-Tron GT, Several, Range Rover, Volvo, Model, This, Here, Qashqai, I-Pace, Tekna, Allroad, Audi, Pan, Velar, Jaguar, SUVs"
69,Which car brands have the most impressive panoramic sunroofs,,n.a,"Tesla, Nissan, E-Tron GT, Several, Range Rover, Volvo, Model, This, Here, Qashqai, I-Pace, Tekna, Allroad, Audi, Pan, Velar, Jaguar, SUVs"
70,Which car brands offer the best trade-in programs,https://www.carsdirect.com/deals-articles/how-it-works-trade-in-assistance-cash-incentives,,"Chevy, Lexus, RAM, Jeep, Dodge, Carvana, While, Best Luxury, Edmunds, Kelley Blue, Similar, Chrysler, Several, Toyota, Book, Here, Shift, It, Researching"
70,Which car brands offer the best trade-in programs,https://www.kbb.com/awards/best-resale-value-cars-trucks-suvs/,,"Chevy, Lexus, RAM, Jeep, Dodge, Carvana, While, Best Luxury, Edmunds, Kelley Blue, Similar, Chrysler, Several, Toyota, Book, Here, Shift, It, Researching"
70,Which car brands offer the best trade-in programs,https://www.youtube.com/watch?v=HyN648PaBwI,,"Chevy, Lexus, RAM, Jeep, Dodge, Carvana, While, Best Luxury, Edmunds, Kelley Blue, Similar, Chrysler, Several, Toyota, Book, Here, Shift, It, Researching"
70,Which car brands offer the best trade-in programs,https://www.nerdwallet.com/article/loans/auto-loans/get-maximum-trade,,"Chevy, Lexus, RAM, Jeep, Dodge, Carvana, While, Best Luxury, Edmunds, Kelley Blue, Similar, Chrysler, Several, Toyota, Book, Here, Shift, It, Researching"
70,Which car brands offer the best trade-in programs,https://forum.leasehackr.com/t/which-socal-manufacturers-dealership-have-the-best-trade-in-assists/89691,,"Chevy, Lexus, RAM, Jeep, Dodge, Carvana, While, Best Luxury, Edmunds, Kelley Blue, Similar, Chrysler, Several, Toyota, Book, Here, Shift, It, Researching"
70,Which car brands offer the best trade-in programs,,n.a,"Chevy, Lexus, RAM, Jeep, Dodge, Carvana, While, Best Luxury, Edmunds, Kelley Blue, Similar, Chrysler, Several, Toyota, Book, Here, Shift, It, Researching"
70,Which car brands offer the best trade-in programs,,n.a,"Chevy, Lexus, RAM, Jeep, Dodge, Carvana, While, Best Luxury, Edmunds, Kelley Blue, Similar, Chrysler, Several, Toyota, Book, Here, Shift, It, Researching"
70,Which car brands offer the best trade-in programs,,n.a,"Chevy, Lexus, RAM, Jeep, Dodge, Carvana, While, Best Luxury, Edmunds, Kelley Blue, Similar, Chrysler, Several, Toyota, Book, Here, Shift, It, Researching"
70,Which car brands offer the best trade-in programs,,n.a,"Chevy, Lexus, RAM, Jeep, Dodge, Carvana, While, Best Luxury, Edmunds, Kelley Blue, Similar, Chrysler, Several, Toyota, Book, Here, Shift, It, Researching"
71,Which car brands are growing in the Middle East market,https://thebrewnews.com/thebrew-news/middle-east-auto-market-transforms-chinese-brands-evs-hybrids-surge/,,"Tesla, Mitsubishi, Patrol, MENA, Jetour, Sources, Market, UAE, Middle East, News, This, Nissan, Automotive, EVs, EV, Chinese, Hyundai, Emirates Automotive, Messe Frankfurt, UAE EV, Several, Additionally, Toyota, Here, MG, Data, Gateway, Facts"
71,Which car brands are growing in the Middle East market,https://www.statista.com/topics/2572/automotive-industry-in-the-mena-region/,,"Tesla, Mitsubishi, Patrol, MENA, Jetour, Sources, Market, UAE, Middle East, News, This, Nissan, Automotive, EVs, EV, Chinese, Hyundai, Emirates Automotive, Messe Frankfurt, UAE EV, Several, Additionally, Toyota, Here, MG, Data, Gateway, Facts"
71,Which car brands are growing in the Middle East market,https://www.focus2move.com/emirates-automotive-market/,,"Tesla, Mitsubishi, Patrol, MENA, Jetour, Sources, Market, UAE, Middle East, News, This, Nissan, Automotive, EVs, EV, Chinese, Hyundai, Emirates Automotive, Messe Frankfurt, UAE EV, Several, Additionally, Toyota, Here, MG, Data, Gateway, Facts"
71,Which car brands are growing in the Middle East market,https://automotive.messefrankfurt.com/global/en/facts-figures/market-uae.html,,"Tesla, Mitsubishi, Patrol, MENA, Jetour, Sources, Market, UAE, Middle East, News, This, Nissan, Automotive, EVs, EV, Chinese, Hyundai, Emirates Automotive, Messe Frankfurt, UAE EV, Several, Additionally, Toyota, Here, MG, Data, Gateway, Facts"
71,Which car brands are growing in the Middle East market,https://www.6wresearch.com/market-takeaways-view/top-companies-in-middle-east-connected-car-market,,"Tesla, Mitsubishi, Patrol, MENA, Jetour, Sources, Market, UAE, Middle East, News, This, Nissan, Automotive, EVs, EV, Chinese, Hyundai, Emirates Automotive, Messe Frankfurt, UAE EV, Several, Additionally, Toyota, Here, MG, Data, Gateway, Facts"
71,Which car brands are growing in the Middle East market,,n.a,"Tesla, Mitsubishi, Patrol, MENA, Jetour, Sources, Market, UAE, Middle East, News, This, Nissan, Automotive, EVs, EV, Chinese, Hyundai, Emirates Automotive, Messe Frankfurt, UAE EV, Several, Additionally, Toyota, Here, MG, Data, Gateway, Facts"
71,Which car brands are growing in the Middle East market,,n.a,"Tesla, Mitsubishi, Patrol, MENA, Jetour, Sources, Market, UAE, Middle East, News, This, Nissan, Automotive, EVs, EV, Chinese, Hyundai, Emirates Automotive, Messe Frankfurt, UAE EV, Several, Additionally, Toyota, Here, MG, Data, Gateway, Facts"
71,Which car brands are growing in the Middle East market,,n.a,"Tesla, Mitsubishi, Patrol, MENA, Jetour, Sources, Market, UAE, Middle East, News, This, Nissan, Automotive, EVs, EV, Chinese, Hyundai, Emirates Automotive, Messe Frankfurt, UAE EV, Several, Additionally, Toyota, Here, MG, Data, Gateway, Facts"
71,Which car brands are growing in the Middle East market,,n.a,"Tesla, Mitsubishi, Patrol, MENA, Jetour, Sources, Market, UAE, Middle East, News, This, Nissan, Automotive, EVs, EV, Chinese, Hyundai, Emirates Automotive, Messe Frankfurt, UAE EV, Several, Additionally, Toyota, Here, MG, Data, Gateway, Facts"
71,Which car brands are growing in the Middle East market,,n.a,"Tesla, Mitsubishi, Patrol, MENA, Jetour, Sources, Market, UAE, Middle East, News, This, Nissan, Automotive, EVs, EV, Chinese, Hyundai, Emirates Automotive, Messe Frankfurt, UAE EV, Several, Additionally, Toyota, Here, MG, Data, Gateway, Facts"
71,Which car brands are growing in the Middle East market,,n.a,"Tesla, Mitsubishi, Patrol, MENA, Jetour, Sources, Market, UAE, Middle East, News, This, Nissan, Automotive, EVs, EV, Chinese, Hyundai, Emirates Automotive, Messe Frankfurt, UAE EV, Several, Additionally, Toyota, Here, MG, Data, Gateway, Facts"
72,Which car brands are favored by celebrities,https://www.toc.edu.my/automotiveandmotorsports-hub/celebrity-car-endorsements,,"Tesla, Mark Ruffalo, Shaquille, Rolls-Royce, Buick, Based, Britney Spears, Model, Mercedes-Benz, Sylvester Stallone, Simon Cowell, Justin Bieber, Celebrities, Drake, Series, Ben Affleck, A-listers, BMW, Will Smith, Zoey Deschanel, Audi, It, Neal"
72,Which car brands are favored by celebrities,https://www.moneybeach.co.uk/the-boardwalk/most-popular-celebrity-cars/,,"Tesla, Mark Ruffalo, Shaquille, Rolls-Royce, Buick, Based, Britney Spears, Model, Mercedes-Benz, Sylvester Stallone, Simon Cowell, Justin Bieber, Celebrities, Drake, Series, Ben Affleck, A-listers, BMW, Will Smith, Zoey Deschanel, Audi, It, Neal"
72,Which car brands are favored by celebrities,https://morningcarpool.com/luxury-car-brands-wealth-symbol/,,"Tesla, Mark Ruffalo, Shaquille, Rolls-Royce, Buick, Based, Britney Spears, Model, Mercedes-Benz, Sylvester Stallone, Simon Cowell, Justin Bieber, Celebrities, Drake, Series, Ben Affleck, A-listers, BMW, Will Smith, Zoey Deschanel, Audi, It, Neal"
72,Which car brands are favored by celebrities,https://douradocars.com/long-luxury-cars-the-influence-of-celebrity-endorsements/,,"Tesla, Mark Ruffalo, Shaquille, Rolls-Royce, Buick, Based, Britney Spears, Model, Mercedes-Benz, Sylvester Stallone, Simon Cowell, Justin Bieber, Celebrities, Drake, Series, Ben Affleck, A-listers, BMW, Will Smith, Zoey Deschanel, Audi, It, Neal"
72,Which car brands are favored by celebrities,https://www.nyegmc.com/buick-and-the-stars-celebrities-and-their-beloved-buicks/,,"Tesla, Mark Ruffalo, Shaquille, Rolls-Royce, Buick, Based, Britney Spears, Model, Mercedes-Benz, Sylvester Stallone, Simon Cowell, Justin Bieber, Celebrities, Drake, Series, Ben Affleck, A-listers, BMW, Will Smith, Zoey Deschanel, Audi, It, Neal"
72,Which car brands are favored by celebrities,,n.a,"Tesla, Mark Ruffalo, Shaquille, Rolls-Royce, Buick, Based, Britney Spears, Model, Mercedes-Benz, Sylvester Stallone, Simon Cowell, Justin Bieber, Celebrities, Drake, Series, Ben Affleck, A-listers, BMW, Will Smith, Zoey Deschanel, Audi, It, Neal"
72,Which car brands are favored by celebrities,,n.a,"Tesla, Mark Ruffalo, Shaquille, Rolls-Royce, Buick, Based, Britney Spears, Model, Mercedes-Benz, Sylvester Stallone, Simon Cowell, Justin Bieber, Celebrities, Drake, Series, Ben Affleck, A-listers, BMW, Will Smith, Zoey Deschanel, Audi, It, Neal"
72,Which car brands are favored by celebrities,,n.a,"Tesla, Mark Ruffalo, Shaquille, Rolls-Royce, Buick, Based, Britney Spears, Model, Mercedes-Benz, Sylvester Stallone, Simon Cowell, Justin Bieber, Celebrities, Drake, Series, Ben Affleck, A-listers, BMW, Will Smith, Zoey Deschanel, Audi, It, Neal"
72,Which car brands are favored by celebrities,,n.a,"Tesla, Mark Ruffalo, Shaquille, Rolls-Royce, Buick, Based, Britney Spears, Model, Mercedes-Benz, Sylvester Stallone, Simon Cowell, Justin Bieber, Celebrities, Drake, Series, Ben Affleck, A-listers, BMW, Will Smith, Zoey Deschanel, Audi, It, Neal"
72,Which car brands are favored by celebrities,,n.a,"Tesla, Mark Ruffalo, Shaquille, Rolls-Royce, Buick, Based, Britney Spears, Model, Mercedes-Benz, Sylvester Stallone, Simon Cowell, Justin Bieber, Celebrities, Drake, Series, Ben Affleck, A-listers, BMW, Will Smith, Zoey Deschanel, Audi, It, Neal"
73,Which car brands dominate the African automotive market,https://africa.businessinsider.com/local/markets/top-automobile-manufacturers-in-africa/ze2lyz1,,"German, Volkswagen, African, Hilux, Africa, Mercedes-Benz, Polo Vivo, Known, South Africa, Nissan, Isuzu, Hyundai, Models, Toyota, Here, East Africa, Polo, It, Kia"
73,Which car brands dominate the African automotive market,https://www.auto24.rw/blog/east-africas-most-popular-vehicle-brands-whats-driving-the-market,,"German, Volkswagen, African, Hilux, Africa, Mercedes-Benz, Polo Vivo, Known, South Africa, Nissan, Isuzu, Hyundai, Models, Toyota, Here, East Africa, Polo, It, Kia"
73,Which car brands dominate the African automotive market,https://www.marklines.com/en/statistics/flash_sales/automotive-sales-in-southafrica-by-month,,"German, Volkswagen, African, Hilux, Africa, Mercedes-Benz, Polo Vivo, Known, South Africa, Nissan, Isuzu, Hyundai, Models, Toyota, Here, East Africa, Polo, It, Kia"
73,Which car brands dominate the African automotive market,https://www.africanexponent.com/top-10-local-car-manufacturers-making-a-difference-in-africa-2025/,,"German, Volkswagen, African, Hilux, Africa, Mercedes-Benz, Polo Vivo, Known, South Africa, Nissan, Isuzu, Hyundai, Models, Toyota, Here, East Africa, Polo, It, Kia"
73,Which car brands dominate the African automotive market,https://imotonews.co.za/2024/09/22/top-car-brands-dominating-south-africas-automotive-market/,,"German, Volkswagen, African, Hilux, Africa, Mercedes-Benz, Polo Vivo, Known, South Africa, Nissan, Isuzu, Hyundai, Models, Toyota, Here, East Africa, Polo, It, Kia"
73,Which car brands dominate the African automotive market,,n.a,"German, Volkswagen, African, Hilux, Africa, Mercedes-Benz, Polo Vivo, Known, South Africa, Nissan, Isuzu, Hyundai, Models, Toyota, Here, East Africa, Polo, It, Kia"
73,Which car brands dominate the African automotive market,,n.a,"German, Volkswagen, African, Hilux, Africa, Mercedes-Benz, Polo Vivo, Known, South Africa, Nissan, Isuzu, Hyundai, Models, Toyota, Here, East Africa, Polo, It, Kia"
73,Which car brands dominate the African automotive market,,n.a,"German, Volkswagen, African, Hilux, Africa, Mercedes-Benz, Polo Vivo, Known, South Africa, Nissan, Isuzu, Hyundai, Models, Toyota, Here, East Africa, Polo, It, Kia"
74,Which car brands have the strongest reputation for build quality,https://www.consumerreports.org/cars/cars-driving/which-car-brands-make-the-best-vehicles-a6159221985/,,"Reviews, Sources, Lexus, Market, Make, Rankings, Despite, Honda, Known, Tempuslogix, Best Cars, Which, CarBuzz, Several, Toyota, Here, Praised, People, Civic, Audi, SUVs"
74,Which car brands have the strongest reputation for build quality,https://www.consumerreports.org/cars/car-reliability-owner-satisfaction/who-makes-the-most-reliable-cars-a7824554938/,,"Reviews, Sources, Lexus, Market, Make, Rankings, Despite, Honda, Known, Tempuslogix, Best Cars, Which, CarBuzz, Several, Toyota, Here, Praised, People, Civic, Audi, SUVs"
74,Which car brands have the strongest reputation for build quality,https://carbuzz.com/thread/which-manufacturers-have-best-build-quality/,,"Reviews, Sources, Lexus, Market, Make, Rankings, Despite, Honda, Known, Tempuslogix, Best Cars, Which, CarBuzz, Several, Toyota, Here, Praised, People, Civic, Audi, SUVs"
74,Which car brands have the strongest reputation for build quality,https://www.whatcar.com/news/reliability-survey-most-reliable-cars-brands/n26159,,"Reviews, Sources, Lexus, Market, Make, Rankings, Despite, Honda, Known, Tempuslogix, Best Cars, Which, CarBuzz, Several, Toyota, Here, Praised, People, Civic, Audi, SUVs"
74,Which car brands have the strongest reputation for build quality,https://tempuslogix.com/the-best-car-brands/,,"Reviews, Sources, Lexus, Market, Make, Rankings, Despite, Honda, Known, Tempuslogix, Best Cars, Which, CarBuzz, Several, Toyota, Here, Praised, People, Civic, Audi, SUVs"
74,Which car brands have the strongest reputation for build quality,,n.a,"Reviews, Sources, Lexus, Market, Make, Rankings, Despite, Honda, Known, Tempuslogix, Best Cars, Which, CarBuzz, Several, Toyota, Here, Praised, People, Civic, Audi, SUVs"
74,Which car brands have the strongest reputation for build quality,,n.a,"Reviews, Sources, Lexus, Market, Make, Rankings, Despite, Honda, Known, Tempuslogix, Best Cars, Which, CarBuzz, Several, Toyota, Here, Praised, People, Civic, Audi, SUVs"
74,Which car brands have the strongest reputation for build quality,,n.a,"Reviews, Sources, Lexus, Market, Make, Rankings, Despite, Honda, Known, Tempuslogix, Best Cars, Which, CarBuzz, Several, Toyota, Here, Praised, People, Civic, Audi, SUVs"
74,Which car brands have the strongest reputation for build quality,,n.a,"Reviews, Sources, Lexus, Market, Make, Rankings, Despite, Honda, Known, Tempuslogix, Best Cars, Which, CarBuzz, Several, Toyota, Here, Praised, People, Civic, Audi, SUVs"
74,Which car brands have the strongest reputation for build quality,,n.a,"Reviews, Sources, Lexus, Market, Make, Rankings, Despite, Honda, Known, Tempuslogix, Best Cars, Which, CarBuzz, Several, Toyota, Here, Praised, People, Civic, Audi, SUVs"
74,Which car brands have the strongest reputation for build quality,,n.a,"Reviews, Sources, Lexus, Market, Make, Rankings, Despite, Honda, Known, Tempuslogix, Best Cars, Which, CarBuzz, Several, Toyota, Here, Praised, People, Civic, Audi, SUVs"
74,Which car brands have the strongest reputation for build quality,,n.a,"Reviews, Sources, Lexus, Market, Make, Rankings, Despite, Honda, Known, Tempuslogix, Best Cars, Which, CarBuzz, Several, Toyota, Here, Praised, People, Civic, Audi, SUVs"
75,Which car brands are best suited for car-sharing platforms,https://www.nerdwallet.com/article/travel/airbnb-for-cars-best-app-rent-peoples-cars,,"Sources, Getaround, Clean Fleet, Mobile Apps, Car Sharing, Market Overview, ICE Mercedes-Benz, Turo, Operates, Mobindustry, Known, BMWs, Share Now, Best Car, USA, Mini, Mini Coopers, Audis, Airbnb, Top, Zipcar, CarInsurent, Sharing Programs, Sixt, Car-sharing, Ultimate Guide, BMW, Here, Features, Prius, Cars, Offers, SUVs"
75,Which car brands are best suited for car-sharing platforms,https://www.zipcar.com,,"Sources, Getaround, Clean Fleet, Mobile Apps, Car Sharing, Market Overview, ICE Mercedes-Benz, Turo, Operates, Mobindustry, Known, BMWs, Share Now, Best Car, USA, Mini, Mini Coopers, Audis, Airbnb, Top, Zipcar, CarInsurent, Sharing Programs, Sixt, Car-sharing, Ultimate Guide, BMW, Here, Features, Prius, Cars, Offers, SUVs"
75,Which car brands are best suited for car-sharing platforms,https://cleanfleetreport.com/best-car-sharing/,,"Sources, Getaround, Clean Fleet, Mobile Apps, Car Sharing, Market Overview, ICE Mercedes-Benz, Turo, Operates, Mobindustry, Known, BMWs, Share Now, Best Car, USA, Mini, Mini Coopers, Audis, Airbnb, Top, Zipcar, CarInsurent, Sharing Programs, Sixt, Car-sharing, Ultimate Guide, BMW, Here, Features, Prius, Cars, Offers, SUVs"
75,Which car brands are best suited for car-sharing platforms,https://www.mobindustry.net/blog/top-8-carsharing-mobile-apps/,,"Sources, Getaround, Clean Fleet, Mobile Apps, Car Sharing, Market Overview, ICE Mercedes-Benz, Turo, Operates, Mobindustry, Known, BMWs, Share Now, Best Car, USA, Mini, Mini Coopers, Audis, Airbnb, Top, Zipcar, CarInsurent, Sharing Programs, Sixt, Car-sharing, Ultimate Guide, BMW, Here, Features, Prius, Cars, Offers, SUVs"
75,Which car brands are best suited for car-sharing platforms,https://carinsurent.com/guides/car-rental-tips/airbnb-for-cars-the-ultimate-guide-to-car-sharing-platforms/,,"Sources, Getaround, Clean Fleet, Mobile Apps, Car Sharing, Market Overview, ICE Mercedes-Benz, Turo, Operates, Mobindustry, Known, BMWs, Share Now, Best Car, USA, Mini, Mini Coopers, Audis, Airbnb, Top, Zipcar, CarInsurent, Sharing Programs, Sixt, Car-sharing, Ultimate Guide, BMW, Here, Features, Prius, Cars, Offers, SUVs"
75,Which car brands are best suited for car-sharing platforms,,n.a,"Sources, Getaround, Clean Fleet, Mobile Apps, Car Sharing, Market Overview, ICE Mercedes-Benz, Turo, Operates, Mobindustry, Known, BMWs, Share Now, Best Car, USA, Mini, Mini Coopers, Audis, Airbnb, Top, Zipcar, CarInsurent, Sharing Programs, Sixt, Car-sharing, Ultimate Guide, BMW, Here, Features, Prius, Cars, Offers, SUVs"
75,Which car brands are best suited for car-sharing platforms,,n.a,"Sources, Getaround, Clean Fleet, Mobile Apps, Car Sharing, Market Overview, ICE Mercedes-Benz, Turo, Operates, Mobindustry, Known, BMWs, Share Now, Best Car, USA, Mini, Mini Coopers, Audis, Airbnb, Top, Zipcar, CarInsurent, Sharing Programs, Sixt, Car-sharing, Ultimate Guide, BMW, Here, Features, Prius, Cars, Offers, SUVs"
75,Which car brands are best suited for car-sharing platforms,,n.a,"Sources, Getaround, Clean Fleet, Mobile Apps, Car Sharing, Market Overview, ICE Mercedes-Benz, Turo, Operates, Mobindustry, Known, BMWs, Share Now, Best Car, USA, Mini, Mini Coopers, Audis, Airbnb, Top, Zipcar, CarInsurent, Sharing Programs, Sixt, Car-sharing, Ultimate Guide, BMW, Here, Features, Prius, Cars, Offers, SUVs"
75,Which car brands are best suited for car-sharing platforms,,n.a,"Sources, Getaround, Clean Fleet, Mobile Apps, Car Sharing, Market Overview, ICE Mercedes-Benz, Turo, Operates, Mobindustry, Known, BMWs, Share Now, Best Car, USA, Mini, Mini Coopers, Audis, Airbnb, Top, Zipcar, CarInsurent, Sharing Programs, Sixt, Car-sharing, Ultimate Guide, BMW, Here, Features, Prius, Cars, Offers, SUVs"
75,Which car brands are best suited for car-sharing platforms,,n.a,"Sources, Getaround, Clean Fleet, Mobile Apps, Car Sharing, Market Overview, ICE Mercedes-Benz, Turo, Operates, Mobindustry, Known, BMWs, Share Now, Best Car, USA, Mini, Mini Coopers, Audis, Airbnb, Top, Zipcar, CarInsurent, Sharing Programs, Sixt, Car-sharing, Ultimate Guide, BMW, Here, Features, Prius, Cars, Offers, SUVs"
75,Which car brands are best suited for car-sharing platforms,,n.a,"Sources, Getaround, Clean Fleet, Mobile Apps, Car Sharing, Market Overview, ICE Mercedes-Benz, Turo, Operates, Mobindustry, Known, BMWs, Share Now, Best Car, USA, Mini, Mini Coopers, Audis, Airbnb, Top, Zipcar, CarInsurent, Sharing Programs, Sixt, Car-sharing, Ultimate Guide, BMW, Here, Features, Prius, Cars, Offers, SUVs"
76,Which car brands offer the most advanced driver-assist systems,https://www.consumerreports.org/cars/car-safety/active-driving-assistance-systems-review-a2103632203/,,"Super Cruise, Tesla, However, Cadillac, Ram, Ultra Cruise, Drive Pilot, S-class, Plus, Jaguar, Jeep, FSD, Mercedes-Benz, It, Level, Cadillac Celestiq, Full Self-Driving, Nissan, Nevada, BlueCruise, Active Driving, Assist, Hyundai, EQS, Autopilot, Several, Driving Assistant, BMW, Here, GM"
76,Which car brands offer the most advanced driver-assist systems,https://techcrunch.com/2023/12/28/how-tesla-bmw-ford-gm-and-mercedes-driver-assist-systems-compare/,,"Super Cruise, Tesla, However, Cadillac, Ram, Ultra Cruise, Drive Pilot, S-class, Plus, Jaguar, Jeep, FSD, Mercedes-Benz, It, Level, Cadillac Celestiq, Full Self-Driving, Nissan, Nevada, BlueCruise, Active Driving, Assist, Hyundai, EQS, Autopilot, Several, Driving Assistant, BMW, Here, GM"
76,Which car brands offer the most advanced driver-assist systems,https://www.caranddriver.com/news/a62586657/every-hands-free-driving-system-2024/,,"Super Cruise, Tesla, However, Cadillac, Ram, Ultra Cruise, Drive Pilot, S-class, Plus, Jaguar, Jeep, FSD, Mercedes-Benz, It, Level, Cadillac Celestiq, Full Self-Driving, Nissan, Nevada, BlueCruise, Active Driving, Assist, Hyundai, EQS, Autopilot, Several, Driving Assistant, BMW, Here, GM"
76,Which car brands offer the most advanced driver-assist systems,https://www.edmunds.com/car-news/hands-free-driving-comparison.html,,"Super Cruise, Tesla, However, Cadillac, Ram, Ultra Cruise, Drive Pilot, S-class, Plus, Jaguar, Jeep, FSD, Mercedes-Benz, It, Level, Cadillac Celestiq, Full Self-Driving, Nissan, Nevada, BlueCruise, Active Driving, Assist, Hyundai, EQS, Autopilot, Several, Driving Assistant, BMW, Here, GM"
76,Which car brands offer the most advanced driver-assist systems,https://www.youtube.com/watch?v=lAhndiYV8vQ,,"Super Cruise, Tesla, However, Cadillac, Ram, Ultra Cruise, Drive Pilot, S-class, Plus, Jaguar, Jeep, FSD, Mercedes-Benz, It, Level, Cadillac Celestiq, Full Self-Driving, Nissan, Nevada, BlueCruise, Active Driving, Assist, Hyundai, EQS, Autopilot, Several, Driving Assistant, BMW, Here, GM"
76,Which car brands offer the most advanced driver-assist systems,,n.a,"Super Cruise, Tesla, However, Cadillac, Ram, Ultra Cruise, Drive Pilot, S-class, Plus, Jaguar, Jeep, FSD, Mercedes-Benz, It, Level, Cadillac Celestiq, Full Self-Driving, Nissan, Nevada, BlueCruise, Active Driving, Assist, Hyundai, EQS, Autopilot, Several, Driving Assistant, BMW, Here, GM"
76,Which car brands offer the most advanced driver-assist systems,,n.a,"Super Cruise, Tesla, However, Cadillac, Ram, Ultra Cruise, Drive Pilot, S-class, Plus, Jaguar, Jeep, FSD, Mercedes-Benz, It, Level, Cadillac Celestiq, Full Self-Driving, Nissan, Nevada, BlueCruise, Active Driving, Assist, Hyundai, EQS, Autopilot, Several, Driving Assistant, BMW, Here, GM"
76,Which car brands offer the most advanced driver-assist systems,,n.a,"Super Cruise, Tesla, However, Cadillac, Ram, Ultra Cruise, Drive Pilot, S-class, Plus, Jaguar, Jeep, FSD, Mercedes-Benz, It, Level, Cadillac Celestiq, Full Self-Driving, Nissan, Nevada, BlueCruise, Active Driving, Assist, Hyundai, EQS, Autopilot, Several, Driving Assistant, BMW, Here, GM"
76,Which car brands offer the most advanced driver-assist systems,,n.a,"Super Cruise, Tesla, However, Cadillac, Ram, Ultra Cruise, Drive Pilot, S-class, Plus, Jaguar, Jeep, FSD, Mercedes-Benz, It, Level, Cadillac Celestiq, Full Self-Driving, Nissan, Nevada, BlueCruise, Active Driving, Assist, Hyundai, EQS, Autopilot, Several, Driving Assistant, BMW, Here, GM"
77,Which car brands are most efficient for city traffic,https://blog.autobidmaster.com/2024/09/best-cars-for-the-city-top-picks-for-urban-driving/,,"Several, Toyota, This, Here, Honda, While, Mazda, Prius, Skyactiv, Hyundai, It, Kia"
77,Which car brands are most efficient for city traffic,https://www.kbb.com/best-cars/commuter-cars/,,"Several, Toyota, This, Here, Honda, While, Mazda, Prius, Skyactiv, Hyundai, It, Kia"
77,Which car brands are most efficient for city traffic,https://www.caranddriver.com/rankings/best-sedans/gas-mileage,,"Several, Toyota, This, Here, Honda, While, Mazda, Prius, Skyactiv, Hyundai, It, Kia"
77,Which car brands are most efficient for city traffic,https://www.consumerreports.org/cro/news/2012/05/best-city-highway-mpg/index.htm,,"Several, Toyota, This, Here, Honda, While, Mazda, Prius, Skyactiv, Hyundai, It, Kia"
77,Which car brands are most efficient for city traffic,https://www.topspeed.com/cheap-fuel-efficient-cars-for-city-driving/,,"Several, Toyota, This, Here, Honda, While, Mazda, Prius, Skyactiv, Hyundai, It, Kia"
77,Which car brands are most efficient for city traffic,,n.a,"Several, Toyota, This, Here, Honda, While, Mazda, Prius, Skyactiv, Hyundai, It, Kia"
77,Which car brands are most efficient for city traffic,,n.a,"Several, Toyota, This, Here, Honda, While, Mazda, Prius, Skyactiv, Hyundai, It, Kia"
77,Which car brands are most efficient for city traffic,,n.a,"Several, Toyota, This, Here, Honda, While, Mazda, Prius, Skyactiv, Hyundai, It, Kia"
77,Which car brands are most efficient for city traffic,,n.a,"Several, Toyota, This, Here, Honda, While, Mazda, Prius, Skyactiv, Hyundai, It, Kia"
78,Which car brands have the roomiest cabins,https://www.carwow.co.uk/best/cars-most-legroom-0218,,"Tesla, Several, However, Mercedes-Benz, Model, Cadillac, Volkswagen, Here, Falcon Wing, Rover Discovery, Polo, Audi, Genesis, Ioniq, Hyundai, E-Class"
78,Which car brands have the roomiest cabins,https://www.cars.com/articles/which-suvs-minivans-and-sedans-have-the-most-cargo-capacity-439514/,,"Tesla, Several, However, Mercedes-Benz, Model, Cadillac, Volkswagen, Here, Falcon Wing, Rover Discovery, Polo, Audi, Genesis, Ioniq, Hyundai, E-Class"
78,Which car brands have the roomiest cabins,https://www.autoweb.com/10-most-spacious-luxury-cars,,"Tesla, Several, However, Mercedes-Benz, Model, Cadillac, Volkswagen, Here, Falcon Wing, Rover Discovery, Polo, Audi, Genesis, Ioniq, Hyundai, E-Class"
78,Which car brands have the roomiest cabins,https://www.kbb.com/best-cars/second-row-legroom/,,"Tesla, Several, However, Mercedes-Benz, Model, Cadillac, Volkswagen, Here, Falcon Wing, Rover Discovery, Polo, Audi, Genesis, Ioniq, Hyundai, E-Class"
78,Which car brands have the roomiest cabins,,n.a,"Tesla, Several, However, Mercedes-Benz, Model, Cadillac, Volkswagen, Here, Falcon Wing, Rover Discovery, Polo, Audi, Genesis, Ioniq, Hyundai, E-Class"
78,Which car brands have the roomiest cabins,,n.a,"Tesla, Several, However, Mercedes-Benz, Model, Cadillac, Volkswagen, Here, Falcon Wing, Rover Discovery, Polo, Audi, Genesis, Ioniq, Hyundai, E-Class"
78,Which car brands have the roomiest cabins,,n.a,"Tesla, Several, However, Mercedes-Benz, Model, Cadillac, Volkswagen, Here, Falcon Wing, Rover Discovery, Polo, Audi, Genesis, Ioniq, Hyundai, E-Class"
79,Which car brands are best for daily commuting,https://www.kbb.com/best-cars/commuter-cars/,,"Tesla, Nissan, Several, Toyota, Toyota Prius, Long Range, Here, Sense, Camry, Honda, Hyundai Elantra, Escape, Nissan Sentra, Hyundai, EPA-estimated, Honda Civic, Tesla Model, Toyota Safety"
79,Which car brands are best for daily commuting,https://edenredbenefits.com/the-best-options-for-commuting-to-and-from-work-in-2024/,,"Tesla, Nissan, Several, Toyota, Toyota Prius, Long Range, Here, Sense, Camry, Honda, Hyundai Elantra, Escape, Nissan Sentra, Hyundai, EPA-estimated, Honda Civic, Tesla Model, Toyota Safety"
79,Which car brands are best for daily commuting,https://www.thestreet.com/personal-finance/25-best-commuter-cars-for-long-commutes-15021847,,"Tesla, Nissan, Several, Toyota, Toyota Prius, Long Range, Here, Sense, Camry, Honda, Hyundai Elantra, Escape, Nissan Sentra, Hyundai, EPA-estimated, Honda Civic, Tesla Model, Toyota Safety"
79,Which car brands are best for daily commuting,https://www.roanokeford.net/blogs/5583/improving-the-daily-drive-fords-best-commuter-vehicles,,"Tesla, Nissan, Several, Toyota, Toyota Prius, Long Range, Here, Sense, Camry, Honda, Hyundai Elantra, Escape, Nissan Sentra, Hyundai, EPA-estimated, Honda Civic, Tesla Model, Toyota Safety"
79,Which car brands are best for daily commuting,https://motoraxle.com/best-car-for-commuting-100-miles-per-day/,,"Tesla, Nissan, Several, Toyota, Toyota Prius, Long Range, Here, Sense, Camry, Honda, Hyundai Elantra, Escape, Nissan Sentra, Hyundai, EPA-estimated, Honda Civic, Tesla Model, Toyota Safety"
79,Which car brands are best for daily commuting,,n.a,"Tesla, Nissan, Several, Toyota, Toyota Prius, Long Range, Here, Sense, Camry, Honda, Hyundai Elantra, Escape, Nissan Sentra, Hyundai, EPA-estimated, Honda Civic, Tesla Model, Toyota Safety"
79,Which car brands are best for daily commuting,,n.a,"Tesla, Nissan, Several, Toyota, Toyota Prius, Long Range, Here, Sense, Camry, Honda, Hyundai Elantra, Escape, Nissan Sentra, Hyundai, EPA-estimated, Honda Civic, Tesla Model, Toyota Safety"
79,Which car brands are best for daily commuting,,n.a,"Tesla, Nissan, Several, Toyota, Toyota Prius, Long Range, Here, Sense, Camry, Honda, Hyundai Elantra, Escape, Nissan Sentra, Hyundai, EPA-estimated, Honda Civic, Tesla Model, Toyota Safety"
79,Which car brands are best for daily commuting,,n.a,"Tesla, Nissan, Several, Toyota, Toyota Prius, Long Range, Here, Sense, Camry, Honda, Hyundai Elantra, Escape, Nissan Sentra, Hyundai, EPA-estimated, Honda Civic, Tesla Model, Toyota Safety"
79,Which car brands are best for daily commuting,,n.a,"Tesla, Nissan, Several, Toyota, Toyota Prius, Long Range, Here, Sense, Camry, Honda, Hyundai Elantra, Escape, Nissan Sentra, Hyundai, EPA-estimated, Honda Civic, Tesla Model, Toyota Safety"
80,Which car brands handle off-grid travel best,https://www.jalopnik.com/the-best-cars-for-getting-off-grid-1848035102/,,"Duty Pickup, Volkswagen, Subaru Outback, Jeep, Ample, Subaru, Honda, AWD, Cherokee, Known, Subaru Crosstrek, SUV, Hybrid, RVs, FWD, Strong, F-, Honda Pilot, Several, Toyota, Renowned, Here, Features, RTTs, It, Offers, SUVs"
80,Which car brands handle off-grid travel best,https://ikamper.com/blogs/ikampernation/best-cars-for-camping,,"Duty Pickup, Volkswagen, Subaru Outback, Jeep, Ample, Subaru, Honda, AWD, Cherokee, Known, Subaru Crosstrek, SUV, Hybrid, RVs, FWD, Strong, F-, Honda Pilot, Several, Toyota, Renowned, Here, Features, RTTs, It, Offers, SUVs"
80,Which car brands handle off-grid travel best,https://www.cardealcanada.ca/10-emergency-vehicles-survive-off-grid-ease/,,"Duty Pickup, Volkswagen, Subaru Outback, Jeep, Ample, Subaru, Honda, AWD, Cherokee, Known, Subaru Crosstrek, SUV, Hybrid, RVs, FWD, Strong, F-, Honda Pilot, Several, Toyota, Renowned, Here, Features, RTTs, It, Offers, SUVs"
80,Which car brands handle off-grid travel best,https://www.overlandexpo.com/compass/the-best-vehicle-for-overlanding/,,"Duty Pickup, Volkswagen, Subaru Outback, Jeep, Ample, Subaru, Honda, AWD, Cherokee, Known, Subaru Crosstrek, SUV, Hybrid, RVs, FWD, Strong, F-, Honda Pilot, Several, Toyota, Renowned, Here, Features, RTTs, It, Offers, SUVs"
80,Which car brands handle off-grid travel best,https://www.youtube.com/watch?v=CbAX3j7goU8,,"Duty Pickup, Volkswagen, Subaru Outback, Jeep, Ample, Subaru, Honda, AWD, Cherokee, Known, Subaru Crosstrek, SUV, Hybrid, RVs, FWD, Strong, F-, Honda Pilot, Several, Toyota, Renowned, Here, Features, RTTs, It, Offers, SUVs"
80,Which car brands handle off-grid travel best,,n.a,"Duty Pickup, Volkswagen, Subaru Outback, Jeep, Ample, Subaru, Honda, AWD, Cherokee, Known, Subaru Crosstrek, SUV, Hybrid, RVs, FWD, Strong, F-, Honda Pilot, Several, Toyota, Renowned, Here, Features, RTTs, It, Offers, SUVs"
80,Which car brands handle off-grid travel best,,n.a,"Duty Pickup, Volkswagen, Subaru Outback, Jeep, Ample, Subaru, Honda, AWD, Cherokee, Known, Subaru Crosstrek, SUV, Hybrid, RVs, FWD, Strong, F-, Honda Pilot, Several, Toyota, Renowned, Here, Features, RTTs, It, Offers, SUVs"
80,Which car brands handle off-grid travel best,,n.a,"Duty Pickup, Volkswagen, Subaru Outback, Jeep, Ample, Subaru, Honda, AWD, Cherokee, Known, Subaru Crosstrek, SUV, Hybrid, RVs, FWD, Strong, F-, Honda Pilot, Several, Toyota, Renowned, Here, Features, RTTs, It, Offers, SUVs"
80,Which car brands handle off-grid travel best,,n.a,"Duty Pickup, Volkswagen, Subaru Outback, Jeep, Ample, Subaru, Honda, AWD, Cherokee, Known, Subaru Crosstrek, SUV, Hybrid, RVs, FWD, Strong, F-, Honda Pilot, Several, Toyota, Renowned, Here, Features, RTTs, It, Offers, SUVs"
81,Which car brands deliver the quickest acceleration,https://www.autoexpress.co.uk/best-cars-vans/99404/fastest-accelerating-cars-world,,"Owl, Several, Koenigsegg, Lucid, Additional Notable, Aspark, Gemera, Here, Battista, Bugatti, Rimac Nevera, McMurtry, Chiron Super, Nevera, Rimac, Speirling, Pininfarina, Air Sapphire"
81,Which car brands deliver the quickest acceleration,https://en.wikipedia.org/wiki/List_of_fastest_production_cars_by_acceleration,,"Owl, Several, Koenigsegg, Lucid, Additional Notable, Aspark, Gemera, Here, Battista, Bugatti, Rimac Nevera, McMurtry, Chiron Super, Nevera, Rimac, Speirling, Pininfarina, Air Sapphire"
81,Which car brands deliver the quickest acceleration,https://news.dupontregistry.com/features/fastest-0-60-mph-production-cars/,,"Owl, Several, Koenigsegg, Lucid, Additional Notable, Aspark, Gemera, Here, Battista, Bugatti, Rimac Nevera, McMurtry, Chiron Super, Nevera, Rimac, Speirling, Pininfarina, Air Sapphire"
81,Which car brands deliver the quickest acceleration,https://www.carwow.co.uk/editorial/best-cars/by-features/fastest-accelerating-cars,,"Owl, Several, Koenigsegg, Lucid, Additional Notable, Aspark, Gemera, Here, Battista, Bugatti, Rimac Nevera, McMurtry, Chiron Super, Nevera, Rimac, Speirling, Pininfarina, Air Sapphire"
81,Which car brands deliver the quickest acceleration,https://www.caranddriver.com/features/g22025438/fastest-front-wheel-drive-cars/,,"Owl, Several, Koenigsegg, Lucid, Additional Notable, Aspark, Gemera, Here, Battista, Bugatti, Rimac Nevera, McMurtry, Chiron Super, Nevera, Rimac, Speirling, Pininfarina, Air Sapphire"
81,Which car brands deliver the quickest acceleration,,n.a,"Owl, Several, Koenigsegg, Lucid, Additional Notable, Aspark, Gemera, Here, Battista, Bugatti, Rimac Nevera, McMurtry, Chiron Super, Nevera, Rimac, Speirling, Pininfarina, Air Sapphire"
81,Which car brands deliver the quickest acceleration,,n.a,"Owl, Several, Koenigsegg, Lucid, Additional Notable, Aspark, Gemera, Here, Battista, Bugatti, Rimac Nevera, McMurtry, Chiron Super, Nevera, Rimac, Speirling, Pininfarina, Air Sapphire"
81,Which car brands deliver the quickest acceleration,,n.a,"Owl, Several, Koenigsegg, Lucid, Additional Notable, Aspark, Gemera, Here, Battista, Bugatti, Rimac Nevera, McMurtry, Chiron Super, Nevera, Rimac, Speirling, Pininfarina, Air Sapphire"
81,Which car brands deliver the quickest acceleration,,n.a,"Owl, Several, Koenigsegg, Lucid, Additional Notable, Aspark, Gemera, Here, Battista, Bugatti, Rimac Nevera, McMurtry, Chiron Super, Nevera, Rimac, Speirling, Pininfarina, Air Sapphire"
82,Which car brands offer top-tier all-wheel-drive performance,https://www.kbb.com/car-finder/best-awd-cars/,,"Gran Coupe, Sources, Car, Subaru, Car From, Mercedes-Benz, Drive Cars, Mercedes-Benz E-Class, Best All-Wheel, AWD, Of, Driver, Known, System, Sedans, Best AWD, Quattro, Best All-Wheel-Drive, Which Automakers, Japan, Kelley Blue, Hyundai, CarBuzz, Several, Have, Book, BMW, Here, SlashGear, AWD Systems, Audi, Genesis, XDrive"
82,Which car brands offer top-tier all-wheel-drive performance,https://www.caranddriver.com/rankings/best-sedans/awd,,"Gran Coupe, Sources, Car, Subaru, Car From, Mercedes-Benz, Drive Cars, Mercedes-Benz E-Class, Best All-Wheel, AWD, Of, Driver, Known, System, Sedans, Best AWD, Quattro, Best All-Wheel-Drive, Which Automakers, Japan, Kelley Blue, Hyundai, CarBuzz, Several, Have, Book, BMW, Here, SlashGear, AWD Systems, Audi, Genesis, XDrive"
82,Which car brands offer top-tier all-wheel-drive performance,https://carfromjapan.com/article/best-awd-systems/,,"Gran Coupe, Sources, Car, Subaru, Car From, Mercedes-Benz, Drive Cars, Mercedes-Benz E-Class, Best All-Wheel, AWD, Of, Driver, Known, System, Sedans, Best AWD, Quattro, Best All-Wheel-Drive, Which Automakers, Japan, Kelley Blue, Hyundai, CarBuzz, Several, Have, Book, BMW, Here, SlashGear, AWD Systems, Audi, Genesis, XDrive"
82,Which car brands offer top-tier all-wheel-drive performance,https://carbuzz.com/cars/awd-sports-cars/,,"Gran Coupe, Sources, Car, Subaru, Car From, Mercedes-Benz, Drive Cars, Mercedes-Benz E-Class, Best All-Wheel, AWD, Of, Driver, Known, System, Sedans, Best AWD, Quattro, Best All-Wheel-Drive, Which Automakers, Japan, Kelley Blue, Hyundai, CarBuzz, Several, Have, Book, BMW, Here, SlashGear, AWD Systems, Audi, Genesis, XDrive"
82,Which car brands offer top-tier all-wheel-drive performance,https://www.slashgear.com/1766645/cars-best-worst-awd-systems/,,"Gran Coupe, Sources, Car, Subaru, Car From, Mercedes-Benz, Drive Cars, Mercedes-Benz E-Class, Best All-Wheel, AWD, Of, Driver, Known, System, Sedans, Best AWD, Quattro, Best All-Wheel-Drive, Which Automakers, Japan, Kelley Blue, Hyundai, CarBuzz, Several, Have, Book, BMW, Here, SlashGear, AWD Systems, Audi, Genesis, XDrive"
82,Which car brands offer top-tier all-wheel-drive performance,,n.a,"Gran Coupe, Sources, Car, Subaru, Car From, Mercedes-Benz, Drive Cars, Mercedes-Benz E-Class, Best All-Wheel, AWD, Of, Driver, Known, System, Sedans, Best AWD, Quattro, Best All-Wheel-Drive, Which Automakers, Japan, Kelley Blue, Hyundai, CarBuzz, Several, Have, Book, BMW, Here, SlashGear, AWD Systems, Audi, Genesis, XDrive"
82,Which car brands offer top-tier all-wheel-drive performance,,n.a,"Gran Coupe, Sources, Car, Subaru, Car From, Mercedes-Benz, Drive Cars, Mercedes-Benz E-Class, Best All-Wheel, AWD, Of, Driver, Known, System, Sedans, Best AWD, Quattro, Best All-Wheel-Drive, Which Automakers, Japan, Kelley Blue, Hyundai, CarBuzz, Several, Have, Book, BMW, Here, SlashGear, AWD Systems, Audi, Genesis, XDrive"
82,Which car brands offer top-tier all-wheel-drive performance,,n.a,"Gran Coupe, Sources, Car, Subaru, Car From, Mercedes-Benz, Drive Cars, Mercedes-Benz E-Class, Best All-Wheel, AWD, Of, Driver, Known, System, Sedans, Best AWD, Quattro, Best All-Wheel-Drive, Which Automakers, Japan, Kelley Blue, Hyundai, CarBuzz, Several, Have, Book, BMW, Here, SlashGear, AWD Systems, Audi, Genesis, XDrive"
82,Which car brands offer top-tier all-wheel-drive performance,,n.a,"Gran Coupe, Sources, Car, Subaru, Car From, Mercedes-Benz, Drive Cars, Mercedes-Benz E-Class, Best All-Wheel, AWD, Of, Driver, Known, System, Sedans, Best AWD, Quattro, Best All-Wheel-Drive, Which Automakers, Japan, Kelley Blue, Hyundai, CarBuzz, Several, Have, Book, BMW, Here, SlashGear, AWD Systems, Audi, Genesis, XDrive"
82,Which car brands offer top-tier all-wheel-drive performance,,n.a,"Gran Coupe, Sources, Car, Subaru, Car From, Mercedes-Benz, Drive Cars, Mercedes-Benz E-Class, Best All-Wheel, AWD, Of, Driver, Known, System, Sedans, Best AWD, Quattro, Best All-Wheel-Drive, Which Automakers, Japan, Kelley Blue, Hyundai, CarBuzz, Several, Have, Book, BMW, Here, SlashGear, AWD Systems, Audi, Genesis, XDrive"
82,Which car brands offer top-tier all-wheel-drive performance,,n.a,"Gran Coupe, Sources, Car, Subaru, Car From, Mercedes-Benz, Drive Cars, Mercedes-Benz E-Class, Best All-Wheel, AWD, Of, Driver, Known, System, Sedans, Best AWD, Quattro, Best All-Wheel-Drive, Which Automakers, Japan, Kelley Blue, Hyundai, CarBuzz, Several, Have, Book, BMW, Here, SlashGear, AWD Systems, Audi, Genesis, XDrive"
82,Which car brands offer top-tier all-wheel-drive performance,,n.a,"Gran Coupe, Sources, Car, Subaru, Car From, Mercedes-Benz, Drive Cars, Mercedes-Benz E-Class, Best All-Wheel, AWD, Of, Driver, Known, System, Sedans, Best AWD, Quattro, Best All-Wheel-Drive, Which Automakers, Japan, Kelley Blue, Hyundai, CarBuzz, Several, Have, Book, BMW, Here, SlashGear, AWD Systems, Audi, Genesis, XDrive"
82,Which car brands offer top-tier all-wheel-drive performance,,n.a,"Gran Coupe, Sources, Car, Subaru, Car From, Mercedes-Benz, Drive Cars, Mercedes-Benz E-Class, Best All-Wheel, AWD, Of, Driver, Known, System, Sedans, Best AWD, Quattro, Best All-Wheel-Drive, Which Automakers, Japan, Kelley Blue, Hyundai, CarBuzz, Several, Have, Book, BMW, Here, SlashGear, AWD Systems, Audi, Genesis, XDrive"
83,Which car brands prioritize sustainable manufacturing,https://www.oxjournal.org/green-or-greed-contrasting-sustainability-in-car-companies/,,"Tesla, Several, Toyota, BMW, Here, Sources, Prius, GM"
83,Which car brands prioritize sustainable manufacturing,https://sustainablereview.com/most-eco-friendly-car-manufacturers-leading-the-charge-to-transportation-sustainability/,- 2,"Tesla, Several, Toyota, BMW, Here, Sources, Prius, GM"
83,Which car brands prioritize sustainable manufacturing,https://www.bostonbrandmedia.com/news/top-eco-friendly-car-manufacturers-pioneers-in-sustainability-and-green-innovation,www.bostonbrandmedia.com,"Tesla, Several, Toyota, BMW, Here, Sources, Prius, GM"
83,Which car brands prioritize sustainable manufacturing,https://www.rivervaleleasing.co.uk/blog/posts/greenest-car-manufacturers,,"Tesla, Several, Toyota, BMW, Here, Sources, Prius, GM"
83,Which car brands prioritize sustainable manufacturing,https://www.loginextsolutions.com/blog/leading-car-brands-driving-sustainable-automotive-innovation/,www.loginextsolutions.com,"Tesla, Several, Toyota, BMW, Here, Sources, Prius, GM"
83,Which car brands prioritize sustainable manufacturing,,n.a,"Tesla, Several, Toyota, BMW, Here, Sources, Prius, GM"
83,Which car brands prioritize sustainable manufacturing,,n.a,"Tesla, Several, Toyota, BMW, Here, Sources, Prius, GM"
83,Which car brands prioritize sustainable manufacturing,,n.a,"Tesla, Several, Toyota, BMW, Here, Sources, Prius, GM"
84,Which car brands attract passionate car enthusiasts,https://www.roadandtrack.com/new-cars/g6628/nine-normal-cars-that-will-turn-anyone-into-an-enthusiast/,,"Focus RS, Several, Ecoboost, German, Here, Mazda, Any, Veyron, AWD, RX-, It, Known, Bugatti, Drift, Chiron"
84,Which car brands attract passionate car enthusiasts,https://www.youtube.com/watch?v=dxeyHgosgtI,,"Focus RS, Several, Ecoboost, German, Here, Mazda, Any, Veyron, AWD, RX-, It, Known, Bugatti, Drift, Chiron"
84,Which car brands attract passionate car enthusiasts,https://www.carthrottle.com/post/wm9e6er,,"Focus RS, Several, Ecoboost, German, Here, Mazda, Any, Veyron, AWD, RX-, It, Known, Bugatti, Drift, Chiron"
84,Which car brands attract passionate car enthusiasts,https://mediaboom.com/news/luxury-car-marketing/,,"Focus RS, Several, Ecoboost, German, Here, Mazda, Any, Veyron, AWD, RX-, It, Known, Bugatti, Drift, Chiron"
84,Which car brands attract passionate car enthusiasts,https://www.moderngentlemanmagazine.com/mens-top-car-loyalty/,,"Focus RS, Several, Ecoboost, German, Here, Mazda, Any, Veyron, AWD, RX-, It, Known, Bugatti, Drift, Chiron"
84,Which car brands attract passionate car enthusiasts,,n.a,"Focus RS, Several, Ecoboost, German, Here, Mazda, Any, Veyron, AWD, RX-, It, Known, Bugatti, Drift, Chiron"
84,Which car brands attract passionate car enthusiasts,,n.a,"Focus RS, Several, Ecoboost, German, Here, Mazda, Any, Veyron, AWD, RX-, It, Known, Bugatti, Drift, Chiron"
84,Which car brands attract passionate car enthusiasts,,n.a,"Focus RS, Several, Ecoboost, German, Here, Mazda, Any, Veyron, AWD, RX-, It, Known, Bugatti, Drift, Chiron"
85,Which car brands produce the best convertibles,https://www.carmax.com/research/convertibles/best-overall,,"CLE, Several, Stingray, MPG, Mercedes-Benz, Book, Mustang, Miata, Here, BMW, Mazda, Kelley Blue, Series, MX-, It, C-Class, Chevrolet, E-Ray"
85,Which car brands produce the best convertibles,https://www.caranddriver.com/features/g27198629/convertibles/,,"CLE, Several, Stingray, MPG, Mercedes-Benz, Book, Mustang, Miata, Here, BMW, Mazda, Kelley Blue, Series, MX-, It, C-Class, Chevrolet, E-Ray"
85,Which car brands produce the best convertibles,https://www.autocar.co.uk/car-news/best-cars/top-10-best-convertibles-and-cabriolets,,"CLE, Several, Stingray, MPG, Mercedes-Benz, Book, Mustang, Miata, Here, BMW, Mazda, Kelley Blue, Series, MX-, It, C-Class, Chevrolet, E-Ray"
85,Which car brands produce the best convertibles,https://www.kbb.com/convertible/,,"CLE, Several, Stingray, MPG, Mercedes-Benz, Book, Mustang, Miata, Here, BMW, Mazda, Kelley Blue, Series, MX-, It, C-Class, Chevrolet, E-Ray"
85,Which car brands produce the best convertibles,https://www.edmunds.com/convertible/,,"CLE, Several, Stingray, MPG, Mercedes-Benz, Book, Mustang, Miata, Here, BMW, Mazda, Kelley Blue, Series, MX-, It, C-Class, Chevrolet, E-Ray"
85,Which car brands produce the best convertibles,,n.a,"CLE, Several, Stingray, MPG, Mercedes-Benz, Book, Mustang, Miata, Here, BMW, Mazda, Kelley Blue, Series, MX-, It, C-Class, Chevrolet, E-Ray"
85,Which car brands produce the best convertibles,,n.a,"CLE, Several, Stingray, MPG, Mercedes-Benz, Book, Mustang, Miata, Here, BMW, Mazda, Kelley Blue, Series, MX-, It, C-Class, Chevrolet, E-Ray"
85,Which car brands produce the best convertibles,,n.a,"CLE, Several, Stingray, MPG, Mercedes-Benz, Book, Mustang, Miata, Here, BMW, Mazda, Kelley Blue, Series, MX-, It, C-Class, Chevrolet, E-Ray"
85,Which car brands produce the best convertibles,,n.a,"CLE, Several, Stingray, MPG, Mercedes-Benz, Book, Mustang, Miata, Here, BMW, Mazda, Kelley Blue, Series, MX-, It, C-Class, Chevrolet, E-Ray"
85,Which car brands produce the best convertibles,,n.a,"CLE, Several, Stingray, MPG, Mercedes-Benz, Book, Mustang, Miata, Here, BMW, Mazda, Kelley Blue, Series, MX-, It, C-Class, Chevrolet, E-Ray"
85,Which car brands produce the best convertibles,,n.a,"CLE, Several, Stingray, MPG, Mercedes-Benz, Book, Mustang, Miata, Here, BMW, Mazda, Kelley Blue, Series, MX-, It, C-Class, Chevrolet, E-Ray"
85,Which car brands produce the best convertibles,,n.a,"CLE, Several, Stingray, MPG, Mercedes-Benz, Book, Mustang, Miata, Here, BMW, Mazda, Kelley Blue, Series, MX-, It, C-Class, Chevrolet, E-Ray"
86,Which car brands score highest in crash test ratings,https://www.iihs.org/ratings/top-safety-picks,,"Tesla, Volvo, National Highway, NCAP, Tesla Model, Subaru, Identifies, AI-assisted, IIHS Top, Highway Safety, Known, Close, Specific Models, SUV, High Safety, Safety Picks, Administration, Paces, NHTSA, Provides, NHTSA Ratings, IIHS, Receives, Several, Here, Additional Sources, Features, Genesis, Traffic Safety, Insurance Institute, Ratings"
86,Which car brands score highest in crash test ratings,https://nexusautotransport.com/what-car-has-the-highest-safety-rating-in-the-us/,,"Tesla, Volvo, National Highway, NCAP, Tesla Model, Subaru, Identifies, AI-assisted, IIHS Top, Highway Safety, Known, Close, Specific Models, SUV, High Safety, Safety Picks, Administration, Paces, NHTSA, Provides, NHTSA Ratings, IIHS, Receives, Several, Here, Additional Sources, Features, Genesis, Traffic Safety, Insurance Institute, Ratings"
86,Which car brands score highest in crash test ratings,https://www.consumerreports.org/cars/car-safety/safest-new-cars-of-2024-according-to-iihs-a6646928467/,,"Tesla, Volvo, National Highway, NCAP, Tesla Model, Subaru, Identifies, AI-assisted, IIHS Top, Highway Safety, Known, Close, Specific Models, SUV, High Safety, Safety Picks, Administration, Paces, NHTSA, Provides, NHTSA Ratings, IIHS, Receives, Several, Here, Additional Sources, Features, Genesis, Traffic Safety, Insurance Institute, Ratings"
86,Which car brands score highest in crash test ratings,https://www.nhtsa.gov/ratings,,"Tesla, Volvo, National Highway, NCAP, Tesla Model, Subaru, Identifies, AI-assisted, IIHS Top, Highway Safety, Known, Close, Specific Models, SUV, High Safety, Safety Picks, Administration, Paces, NHTSA, Provides, NHTSA Ratings, IIHS, Receives, Several, Here, Additional Sources, Features, Genesis, Traffic Safety, Insurance Institute, Ratings"
86,Which car brands score highest in crash test ratings,https://www.carscoops.com/2025/01/volvo-subaru-tesla-lead-study-with-most-5-star-safety-ratings/,,"Tesla, Volvo, National Highway, NCAP, Tesla Model, Subaru, Identifies, AI-assisted, IIHS Top, Highway Safety, Known, Close, Specific Models, SUV, High Safety, Safety Picks, Administration, Paces, NHTSA, Provides, NHTSA Ratings, IIHS, Receives, Several, Here, Additional Sources, Features, Genesis, Traffic Safety, Insurance Institute, Ratings"
86,Which car brands score highest in crash test ratings,,n.a,"Tesla, Volvo, National Highway, NCAP, Tesla Model, Subaru, Identifies, AI-assisted, IIHS Top, Highway Safety, Known, Close, Specific Models, SUV, High Safety, Safety Picks, Administration, Paces, NHTSA, Provides, NHTSA Ratings, IIHS, Receives, Several, Here, Additional Sources, Features, Genesis, Traffic Safety, Insurance Institute, Ratings"
86,Which car brands score highest in crash test ratings,,n.a,"Tesla, Volvo, National Highway, NCAP, Tesla Model, Subaru, Identifies, AI-assisted, IIHS Top, Highway Safety, Known, Close, Specific Models, SUV, High Safety, Safety Picks, Administration, Paces, NHTSA, Provides, NHTSA Ratings, IIHS, Receives, Several, Here, Additional Sources, Features, Genesis, Traffic Safety, Insurance Institute, Ratings"
86,Which car brands score highest in crash test ratings,,n.a,"Tesla, Volvo, National Highway, NCAP, Tesla Model, Subaru, Identifies, AI-assisted, IIHS Top, Highway Safety, Known, Close, Specific Models, SUV, High Safety, Safety Picks, Administration, Paces, NHTSA, Provides, NHTSA Ratings, IIHS, Receives, Several, Here, Additional Sources, Features, Genesis, Traffic Safety, Insurance Institute, Ratings"
86,Which car brands score highest in crash test ratings,,n.a,"Tesla, Volvo, National Highway, NCAP, Tesla Model, Subaru, Identifies, AI-assisted, IIHS Top, Highway Safety, Known, Close, Specific Models, SUV, High Safety, Safety Picks, Administration, Paces, NHTSA, Provides, NHTSA Ratings, IIHS, Receives, Several, Here, Additional Sources, Features, Genesis, Traffic Safety, Insurance Institute, Ratings"
86,Which car brands score highest in crash test ratings,,n.a,"Tesla, Volvo, National Highway, NCAP, Tesla Model, Subaru, Identifies, AI-assisted, IIHS Top, Highway Safety, Known, Close, Specific Models, SUV, High Safety, Safety Picks, Administration, Paces, NHTSA, Provides, NHTSA Ratings, IIHS, Receives, Several, Here, Additional Sources, Features, Genesis, Traffic Safety, Insurance Institute, Ratings"
86,Which car brands score highest in crash test ratings,,n.a,"Tesla, Volvo, National Highway, NCAP, Tesla Model, Subaru, Identifies, AI-assisted, IIHS Top, Highway Safety, Known, Close, Specific Models, SUV, High Safety, Safety Picks, Administration, Paces, NHTSA, Provides, NHTSA Ratings, IIHS, Receives, Several, Here, Additional Sources, Features, Genesis, Traffic Safety, Insurance Institute, Ratings"
86,Which car brands score highest in crash test ratings,,n.a,"Tesla, Volvo, National Highway, NCAP, Tesla Model, Subaru, Identifies, AI-assisted, IIHS Top, Highway Safety, Known, Close, Specific Models, SUV, High Safety, Safety Picks, Administration, Paces, NHTSA, Provides, NHTSA Ratings, IIHS, Receives, Several, Here, Additional Sources, Features, Genesis, Traffic Safety, Insurance Institute, Ratings"
87,Which car brands are perfect for ride-hailing services,https://www.thezebra.com/resources/car-insurance/10-best-cars-for-uber-and-lyft-drivers/,,"Mitsubishi, However, ES, Uber Select, Lexus, Hybrid Vehicles, Honda Civic, Additional Considerations, Honda, Nissan Sentra, Known, Toyota Camry, While, Hybrid, Electric Vehicles, Nissan, EVs, Companies, Provides, Lyft Premier, Several, Additionally, Toyota Prius, Toyota, Lexus ES, Here, Uber, Mitsubishi Mirage, Lyft, Offers"
87,Which car brands are perfect for ride-hailing services,https://www.cleantech.com/electric-vehicles-are-the-next-big-thing-for-ride-hailing-and-car-subscriptions/,,"Mitsubishi, However, ES, Uber Select, Lexus, Hybrid Vehicles, Honda Civic, Additional Considerations, Honda, Nissan Sentra, Known, Toyota Camry, While, Hybrid, Electric Vehicles, Nissan, EVs, Companies, Provides, Lyft Premier, Several, Additionally, Toyota Prius, Toyota, Lexus ES, Here, Uber, Mitsubishi Mirage, Lyft, Offers"
87,Which car brands are perfect for ride-hailing services,https://www.cnet.com/roadshow/news/buy-the-best-car-for-rideshare-driving/,,"Mitsubishi, However, ES, Uber Select, Lexus, Hybrid Vehicles, Honda Civic, Additional Considerations, Honda, Nissan Sentra, Known, Toyota Camry, While, Hybrid, Electric Vehicles, Nissan, EVs, Companies, Provides, Lyft Premier, Several, Additionally, Toyota Prius, Toyota, Lexus ES, Here, Uber, Mitsubishi Mirage, Lyft, Offers"
87,Which car brands are perfect for ride-hailing services,https://www.consumerreports.org/money/ride-hailing/best-cars-for-uber-and-lyft-drivers-a2180710887/,,"Mitsubishi, However, ES, Uber Select, Lexus, Hybrid Vehicles, Honda Civic, Additional Considerations, Honda, Nissan Sentra, Known, Toyota Camry, While, Hybrid, Electric Vehicles, Nissan, EVs, Companies, Provides, Lyft Premier, Several, Additionally, Toyota Prius, Toyota, Lexus ES, Here, Uber, Mitsubishi Mirage, Lyft, Offers"
87,Which car brands are perfect for ride-hailing services,,n.a,"Mitsubishi, However, ES, Uber Select, Lexus, Hybrid Vehicles, Honda Civic, Additional Considerations, Honda, Nissan Sentra, Known, Toyota Camry, While, Hybrid, Electric Vehicles, Nissan, EVs, Companies, Provides, Lyft Premier, Several, Additionally, Toyota Prius, Toyota, Lexus ES, Here, Uber, Mitsubishi Mirage, Lyft, Offers"
87,Which car brands are perfect for ride-hailing services,,n.a,"Mitsubishi, However, ES, Uber Select, Lexus, Hybrid Vehicles, Honda Civic, Additional Considerations, Honda, Nissan Sentra, Known, Toyota Camry, While, Hybrid, Electric Vehicles, Nissan, EVs, Companies, Provides, Lyft Premier, Several, Additionally, Toyota Prius, Toyota, Lexus ES, Here, Uber, Mitsubishi Mirage, Lyft, Offers"
87,Which car brands are perfect for ride-hailing services,,n.a,"Mitsubishi, However, ES, Uber Select, Lexus, Hybrid Vehicles, Honda Civic, Additional Considerations, Honda, Nissan Sentra, Known, Toyota Camry, While, Hybrid, Electric Vehicles, Nissan, EVs, Companies, Provides, Lyft Premier, Several, Additionally, Toyota Prius, Toyota, Lexus ES, Here, Uber, Mitsubishi Mirage, Lyft, Offers"
87,Which car brands are perfect for ride-hailing services,,n.a,"Mitsubishi, However, ES, Uber Select, Lexus, Hybrid Vehicles, Honda Civic, Additional Considerations, Honda, Nissan Sentra, Known, Toyota Camry, While, Hybrid, Electric Vehicles, Nissan, EVs, Companies, Provides, Lyft Premier, Several, Additionally, Toyota Prius, Toyota, Lexus ES, Here, Uber, Mitsubishi Mirage, Lyft, Offers"
87,Which car brands are perfect for ride-hailing services,,n.a,"Mitsubishi, However, ES, Uber Select, Lexus, Hybrid Vehicles, Honda Civic, Additional Considerations, Honda, Nissan Sentra, Known, Toyota Camry, While, Hybrid, Electric Vehicles, Nissan, EVs, Companies, Provides, Lyft Premier, Several, Additionally, Toyota Prius, Toyota, Lexus ES, Here, Uber, Mitsubishi Mirage, Lyft, Offers"
88,Which car brands are best for long-term ownership,https://www.carsoup.com/blog/2024/04/25/the-best-cars-for-long-term-ownership-reliability-and-maintenance-costs/,,"Toyota, European, Specific, This, Here, As, Honda, Lexus, Mazda, Hyundai, It, Known, Honda Civic, Kia"
88,Which car brands are best for long-term ownership,https://www.consumerreports.org/cars/car-reliability-owner-satisfaction/who-makes-the-most-reliable-cars-a7824554938/,,"Toyota, European, Specific, This, Here, As, Honda, Lexus, Mazda, Hyundai, It, Known, Honda Civic, Kia"
88,Which car brands are best for long-term ownership,https://www.consumerreports.org/cars/car-maintenance/the-cost-of-car-ownership-a1854979198/,,"Toyota, European, Specific, This, Here, As, Honda, Lexus, Mazda, Hyundai, It, Known, Honda Civic, Kia"
88,Which car brands are best for long-term ownership,https://www.jdpower.com/business/press-releases/2024-us-vehicle-dependability-study-vds,,"Toyota, European, Specific, This, Here, As, Honda, Lexus, Mazda, Hyundai, It, Known, Honda Civic, Kia"
88,Which car brands are best for long-term ownership,https://www.visualcapitalist.com/ranked-the-most-reliable-car-brands-in-2025/,,"Toyota, European, Specific, This, Here, As, Honda, Lexus, Mazda, Hyundai, It, Known, Honda Civic, Kia"
88,Which car brands are best for long-term ownership,,n.a,"Toyota, European, Specific, This, Here, As, Honda, Lexus, Mazda, Hyundai, It, Known, Honda Civic, Kia"
88,Which car brands are best for long-term ownership,,n.a,"Toyota, European, Specific, This, Here, As, Honda, Lexus, Mazda, Hyundai, It, Known, Honda Civic, Kia"
88,Which car brands are best for long-term ownership,,n.a,"Toyota, European, Specific, This, Here, As, Honda, Lexus, Mazda, Hyundai, It, Known, Honda Civic, Kia"
88,Which car brands are best for long-term ownership,,n.a,"Toyota, European, Specific, This, Here, As, Honda, Lexus, Mazda, Hyundai, It, Known, Honda Civic, Kia"
88,Which car brands are best for long-term ownership,,n.a,"Toyota, European, Specific, This, Here, As, Honda, Lexus, Mazda, Hyundai, It, Known, Honda Civic, Kia"
88,Which car brands are best for long-term ownership,,n.a,"Toyota, European, Specific, This, Here, As, Honda, Lexus, Mazda, Hyundai, It, Known, Honda Civic, Kia"
89,Which car brands are known for their futuristic concept cars,https://www.caranddriver.com/features/g62628687/concept-cars-most-like-production-version/,- 1,"Street, Cross Turismo, Volkswagen ID, Several, Buggy, Acura, Volkswagen, Here, DS, DS Automobiles, E-Tense, Honda, Convertible, Sources, Concept, Genesis, Known, Renault"
89,Which car brands are known for their futuristic concept cars,https://www.roadandtrack.com/new-cars/future-cars/g22635258/coolest-recent-concepts/,www.roadandtrack.com,"Street, Cross Turismo, Volkswagen ID, Several, Buggy, Acura, Volkswagen, Here, DS, DS Automobiles, E-Tense, Honda, Convertible, Sources, Concept, Genesis, Known, Renault"
89,Which car brands are known for their futuristic concept cars,https://jbrcapital.com/magazine/concept-cars-future-history/,,"Street, Cross Turismo, Volkswagen ID, Several, Buggy, Acura, Volkswagen, Here, DS, DS Automobiles, E-Tense, Honda, Convertible, Sources, Concept, Genesis, Known, Renault"
89,Which car brands are known for their futuristic concept cars,https://carbuzz.com/futuristic-cars-you-can-buy-right-now/,,"Street, Cross Turismo, Volkswagen ID, Several, Buggy, Acura, Volkswagen, Here, DS, DS Automobiles, E-Tense, Honda, Convertible, Sources, Concept, Genesis, Known, Renault"
89,Which car brands are known for their futuristic concept cars,https://www.sciencefocus.com/future-technology/the-future-of-cars,www.sciencefocus.com,"Street, Cross Turismo, Volkswagen ID, Several, Buggy, Acura, Volkswagen, Here, DS, DS Automobiles, E-Tense, Honda, Convertible, Sources, Concept, Genesis, Known, Renault"
89,Which car brands are known for their futuristic concept cars,,n.a,"Street, Cross Turismo, Volkswagen ID, Several, Buggy, Acura, Volkswagen, Here, DS, DS Automobiles, E-Tense, Honda, Convertible, Sources, Concept, Genesis, Known, Renault"
89,Which car brands are known for their futuristic concept cars,,n.a,"Street, Cross Turismo, Volkswagen ID, Several, Buggy, Acura, Volkswagen, Here, DS, DS Automobiles, E-Tense, Honda, Convertible, Sources, Concept, Genesis, Known, Renault"
89,Which car brands are known for their futuristic concept cars,,n.a,"Street, Cross Turismo, Volkswagen ID, Several, Buggy, Acura, Volkswagen, Here, DS, DS Automobiles, E-Tense, Honda, Convertible, Sources, Concept, Genesis, Known, Renault"
90,Which car brands design the most attractive coupes,https://www.caranddriver.com/features/g27199030/best-coupes/,,"Several, AMG-tuned, Mercedes-Benz, Alfa Romeo, Here, Targa GTS, Competizione, Audi, Known, Cayman, Coupe, CLE-class"
90,Which car brands design the most attractive coupes,https://www.autoweb.com/top-10-cars/best-looking-cars/coupes,,"Several, AMG-tuned, Mercedes-Benz, Alfa Romeo, Here, Targa GTS, Competizione, Audi, Known, Cayman, Coupe, CLE-class"
90,Which car brands design the most attractive coupes,https://carbuzz.com/most-beautiful-modern-coupes-1980s-today/,,"Several, AMG-tuned, Mercedes-Benz, Alfa Romeo, Here, Targa GTS, Competizione, Audi, Known, Cayman, Coupe, CLE-class"
90,Which car brands design the most attractive coupes,https://www.topspeed.com/cars-that-prove-the-coupe-body-style-matters/,,"Several, AMG-tuned, Mercedes-Benz, Alfa Romeo, Here, Targa GTS, Competizione, Audi, Known, Cayman, Coupe, CLE-class"
90,Which car brands design the most attractive coupes,https://www.whichcar.com.au/news/50-sexiest-cars-ever,,"Several, AMG-tuned, Mercedes-Benz, Alfa Romeo, Here, Targa GTS, Competizione, Audi, Known, Cayman, Coupe, CLE-class"
90,Which car brands design the most attractive coupes,,n.a,"Several, AMG-tuned, Mercedes-Benz, Alfa Romeo, Here, Targa GTS, Competizione, Audi, Known, Cayman, Coupe, CLE-class"
90,Which car brands design the most attractive coupes,,n.a,"Several, AMG-tuned, Mercedes-Benz, Alfa Romeo, Here, Targa GTS, Competizione, Audi, Known, Cayman, Coupe, CLE-class"
90,Which car brands design the most attractive coupes,,n.a,"Several, AMG-tuned, Mercedes-Benz, Alfa Romeo, Here, Targa GTS, Competizione, Audi, Known, Cayman, Coupe, CLE-class"
90,Which car brands design the most attractive coupes,,n.a,"Several, AMG-tuned, Mercedes-Benz, Alfa Romeo, Here, Targa GTS, Competizione, Audi, Known, Cayman, Coupe, CLE-class"
90,Which car brands design the most attractive coupes,,n.a,"Several, AMG-tuned, Mercedes-Benz, Alfa Romeo, Here, Targa GTS, Competizione, Audi, Known, Cayman, Coupe, CLE-class"
91,Which car brands are best for pet owners,https://b2b.autotrader.com/resources/2023-best-cars-for-dog-lovers/,,"Tesla, Wrangler, Volvo, Kona, Renegade, Sources, Dog Mode, Jeep, Subaru, Model, My Sky, PetHub USA, Honda, Outback, Escape, CR-V, Hybrid, SUV, Most Pet-Friendly, Referral Services, Best Cars, Dog Fence, Hyundai, Most Dog-Friendly, Several, Toyota, Here, It, Pet Owners, Cars"
91,Which car brands are best for pet owners,https://www.truecar.com/best-cars-trucks/for-dogs/,,"Tesla, Wrangler, Volvo, Kona, Renegade, Sources, Dog Mode, Jeep, Subaru, Model, My Sky, PetHub USA, Honda, Outback, Escape, CR-V, Hybrid, SUV, Most Pet-Friendly, Referral Services, Best Cars, Dog Fence, Hyundai, Most Dog-Friendly, Several, Toyota, Here, It, Pet Owners, Cars"
91,Which car brands are best for pet owners,https://www.ovrs.com/blog/5-most-dog-friendly-cars/,,"Tesla, Wrangler, Volvo, Kona, Renegade, Sources, Dog Mode, Jeep, Subaru, Model, My Sky, PetHub USA, Honda, Outback, Escape, CR-V, Hybrid, SUV, Most Pet-Friendly, Referral Services, Best Cars, Dog Fence, Hyundai, Most Dog-Friendly, Several, Toyota, Here, It, Pet Owners, Cars"
91,Which car brands are best for pet owners,https://pethubusa.com/lifestyle/best-cars-for-pet-owners/,,"Tesla, Wrangler, Volvo, Kona, Renegade, Sources, Dog Mode, Jeep, Subaru, Model, My Sky, PetHub USA, Honda, Outback, Escape, CR-V, Hybrid, SUV, Most Pet-Friendly, Referral Services, Best Cars, Dog Fence, Hyundai, Most Dog-Friendly, Several, Toyota, Here, It, Pet Owners, Cars"
91,Which car brands are best for pet owners,https://extremedogfence.com/blogs/articles/5-most-pet-friendly-cars,,"Tesla, Wrangler, Volvo, Kona, Renegade, Sources, Dog Mode, Jeep, Subaru, Model, My Sky, PetHub USA, Honda, Outback, Escape, CR-V, Hybrid, SUV, Most Pet-Friendly, Referral Services, Best Cars, Dog Fence, Hyundai, Most Dog-Friendly, Several, Toyota, Here, It, Pet Owners, Cars"
91,Which car brands are best for pet owners,,n.a,"Tesla, Wrangler, Volvo, Kona, Renegade, Sources, Dog Mode, Jeep, Subaru, Model, My Sky, PetHub USA, Honda, Outback, Escape, CR-V, Hybrid, SUV, Most Pet-Friendly, Referral Services, Best Cars, Dog Fence, Hyundai, Most Dog-Friendly, Several, Toyota, Here, It, Pet Owners, Cars"
91,Which car brands are best for pet owners,,n.a,"Tesla, Wrangler, Volvo, Kona, Renegade, Sources, Dog Mode, Jeep, Subaru, Model, My Sky, PetHub USA, Honda, Outback, Escape, CR-V, Hybrid, SUV, Most Pet-Friendly, Referral Services, Best Cars, Dog Fence, Hyundai, Most Dog-Friendly, Several, Toyota, Here, It, Pet Owners, Cars"
91,Which car brands are best for pet owners,,n.a,"Tesla, Wrangler, Volvo, Kona, Renegade, Sources, Dog Mode, Jeep, Subaru, Model, My Sky, PetHub USA, Honda, Outback, Escape, CR-V, Hybrid, SUV, Most Pet-Friendly, Referral Services, Best Cars, Dog Fence, Hyundai, Most Dog-Friendly, Several, Toyota, Here, It, Pet Owners, Cars"
91,Which car brands are best for pet owners,,n.a,"Tesla, Wrangler, Volvo, Kona, Renegade, Sources, Dog Mode, Jeep, Subaru, Model, My Sky, PetHub USA, Honda, Outback, Escape, CR-V, Hybrid, SUV, Most Pet-Friendly, Referral Services, Best Cars, Dog Fence, Hyundai, Most Dog-Friendly, Several, Toyota, Here, It, Pet Owners, Cars"
91,Which car brands are best for pet owners,,n.a,"Tesla, Wrangler, Volvo, Kona, Renegade, Sources, Dog Mode, Jeep, Subaru, Model, My Sky, PetHub USA, Honda, Outback, Escape, CR-V, Hybrid, SUV, Most Pet-Friendly, Referral Services, Best Cars, Dog Fence, Hyundai, Most Dog-Friendly, Several, Toyota, Here, It, Pet Owners, Cars"
92,Which car brands include complimentary maintenance packages,https://www.cars.com/articles/which-new-cars-have-free-maintenance-447261/,,"Alfa Romeo, GMC, Cadillac, Lincoln, Buick, Complimentary Maintenance, Acura, Black Label, Honda, Ultimate Care, Hyundai, Provides, Chevrolet, Several, Program, BMW, Genesis, Offers BMW, Offers"
92,Which car brands include complimentary maintenance packages,https://www.carsdirect.com/deals-articles/car-brands-that-still-offer-free-maintenance,,"Alfa Romeo, GMC, Cadillac, Lincoln, Buick, Complimentary Maintenance, Acura, Black Label, Honda, Ultimate Care, Hyundai, Provides, Chevrolet, Several, Program, BMW, Genesis, Offers BMW, Offers"
92,Which car brands include complimentary maintenance packages,https://www.jdpower.com/cars/shopping-guides/cars-with-free-maintenance,,"Alfa Romeo, GMC, Cadillac, Lincoln, Buick, Complimentary Maintenance, Acura, Black Label, Honda, Ultimate Care, Hyundai, Provides, Chevrolet, Several, Program, BMW, Genesis, Offers BMW, Offers"
92,Which car brands include complimentary maintenance packages,https://carbuzz.com/every-car-brand-with-free-maintenance-included/,,"Alfa Romeo, GMC, Cadillac, Lincoln, Buick, Complimentary Maintenance, Acura, Black Label, Honda, Ultimate Care, Hyundai, Provides, Chevrolet, Several, Program, BMW, Genesis, Offers BMW, Offers"
92,Which car brands include complimentary maintenance packages,https://www.kbb.com/car-news/who_s-got-free-maintenance/,,"Alfa Romeo, GMC, Cadillac, Lincoln, Buick, Complimentary Maintenance, Acura, Black Label, Honda, Ultimate Care, Hyundai, Provides, Chevrolet, Several, Program, BMW, Genesis, Offers BMW, Offers"
92,Which car brands include complimentary maintenance packages,,n.a,"Alfa Romeo, GMC, Cadillac, Lincoln, Buick, Complimentary Maintenance, Acura, Black Label, Honda, Ultimate Care, Hyundai, Provides, Chevrolet, Several, Program, BMW, Genesis, Offers BMW, Offers"
92,Which car brands include complimentary maintenance packages,,n.a,"Alfa Romeo, GMC, Cadillac, Lincoln, Buick, Complimentary Maintenance, Acura, Black Label, Honda, Ultimate Care, Hyundai, Provides, Chevrolet, Several, Program, BMW, Genesis, Offers BMW, Offers"
92,Which car brands include complimentary maintenance packages,,n.a,"Alfa Romeo, GMC, Cadillac, Lincoln, Buick, Complimentary Maintenance, Acura, Black Label, Honda, Ultimate Care, Hyundai, Provides, Chevrolet, Several, Program, BMW, Genesis, Offers BMW, Offers"
92,Which car brands include complimentary maintenance packages,,n.a,"Alfa Romeo, GMC, Cadillac, Lincoln, Buick, Complimentary Maintenance, Acura, Black Label, Honda, Ultimate Care, Hyundai, Provides, Chevrolet, Several, Program, BMW, Genesis, Offers BMW, Offers"
93,Which car brands suit weekend road trip lifestyles,https://www.thezebra.com/resources/car-insurance/best-cars-for-road-trips/,,"Volkswagen Golf, Each, Perfect Match, Best Road-Trip, Planning, GTI, Subaru Outback, Car Picks, Finding, Road Trips, This, Source, If, Chevrolet Tahoe, Known, Here Are, Your Lifestyle, Best Car, AlittleDelightful, Best Cars, Popular, Its, Road Trip, Autocheatsheet, Choosing, Defender, Several, Jeep Wrangler, Here, It, Cars"
93,Which car brands suit weekend road trip lifestyles,https://www.moderntraveller.ca/home/the-best-cars-for-road-trips-in-2024,,"Volkswagen Golf, Each, Perfect Match, Best Road-Trip, Planning, GTI, Subaru Outback, Car Picks, Finding, Road Trips, This, Source, If, Chevrolet Tahoe, Known, Here Are, Your Lifestyle, Best Car, AlittleDelightful, Best Cars, Popular, Its, Road Trip, Autocheatsheet, Choosing, Defender, Several, Jeep Wrangler, Here, It, Cars"
93,Which car brands suit weekend road trip lifestyles,https://www.cars.com/articles/planning-a-road-trip-here-are-cars-coms-best-road-trip-car-picks-483775/,,"Volkswagen Golf, Each, Perfect Match, Best Road-Trip, Planning, GTI, Subaru Outback, Car Picks, Finding, Road Trips, This, Source, If, Chevrolet Tahoe, Known, Here Are, Your Lifestyle, Best Car, AlittleDelightful, Best Cars, Popular, Its, Road Trip, Autocheatsheet, Choosing, Defender, Several, Jeep Wrangler, Here, It, Cars"
93,Which car brands suit weekend road trip lifestyles,https://alittledelightful.com/10-best-cars-for-road-trips/,,"Volkswagen Golf, Each, Perfect Match, Best Road-Trip, Planning, GTI, Subaru Outback, Car Picks, Finding, Road Trips, This, Source, If, Chevrolet Tahoe, Known, Here Are, Your Lifestyle, Best Car, AlittleDelightful, Best Cars, Popular, Its, Road Trip, Autocheatsheet, Choosing, Defender, Several, Jeep Wrangler, Here, It, Cars"
93,Which car brands suit weekend road trip lifestyles,https://www.autocheatsheet.com/blog/lifestyle-choices-and-vehicle-type/,,"Volkswagen Golf, Each, Perfect Match, Best Road-Trip, Planning, GTI, Subaru Outback, Car Picks, Finding, Road Trips, This, Source, If, Chevrolet Tahoe, Known, Here Are, Your Lifestyle, Best Car, AlittleDelightful, Best Cars, Popular, Its, Road Trip, Autocheatsheet, Choosing, Defender, Several, Jeep Wrangler, Here, It, Cars"
93,Which car brands suit weekend road trip lifestyles,,n.a,"Volkswagen Golf, Each, Perfect Match, Best Road-Trip, Planning, GTI, Subaru Outback, Car Picks, Finding, Road Trips, This, Source, If, Chevrolet Tahoe, Known, Here Are, Your Lifestyle, Best Car, AlittleDelightful, Best Cars, Popular, Its, Road Trip, Autocheatsheet, Choosing, Defender, Several, Jeep Wrangler, Here, It, Cars"
93,Which car brands suit weekend road trip lifestyles,,n.a,"Volkswagen Golf, Each, Perfect Match, Best Road-Trip, Planning, GTI, Subaru Outback, Car Picks, Finding, Road Trips, This, Source, If, Chevrolet Tahoe, Known, Here Are, Your Lifestyle, Best Car, AlittleDelightful, Best Cars, Popular, Its, Road Trip, Autocheatsheet, Choosing, Defender, Several, Jeep Wrangler, Here, It, Cars"
93,Which car brands suit weekend road trip lifestyles,,n.a,"Volkswagen Golf, Each, Perfect Match, Best Road-Trip, Planning, GTI, Subaru Outback, Car Picks, Finding, Road Trips, This, Source, If, Chevrolet Tahoe, Known, Here Are, Your Lifestyle, Best Car, AlittleDelightful, Best Cars, Popular, Its, Road Trip, Autocheatsheet, Choosing, Defender, Several, Jeep Wrangler, Here, It, Cars"
93,Which car brands suit weekend road trip lifestyles,,n.a,"Volkswagen Golf, Each, Perfect Match, Best Road-Trip, Planning, GTI, Subaru Outback, Car Picks, Finding, Road Trips, This, Source, If, Chevrolet Tahoe, Known, Here Are, Your Lifestyle, Best Car, AlittleDelightful, Best Cars, Popular, Its, Road Trip, Autocheatsheet, Choosing, Defender, Several, Jeep Wrangler, Here, It, Cars"
93,Which car brands suit weekend road trip lifestyles,,n.a,"Volkswagen Golf, Each, Perfect Match, Best Road-Trip, Planning, GTI, Subaru Outback, Car Picks, Finding, Road Trips, This, Source, If, Chevrolet Tahoe, Known, Here Are, Your Lifestyle, Best Car, AlittleDelightful, Best Cars, Popular, Its, Road Trip, Autocheatsheet, Choosing, Defender, Several, Jeep Wrangler, Here, It, Cars"
93,Which car brands suit weekend road trip lifestyles,,n.a,"Volkswagen Golf, Each, Perfect Match, Best Road-Trip, Planning, GTI, Subaru Outback, Car Picks, Finding, Road Trips, This, Source, If, Chevrolet Tahoe, Known, Here Are, Your Lifestyle, Best Car, AlittleDelightful, Best Cars, Popular, Its, Road Trip, Autocheatsheet, Choosing, Defender, Several, Jeep Wrangler, Here, It, Cars"
93,Which car brands suit weekend road trip lifestyles,,n.a,"Volkswagen Golf, Each, Perfect Match, Best Road-Trip, Planning, GTI, Subaru Outback, Car Picks, Finding, Road Trips, This, Source, If, Chevrolet Tahoe, Known, Here Are, Your Lifestyle, Best Car, AlittleDelightful, Best Cars, Popular, Its, Road Trip, Autocheatsheet, Choosing, Defender, Several, Jeep Wrangler, Here, It, Cars"
94,Which car brands appeal most to tech professionals,https://business.yougov.com/content/46079-usgb-top-five-car-brands-leading-in-innovation-and-technology,,"Tesla, Based, Additionally, Mercedes-Benz, BMW, This, Here, Drive Pilot, I-PACE, Pro, Level, Jaguar, Glass Cockpit, Its, Known, MBUX, InControl Touch"
94,Which car brands appeal most to tech professionals,https://www.guideautoweb.com/en/articles/71634/these-car-brands-have-the-best-tech-and-infotainment-in-2023/,,"Tesla, Based, Additionally, Mercedes-Benz, BMW, This, Here, Drive Pilot, I-PACE, Pro, Level, Jaguar, Glass Cockpit, Its, Known, MBUX, InControl Touch"
94,Which car brands appeal most to tech professionals,https://www.goodwinrecruiting.com/which-car-brands-are-shaking-up-the-auto-industry,,"Tesla, Based, Additionally, Mercedes-Benz, BMW, This, Here, Drive Pilot, I-PACE, Pro, Level, Jaguar, Glass Cockpit, Its, Known, MBUX, InControl Touch"
94,Which car brands appeal most to tech professionals,https://douradocars.com/list-of-luxury-car-brands-dynamic/,,"Tesla, Based, Additionally, Mercedes-Benz, BMW, This, Here, Drive Pilot, I-PACE, Pro, Level, Jaguar, Glass Cockpit, Its, Known, MBUX, InControl Touch"
94,Which car brands appeal most to tech professionals,https://www.slashgear.com/the-10-car-brands-with-the-best-tech-15702739/,,"Tesla, Based, Additionally, Mercedes-Benz, BMW, This, Here, Drive Pilot, I-PACE, Pro, Level, Jaguar, Glass Cockpit, Its, Known, MBUX, InControl Touch"
94,Which car brands appeal most to tech professionals,,n.a,"Tesla, Based, Additionally, Mercedes-Benz, BMW, This, Here, Drive Pilot, I-PACE, Pro, Level, Jaguar, Glass Cockpit, Its, Known, MBUX, InControl Touch"
94,Which car brands appeal most to tech professionals,,n.a,"Tesla, Based, Additionally, Mercedes-Benz, BMW, This, Here, Drive Pilot, I-PACE, Pro, Level, Jaguar, Glass Cockpit, Its, Known, MBUX, InControl Touch"
94,Which car brands appeal most to tech professionals,,n.a,"Tesla, Based, Additionally, Mercedes-Benz, BMW, This, Here, Drive Pilot, I-PACE, Pro, Level, Jaguar, Glass Cockpit, Its, Known, MBUX, InControl Touch"
94,Which car brands appeal most to tech professionals,,n.a,"Tesla, Based, Additionally, Mercedes-Benz, BMW, This, Here, Drive Pilot, I-PACE, Pro, Level, Jaguar, Glass Cockpit, Its, Known, MBUX, InControl Touch"
94,Which car brands appeal most to tech professionals,,n.a,"Tesla, Based, Additionally, Mercedes-Benz, BMW, This, Here, Drive Pilot, I-PACE, Pro, Level, Jaguar, Glass Cockpit, Its, Known, MBUX, InControl Touch"
95,Which car brands offer premium rear-seat entertainment,https://www.autonationusa.com/research/articles/top-five-cars-with-rear-entertainment.htm,,"RX, LCD, AC, Supercharged, DVDs, Lexus RX, This, Wagoneer, DVD, Durango, Blu-ray, Dodge Durango, CDs, Amazon Fire, CD, TV, HDMI, Several, Additionally, Here, Jaguar XJ, Audi, It, S-Class, Mercedes-Benz S-Class"
95,Which car brands offer premium rear-seat entertainment,https://www.autoweb.com/10-cars-with-tvs-and-rear-entertainment-systems,,"RX, LCD, AC, Supercharged, DVDs, Lexus RX, This, Wagoneer, DVD, Durango, Blu-ray, Dodge Durango, CDs, Amazon Fire, CD, TV, HDMI, Several, Additionally, Here, Jaguar XJ, Audi, It, S-Class, Mercedes-Benz S-Class"
95,Which car brands offer premium rear-seat entertainment,https://carbuzz.com/7-spacious-suvs-with-rear-entertainment-systems/,,"RX, LCD, AC, Supercharged, DVDs, Lexus RX, This, Wagoneer, DVD, Durango, Blu-ray, Dodge Durango, CDs, Amazon Fire, CD, TV, HDMI, Several, Additionally, Here, Jaguar XJ, Audi, It, S-Class, Mercedes-Benz S-Class"
95,Which car brands offer premium rear-seat entertainment,https://www.jdpower.com/cars-for-sale?coredetails=rear-seat-entertainment,,"RX, LCD, AC, Supercharged, DVDs, Lexus RX, This, Wagoneer, DVD, Durango, Blu-ray, Dodge Durango, CDs, Amazon Fire, CD, TV, HDMI, Several, Additionally, Here, Jaguar XJ, Audi, It, S-Class, Mercedes-Benz S-Class"
95,Which car brands offer premium rear-seat entertainment,https://g05.bimmerpost.com/forums/showthread.php?t=1655151,,"RX, LCD, AC, Supercharged, DVDs, Lexus RX, This, Wagoneer, DVD, Durango, Blu-ray, Dodge Durango, CDs, Amazon Fire, CD, TV, HDMI, Several, Additionally, Here, Jaguar XJ, Audi, It, S-Class, Mercedes-Benz S-Class"
95,Which car brands offer premium rear-seat entertainment,,n.a,"RX, LCD, AC, Supercharged, DVDs, Lexus RX, This, Wagoneer, DVD, Durango, Blu-ray, Dodge Durango, CDs, Amazon Fire, CD, TV, HDMI, Several, Additionally, Here, Jaguar XJ, Audi, It, S-Class, Mercedes-Benz S-Class"
95,Which car brands offer premium rear-seat entertainment,,n.a,"RX, LCD, AC, Supercharged, DVDs, Lexus RX, This, Wagoneer, DVD, Durango, Blu-ray, Dodge Durango, CDs, Amazon Fire, CD, TV, HDMI, Several, Additionally, Here, Jaguar XJ, Audi, It, S-Class, Mercedes-Benz S-Class"
95,Which car brands offer premium rear-seat entertainment,,n.a,"RX, LCD, AC, Supercharged, DVDs, Lexus RX, This, Wagoneer, DVD, Durango, Blu-ray, Dodge Durango, CDs, Amazon Fire, CD, TV, HDMI, Several, Additionally, Here, Jaguar XJ, Audi, It, S-Class, Mercedes-Benz S-Class"
95,Which car brands offer premium rear-seat entertainment,,n.a,"RX, LCD, AC, Supercharged, DVDs, Lexus RX, This, Wagoneer, DVD, Durango, Blu-ray, Dodge Durango, CDs, Amazon Fire, CD, TV, HDMI, Several, Additionally, Here, Jaguar XJ, Audi, It, S-Class, Mercedes-Benz S-Class"
95,Which car brands offer premium rear-seat entertainment,,n.a,"RX, LCD, AC, Supercharged, DVDs, Lexus RX, This, Wagoneer, DVD, Durango, Blu-ray, Dodge Durango, CDs, Amazon Fire, CD, TV, HDMI, Several, Additionally, Here, Jaguar XJ, Audi, It, S-Class, Mercedes-Benz S-Class"
96,Which car brands excel in motorsport and racing,https://stories.autonationdrive.com/musicstreamingrevolution/discover-the-best-racing-cars-a-comprehensive-guide-for-enthusiasts.html,,"GT, Challenge, LMR, Ferrari, GR, Mercedes-Benz, Hours, Camaro, Monday, US, Car Championship, Sunday, Le Mans, Gazoo Racing, Several, Toyota, BMW, Here, Mercedes-AMG, NASCAR"
96,Which car brands excel in motorsport and racing,https://www.carparisonleasing.co.uk/blog/who-are-the-most-successful-car-manufacturers-in-motorsport,,"GT, Challenge, LMR, Ferrari, GR, Mercedes-Benz, Hours, Camaro, Monday, US, Car Championship, Sunday, Le Mans, Gazoo Racing, Several, Toyota, BMW, Here, Mercedes-AMG, NASCAR"
96,Which car brands excel in motorsport and racing,https://torquecafe.com/ranked-which-car-brands-love-motor-racing-the-most/,,"GT, Challenge, LMR, Ferrari, GR, Mercedes-Benz, Hours, Camaro, Monday, US, Car Championship, Sunday, Le Mans, Gazoo Racing, Several, Toyota, BMW, Here, Mercedes-AMG, NASCAR"
96,Which car brands excel in motorsport and racing,https://www.gotothegrid.com/en/blog/porsche-a-tradition-of-motorsport-performance,,"GT, Challenge, LMR, Ferrari, GR, Mercedes-Benz, Hours, Camaro, Monday, US, Car Championship, Sunday, Le Mans, Gazoo Racing, Several, Toyota, BMW, Here, Mercedes-AMG, NASCAR"
96,Which car brands excel in motorsport and racing,https://douradocars.com/bmw-sports-car-excellence/,,"GT, Challenge, LMR, Ferrari, GR, Mercedes-Benz, Hours, Camaro, Monday, US, Car Championship, Sunday, Le Mans, Gazoo Racing, Several, Toyota, BMW, Here, Mercedes-AMG, NASCAR"
96,Which car brands excel in motorsport and racing,,n.a,"GT, Challenge, LMR, Ferrari, GR, Mercedes-Benz, Hours, Camaro, Monday, US, Car Championship, Sunday, Le Mans, Gazoo Racing, Several, Toyota, BMW, Here, Mercedes-AMG, NASCAR"
96,Which car brands excel in motorsport and racing,,n.a,"GT, Challenge, LMR, Ferrari, GR, Mercedes-Benz, Hours, Camaro, Monday, US, Car Championship, Sunday, Le Mans, Gazoo Racing, Several, Toyota, BMW, Here, Mercedes-AMG, NASCAR"
96,Which car brands excel in motorsport and racing,,n.a,"GT, Challenge, LMR, Ferrari, GR, Mercedes-Benz, Hours, Camaro, Monday, US, Car Championship, Sunday, Le Mans, Gazoo Racing, Several, Toyota, BMW, Here, Mercedes-AMG, NASCAR"
96,Which car brands excel in motorsport and racing,,n.a,"GT, Challenge, LMR, Ferrari, GR, Mercedes-Benz, Hours, Camaro, Monday, US, Car Championship, Sunday, Le Mans, Gazoo Racing, Several, Toyota, BMW, Here, Mercedes-AMG, NASCAR"
96,Which car brands excel in motorsport and racing,,n.a,"GT, Challenge, LMR, Ferrari, GR, Mercedes-Benz, Hours, Camaro, Monday, US, Car Championship, Sunday, Le Mans, Gazoo Racing, Several, Toyota, BMW, Here, Mercedes-AMG, NASCAR"
97,Which car brands are built to last in extreme heat,https://www.arizona.cars/blog/best-cars-for-surviving-arizonas-extreme-heat/,,"Tesla, Wrangler, Volvo, Tucson, AC, Jeep, Arizona, Subaru, Model, Dodge, Honda, UV-protective, CR-V, SUV, Charger, Hyundai, F-, UV, Several, Here, Protection, Cabin Overheat, It"
97,Which car brands are built to last in extreme heat,https://blog.cargurus.com/2015/07/24/10-cool-cars-to-beat-the-heat,,"Tesla, Wrangler, Volvo, Tucson, AC, Jeep, Arizona, Subaru, Model, Dodge, Honda, UV-protective, CR-V, SUV, Charger, Hyundai, F-, UV, Several, Here, Protection, Cabin Overheat, It"
97,Which car brands are built to last in extreme heat,https://blog.cartimeauto.com/indestructible-vehicles-for-surviving-a-desert-climate/,,"Tesla, Wrangler, Volvo, Tucson, AC, Jeep, Arizona, Subaru, Model, Dodge, Honda, UV-protective, CR-V, SUV, Charger, Hyundai, F-, UV, Several, Here, Protection, Cabin Overheat, It"
97,Which car brands are built to last in extreme heat,https://www.cardealcanada.ca/beat-heat-10-best-cars-hot-weather-driving/,,"Tesla, Wrangler, Volvo, Tucson, AC, Jeep, Arizona, Subaru, Model, Dodge, Honda, UV-protective, CR-V, SUV, Charger, Hyundai, F-, UV, Several, Here, Protection, Cabin Overheat, It"
97,Which car brands are built to last in extreme heat,https://www.echopark.com/articles/the-8-best-vehicles-for-taking-on-the-desert-heat,,"Tesla, Wrangler, Volvo, Tucson, AC, Jeep, Arizona, Subaru, Model, Dodge, Honda, UV-protective, CR-V, SUV, Charger, Hyundai, F-, UV, Several, Here, Protection, Cabin Overheat, It"
97,Which car brands are built to last in extreme heat,,n.a,"Tesla, Wrangler, Volvo, Tucson, AC, Jeep, Arizona, Subaru, Model, Dodge, Honda, UV-protective, CR-V, SUV, Charger, Hyundai, F-, UV, Several, Here, Protection, Cabin Overheat, It"
97,Which car brands are built to last in extreme heat,,n.a,"Tesla, Wrangler, Volvo, Tucson, AC, Jeep, Arizona, Subaru, Model, Dodge, Honda, UV-protective, CR-V, SUV, Charger, Hyundai, F-, UV, Several, Here, Protection, Cabin Overheat, It"
97,Which car brands are built to last in extreme heat,,n.a,"Tesla, Wrangler, Volvo, Tucson, AC, Jeep, Arizona, Subaru, Model, Dodge, Honda, UV-protective, CR-V, SUV, Charger, Hyundai, F-, UV, Several, Here, Protection, Cabin Overheat, It"
97,Which car brands are built to last in extreme heat,,n.a,"Tesla, Wrangler, Volvo, Tucson, AC, Jeep, Arizona, Subaru, Model, Dodge, Honda, UV-protective, CR-V, SUV, Charger, Hyundai, F-, UV, Several, Here, Protection, Cabin Overheat, It"
97,Which car brands are built to last in extreme heat,,n.a,"Tesla, Wrangler, Volvo, Tucson, AC, Jeep, Arizona, Subaru, Model, Dodge, Honda, UV-protective, CR-V, SUV, Charger, Hyundai, F-, UV, Several, Here, Protection, Cabin Overheat, It"
98,Which car brands are most likely to become collector classics,https://barrettjacksonfccs-restore.azurewebsites.net,,"However, Civic Type, Sources, Carrera, Which Cars, Demon, Dodge, Honda, Woodside Credit, Future Classics, SRT Hellcat, Lotus, RS, Cars Turning, TT RS, Chevrolet, Audi TT, Guide, Future, Several, Future Collectible, Elise, Classics, Mustang, Classic, Here, Goodwood, Challenger, Audi, Will Be, Cars, Japanese"
98,Which car brands are most likely to become collector classics,https://woodsidecredit.com/20-cars-turning-classic-in-2025-a-collectors-guide-to-future-classics/,,"However, Civic Type, Sources, Carrera, Which Cars, Demon, Dodge, Honda, Woodside Credit, Future Classics, SRT Hellcat, Lotus, RS, Cars Turning, TT RS, Chevrolet, Audi TT, Guide, Future, Several, Future Collectible, Elise, Classics, Mustang, Classic, Here, Goodwood, Challenger, Audi, Will Be, Cars, Japanese"
98,Which car brands are most likely to become collector classics,https://www.goodwood.com/grr/road/news/10-future-classics-you-should-buy-in-2024/,,"However, Civic Type, Sources, Carrera, Which Cars, Demon, Dodge, Honda, Woodside Credit, Future Classics, SRT Hellcat, Lotus, RS, Cars Turning, TT RS, Chevrolet, Audi TT, Guide, Future, Several, Future Collectible, Elise, Classics, Mustang, Classic, Here, Goodwood, Challenger, Audi, Will Be, Cars, Japanese"
98,Which car brands are most likely to become collector classics,https://www.instagram.com/futurecollectorcarshow/,,"However, Civic Type, Sources, Carrera, Which Cars, Demon, Dodge, Honda, Woodside Credit, Future Classics, SRT Hellcat, Lotus, RS, Cars Turning, TT RS, Chevrolet, Audi TT, Guide, Future, Several, Future Collectible, Elise, Classics, Mustang, Classic, Here, Goodwood, Challenger, Audi, Will Be, Cars, Japanese"
98,Which car brands are most likely to become collector classics,https://www.neighbor.com/storage-blog/future-collectible-cars/,,"However, Civic Type, Sources, Carrera, Which Cars, Demon, Dodge, Honda, Woodside Credit, Future Classics, SRT Hellcat, Lotus, RS, Cars Turning, TT RS, Chevrolet, Audi TT, Guide, Future, Several, Future Collectible, Elise, Classics, Mustang, Classic, Here, Goodwood, Challenger, Audi, Will Be, Cars, Japanese"
98,Which car brands are most likely to become collector classics,,n.a,"However, Civic Type, Sources, Carrera, Which Cars, Demon, Dodge, Honda, Woodside Credit, Future Classics, SRT Hellcat, Lotus, RS, Cars Turning, TT RS, Chevrolet, Audi TT, Guide, Future, Several, Future Collectible, Elise, Classics, Mustang, Classic, Here, Goodwood, Challenger, Audi, Will Be, Cars, Japanese"
98,Which car brands are most likely to become collector classics,,n.a,"However, Civic Type, Sources, Carrera, Which Cars, Demon, Dodge, Honda, Woodside Credit, Future Classics, SRT Hellcat, Lotus, RS, Cars Turning, TT RS, Chevrolet, Audi TT, Guide, Future, Several, Future Collectible, Elise, Classics, Mustang, Classic, Here, Goodwood, Challenger, Audi, Will Be, Cars, Japanese"
98,Which car brands are most likely to become collector classics,,n.a,"However, Civic Type, Sources, Carrera, Which Cars, Demon, Dodge, Honda, Woodside Credit, Future Classics, SRT Hellcat, Lotus, RS, Cars Turning, TT RS, Chevrolet, Audi TT, Guide, Future, Several, Future Collectible, Elise, Classics, Mustang, Classic, Here, Goodwood, Challenger, Audi, Will Be, Cars, Japanese"
98,Which car brands are most likely to become collector classics,,n.a,"However, Civic Type, Sources, Carrera, Which Cars, Demon, Dodge, Honda, Woodside Credit, Future Classics, SRT Hellcat, Lotus, RS, Cars Turning, TT RS, Chevrolet, Audi TT, Guide, Future, Several, Future Collectible, Elise, Classics, Mustang, Classic, Here, Goodwood, Challenger, Audi, Will Be, Cars, Japanese"
98,Which car brands are most likely to become collector classics,,n.a,"However, Civic Type, Sources, Carrera, Which Cars, Demon, Dodge, Honda, Woodside Credit, Future Classics, SRT Hellcat, Lotus, RS, Cars Turning, TT RS, Chevrolet, Audi TT, Guide, Future, Several, Future Collectible, Elise, Classics, Mustang, Classic, Here, Goodwood, Challenger, Audi, Will Be, Cars, Japanese"
98,Which car brands are most likely to become collector classics,,n.a,"However, Civic Type, Sources, Carrera, Which Cars, Demon, Dodge, Honda, Woodside Credit, Future Classics, SRT Hellcat, Lotus, RS, Cars Turning, TT RS, Chevrolet, Audi TT, Guide, Future, Several, Future Collectible, Elise, Classics, Mustang, Classic, Here, Goodwood, Challenger, Audi, Will Be, Cars, Japanese"
99,Which car brands are trending with Gen Z drivers,https://star.global/posts/gen-z-car-trends/,,"Nissan, Toyota, Altima, Toyota Camry, Honda, Hyundai Elantra, Midwest, Sonata, Gen, Hyundai, Southwest, Honda Civic, No, While, Chevrolet"
99,Which car brands are trending with Gen Z drivers,https://www.autoblog.com/features/these-are-the-10-most-popular-cars-among-gen-z-and-millenials,,"Nissan, Toyota, Altima, Toyota Camry, Honda, Hyundai Elantra, Midwest, Sonata, Gen, Hyundai, Southwest, Honda Civic, No, While, Chevrolet"
99,Which car brands are trending with Gen Z drivers,https://www.autotraderinsight-blog.co.uk/auto-trader-insight-blog/what-are-gen-z-looking-for-from-their-cars,,"Nissan, Toyota, Altima, Toyota Camry, Honda, Hyundai Elantra, Midwest, Sonata, Gen, Hyundai, Southwest, Honda Civic, No, While, Chevrolet"
99,Which car brands are trending with Gen Z drivers,https://insurify.com/car-insurance/insights/most-popular-cars-by-generation/,,"Nissan, Toyota, Altima, Toyota Camry, Honda, Hyundai Elantra, Midwest, Sonata, Gen, Hyundai, Southwest, Honda Civic, No, While, Chevrolet"
99,Which car brands are trending with Gen Z drivers,https://www.visualcapitalist.com/americas-favorite-car-brands-by-generation/,,"Nissan, Toyota, Altima, Toyota Camry, Honda, Hyundai Elantra, Midwest, Sonata, Gen, Hyundai, Southwest, Honda Civic, No, While, Chevrolet"
99,Which car brands are trending with Gen Z drivers,,n.a,"Nissan, Toyota, Altima, Toyota Camry, Honda, Hyundai Elantra, Midwest, Sonata, Gen, Hyundai, Southwest, Honda Civic, No, While, Chevrolet"
99,Which car brands are trending with Gen Z drivers,,n.a,"Nissan, Toyota, Altima, Toyota Camry, Honda, Hyundai Elantra, Midwest, Sonata, Gen, Hyundai, Southwest, Honda Civic, No, While, Chevrolet"
99,Which car brands are trending with Gen Z drivers,,n.a,"Nissan, Toyota, Altima, Toyota Camry, Honda, Hyundai Elantra, Midwest, Sonata, Gen, Hyundai, Southwest, Honda Civic, No, While, Chevrolet"
99,Which car brands are trending with Gen Z drivers,,n.a,"Nissan, Toyota, Altima, Toyota Camry, Honda, Hyundai Elantra, Midwest, Sonata, Gen, Hyundai, Southwest, Honda Civic, No, While, Chevrolet"
100,Which car brands are easiest to sell on the used market,https://www.sherpaautotransport.com/guides/most-reliable-used-car-brands/,,"However, CX-, Subaru Solterra, Subaru, Based, Source, Honda, Jimny, Honda CR-V, Mazda, Toyota Tacoma, Additional Insights, While, Kelley Blue, Tundra, Models, Additionally, Suzuki, Toyota, Book"
100,Which car brands are easiest to sell on the used market,https://www.carscoops.com/2024/04/as-affordability-concerns-affect-new-vehicle-sales-the-used-car-market-heats-up/,,"However, CX-, Subaru Solterra, Subaru, Based, Source, Honda, Jimny, Honda CR-V, Mazda, Toyota Tacoma, Additional Insights, While, Kelley Blue, Tundra, Models, Additionally, Suzuki, Toyota, Book"
100,Which car brands are easiest to sell on the used market,https://www.cashautosalvage.com/best-cars-to-flip-for-profit/,,"However, CX-, Subaru Solterra, Subaru, Based, Source, Honda, Jimny, Honda CR-V, Mazda, Toyota Tacoma, Additional Insights, While, Kelley Blue, Tundra, Models, Additionally, Suzuki, Toyota, Book"
100,Which car brands are easiest to sell on the used market,https://www.youtube.com/watch?v=2853qWh7mFU,,"However, CX-, Subaru Solterra, Subaru, Based, Source, Honda, Jimny, Honda CR-V, Mazda, Toyota Tacoma, Additional Insights, While, Kelley Blue, Tundra, Models, Additionally, Suzuki, Toyota, Book"
100,Which car brands are easiest to sell on the used market,https://www.kbb.com/awards/best-resale-value-cars-trucks-suvs/,,"However, CX-, Subaru Solterra, Subaru, Based, Source, Honda, Jimny, Honda CR-V, Mazda, Toyota Tacoma, Additional Insights, While, Kelley Blue, Tundra, Models, Additionally, Suzuki, Toyota, Book"
100,Which car brands are easiest to sell on the used market,,n.a,"However, CX-, Subaru Solterra, Subaru, Based, Source, Honda, Jimny, Honda CR-V, Mazda, Toyota Tacoma, Additional Insights, While, Kelley Blue, Tundra, Models, Additionally, Suzuki, Toyota, Book"
100,Which car brands are easiest to sell on the used market,,n.a,"However, CX-, Subaru Solterra, Subaru, Based, Source, Honda, Jimny, Honda CR-V, Mazda, Toyota Tacoma, Additional Insights, While, Kelley Blue, Tundra, Models, Additionally, Suzuki, Toyota, Book"
100,Which car brands are easiest to sell on the used market,,n.a,"However, CX-, Subaru Solterra, Subaru, Based, Source, Honda, Jimny, Honda CR-V, Mazda, Toyota Tacoma, Additional Insights, While, Kelley Blue, Tundra, Models, Additionally, Suzuki, Toyota, Book"
100,Which car brands are easiest to sell on the used market,,n.a,"However, CX-, Subaru Solterra, Subaru, Based, Source, Honda, Jimny, Honda CR-V, Mazda, Toyota Tacoma, Additional Insights, While, Kelley Blue, Tundra, Models, Additionally, Suzuki, Toyota, Book"
100,Which car brands are easiest to sell on the used market,,n.a,"However, CX-, Subaru Solterra, Subaru, Based, Source, Honda, Jimny, Honda CR-V, Mazda, Toyota Tacoma, Additional Insights, While, Kelley Blue, Tundra, Models, Additionally, Suzuki, Toyota, Book"
100,Which car brands are easiest to sell on the used market,,n.a,"However, CX-, Subaru Solterra, Subaru, Based, Source, Honda, Jimny, Honda CR-V, Mazda, Toyota Tacoma, Additional Insights, While, Kelley Blue, Tundra, Models, Additionally, Suzuki, Toyota, Book"
100,Which car brands are easiest to sell on the used market,,n.a,"However, CX-, Subaru Solterra, Subaru, Based, Source, Honda, Jimny, Honda CR-V, Mazda, Toyota Tacoma, Additional Insights, While, Kelley Blue, Tundra, Models, Additionally, Suzuki, Toyota, Book"
100,Which car brands are easiest to sell on the used market,,n.a,"However, CX-, Subaru Solterra, Subaru, Based, Source, Honda, Jimny, Honda CR-V, Mazda, Toyota Tacoma, Additional Insights, While, Kelley Blue, Tundra, Models, Additionally, Suzuki, Toyota, Book"
100,Which car brands are easiest to sell on the used market,,n.a,"However, CX-, Subaru Solterra, Subaru, Based, Source, Honda, Jimny, Honda CR-V, Mazda, Toyota Tacoma, Additional Insights, While, Kelley Blue, Tundra, Models, Additionally, Suzuki, Toyota, Book"
100,Which car brands are easiest to sell on the used market,,n.a,"However, CX-, Subaru Solterra, Subaru, Based, Source, Honda, Jimny, Honda CR-V, Mazda, Toyota Tacoma, Additional Insights, While, Kelley Blue, Tundra, Models, Additionally, Suzuki, Toyota, Book"
100,Which car brands are easiest to sell on the used market,,n.a,"However, CX-, Subaru Solterra, Subaru, Based, Source, Honda, Jimny, Honda CR-V, Mazda, Toyota Tacoma, Additional Insights, While, Kelley Blue, Tundra, Models, Additionally, Suzuki, Toyota, Book"
101,Which car brands are best for drivers logging high mileage,https://www.topgear.com/car-news/list/here-are-17-cars-thatll-do-300000-miles,,"However, Volvo, Sources, Lexus, Mileage Cars, Subaru, Based, Likely, Cruiser, As, Honda, Reliable High, Pilot, Autoweek, Known, CR-V, Reach, Sequoia, Top, Top Gear, Its, Models, Honda Pilot, Miles, Toyota, Avalon, Here, Vehicles Most, Japanese"
101,Which car brands are best for drivers logging high mileage,https://superkilometerfilter.com/the-most-reliable-high-mileage-cars-worth-buying/,,"However, Volvo, Sources, Lexus, Mileage Cars, Subaru, Based, Likely, Cruiser, As, Honda, Reliable High, Pilot, Autoweek, Known, CR-V, Reach, Sequoia, Top, Top Gear, Its, Models, Honda Pilot, Miles, Toyota, Avalon, Here, Vehicles Most, Japanese"
101,Which car brands are best for drivers logging high mileage,https://www.consumerreports.org/cars/best-high-mileage-cars-and-how-to-find-them-a6479779996/,,"However, Volvo, Sources, Lexus, Mileage Cars, Subaru, Based, Likely, Cruiser, As, Honda, Reliable High, Pilot, Autoweek, Known, CR-V, Reach, Sequoia, Top, Top Gear, Its, Models, Honda Pilot, Miles, Toyota, Avalon, Here, Vehicles Most, Japanese"
101,Which car brands are best for drivers logging high mileage,https://www.consumerreports.org/cars/car-reliability-owner-satisfaction/10-best-cars-to-get-to-200000-miles-and-beyond-a1051079155/,,"However, Volvo, Sources, Lexus, Mileage Cars, Subaru, Based, Likely, Cruiser, As, Honda, Reliable High, Pilot, Autoweek, Known, CR-V, Reach, Sequoia, Top, Top Gear, Its, Models, Honda Pilot, Miles, Toyota, Avalon, Here, Vehicles Most, Japanese"
101,Which car brands are best for drivers logging high mileage,https://www.autoweek.com/car-life/g35834918/top-vehicles-most-likely-to-reach-200000-miles/,,"However, Volvo, Sources, Lexus, Mileage Cars, Subaru, Based, Likely, Cruiser, As, Honda, Reliable High, Pilot, Autoweek, Known, CR-V, Reach, Sequoia, Top, Top Gear, Its, Models, Honda Pilot, Miles, Toyota, Avalon, Here, Vehicles Most, Japanese"
101,Which car brands are best for drivers logging high mileage,,n.a,"However, Volvo, Sources, Lexus, Mileage Cars, Subaru, Based, Likely, Cruiser, As, Honda, Reliable High, Pilot, Autoweek, Known, CR-V, Reach, Sequoia, Top, Top Gear, Its, Models, Honda Pilot, Miles, Toyota, Avalon, Here, Vehicles Most, Japanese"
101,Which car brands are best for drivers logging high mileage,,n.a,"However, Volvo, Sources, Lexus, Mileage Cars, Subaru, Based, Likely, Cruiser, As, Honda, Reliable High, Pilot, Autoweek, Known, CR-V, Reach, Sequoia, Top, Top Gear, Its, Models, Honda Pilot, Miles, Toyota, Avalon, Here, Vehicles Most, Japanese"
101,Which car brands are best for drivers logging high mileage,,n.a,"However, Volvo, Sources, Lexus, Mileage Cars, Subaru, Based, Likely, Cruiser, As, Honda, Reliable High, Pilot, Autoweek, Known, CR-V, Reach, Sequoia, Top, Top Gear, Its, Models, Honda Pilot, Miles, Toyota, Avalon, Here, Vehicles Most, Japanese"
101,Which car brands are best for drivers logging high mileage,,n.a,"However, Volvo, Sources, Lexus, Mileage Cars, Subaru, Based, Likely, Cruiser, As, Honda, Reliable High, Pilot, Autoweek, Known, CR-V, Reach, Sequoia, Top, Top Gear, Its, Models, Honda Pilot, Miles, Toyota, Avalon, Here, Vehicles Most, Japanese"
101,Which car brands are best for drivers logging high mileage,,n.a,"However, Volvo, Sources, Lexus, Mileage Cars, Subaru, Based, Likely, Cruiser, As, Honda, Reliable High, Pilot, Autoweek, Known, CR-V, Reach, Sequoia, Top, Top Gear, Its, Models, Honda Pilot, Miles, Toyota, Avalon, Here, Vehicles Most, Japanese"
