Prompt ID,Prompt,Source URL,Citation Text,Detected Brands
1,what are the top car brands in the world,https://www.enterprise.ch/en/blog-enterprise/top-10-most-famous-car-brands-worldwide,,"Golf, EV, VW, Known, China, Mercedes-Benz, Additionally, Tesla, Leading, Volkswagen, Despite, Polo, BYD, Toyota, Europe, Hyundai, Kia, Synonymous"
1,what are the top car brands in the world,https://companiesmarketcap.com/automakers/largest-automakers-by-market-cap/,,"Golf, EV, VW, Known, China, Mercedes-Benz, Additionally, Tesla, Leading, Volkswagen, Despite, Polo, BYD, Toyota, Europe, Hyundai, Kia, Synonymous"
1,what are the top car brands in the world,https://www.focus2move.com/world-cars-brand-ranking/,,"Golf, EV, VW, Known, China, Mercedes-Benz, Additionally, Tesla, Leading, Volkswagen, Despite, Polo, BYD, Toyota, Europe, Hyundai, Kia, Synonymous"
1,what are the top car brands in the world,https://brandirectory.com/reports/automotive-industry,,"Golf, EV, VW, Known, China, Mercedes-Benz, Additionally, Tesla, Leading, Volkswagen, Despite, Polo, BYD, Toyota, Europe, Hyundai, Kia, Synonymous"
1,what are the top car brands in the world,https://roadgenius.com/cars/statistics/sales-by-manufacturer/,,"Golf, EV, VW, Known, China, Mercedes-Benz, Additionally, Tesla, Leading, Volkswagen, Despite, Polo, BYD, Toyota, Europe, Hyundai, Kia, Synonymous"
1,what are the top car brands in the world,,n.a,"Golf, EV, VW, Known, China, Mercedes-Benz, Additionally, Tesla, Leading, Volkswagen, Despite, Polo, BYD, Toyota, Europe, Hyundai, Kia, Synonymous"
1,what are the top car brands in the world,,n.a,"Golf, EV, VW, Known, China, Mercedes-Benz, Additionally, Tesla, Leading, Volkswagen, Despite, Polo, BYD, Toyota, Europe, Hyundai, Kia, Synonymous"
1,what are the top car brands in the world,,n.a,"Golf, EV, VW, Known, China, Mercedes-Benz, Additionally, Tesla, Leading, Volkswagen, Despite, Polo, BYD, Toyota, Europe, Hyundai, Kia, Synonymous"
1,what are the top car brands in the world,,n.a,"Golf, EV, VW, Known, China, Mercedes-Benz, Additionally, Tesla, Leading, Volkswagen, Despite, Polo, BYD, Toyota, Europe, Hyundai, Kia, Synonymous"
1,what are the top car brands in the world,,n.a,"Golf, EV, VW, Known, China, Mercedes-Benz, Additionally, Tesla, Leading, Volkswagen, Despite, Polo, BYD, Toyota, Europe, Hyundai, Kia, Synonymous"
1,what are the top car brands in the world,,n.a,"Golf, EV, VW, Known, China, Mercedes-Benz, Additionally, Tesla, Leading, Volkswagen, Despite, Polo, BYD, Toyota, Europe, Hyundai, Kia, Synonymous"
2,which car brands are the most reliable,https://www.consumerreports.org/cars/car-reliability-owner-satisfaction/who-makes-the-most-reliable-cars-a7824554938/,,"Consistently, In, Lexus, Additionally, Based, Power, Buick, Mazda, Visual Capitalist, Subaru, However, Vehicle Dependability, Toyota, Study, While"
2,which car brands are the most reliable,https://www.visualcapitalist.com/ranked-the-most-reliable-car-brands-in-2025/,,"Consistently, In, Lexus, Additionally, Based, Power, Buick, Mazda, Visual Capitalist, Subaru, However, Vehicle Dependability, Toyota, Study, While"
2,which car brands are the most reliable,https://www.jdpower.com/business/press-releases/2024-us-vehicle-dependability-study-vds,,"Consistently, In, Lexus, Additionally, Based, Power, Buick, Mazda, Visual Capitalist, Subaru, However, Vehicle Dependability, Toyota, Study, While"
2,which car brands are the most reliable,https://www.consumerreports.org/cars/cars-driving/which-car-brands-make-the-best-vehicles-a6159221985/,,"Consistently, In, Lexus, Additionally, Based, Power, Buick, Mazda, Visual Capitalist, Subaru, However, Vehicle Dependability, Toyota, Study, While"
2,which car brands are the most reliable,https://www.whatcar.com/news/reliability-survey-most-reliable-cars-brands/n26159,,"Consistently, In, Lexus, Additionally, Based, Power, Buick, Mazda, Visual Capitalist, Subaru, However, Vehicle Dependability, Toyota, Study, While"
2,which car brands are the most reliable,,n.a,"Consistently, In, Lexus, Additionally, Based, Power, Buick, Mazda, Visual Capitalist, Subaru, However, Vehicle Dependability, Toyota, Study, While"
2,which car brands are the most reliable,,n.a,"Consistently, In, Lexus, Additionally, Based, Power, Buick, Mazda, Visual Capitalist, Subaru, However, Vehicle Dependability, Toyota, Study, While"
2,which car brands are the most reliable,,n.a,"Consistently, In, Lexus, Additionally, Based, Power, Buick, Mazda, Visual Capitalist, Subaru, However, Vehicle Dependability, Toyota, Study, While"
2,which car brands are the most reliable,,n.a,"Consistently, In, Lexus, Additionally, Based, Power, Buick, Mazda, Visual Capitalist, Subaru, However, Vehicle Dependability, Toyota, Study, While"
3,what are the best luxury car brands,https://www.caranddriver.com/rankings/best-sedans/luxury/full-size,,"As, Known, Lexus, SUVs, Machine, Audi, BMW, Mercedes-Benz, Its, It, E-Class, German, While, Bentley, Genesis, S-Class, Series, Macan, Here, Cayenne, Bentayga, Ultimate Driving, Japan, AMG, Although, Tesla, Model, Continental GT"
3,what are the best luxury car brands,https://www.edmunds.com/car-buying/luxury-car-brands.html,,"As, Known, Lexus, SUVs, Machine, Audi, BMW, Mercedes-Benz, Its, It, E-Class, German, While, Bentley, Genesis, S-Class, Series, Macan, Here, Cayenne, Bentayga, Ultimate Driving, Japan, AMG, Although, Tesla, Model, Continental GT"
3,what are the best luxury car brands,https://www.consumerreports.org/cars/luxury-cars/,,"As, Known, Lexus, SUVs, Machine, Audi, BMW, Mercedes-Benz, Its, It, E-Class, German, While, Bentley, Genesis, S-Class, Series, Macan, Here, Cayenne, Bentayga, Ultimate Driving, Japan, AMG, Although, Tesla, Model, Continental GT"
3,what are the best luxury car brands,https://clementpreowned.com/blog/best-luxury-car-brands,,"As, Known, Lexus, SUVs, Machine, Audi, BMW, Mercedes-Benz, Its, It, E-Class, German, While, Bentley, Genesis, S-Class, Series, Macan, Here, Cayenne, Bentayga, Ultimate Driving, Japan, AMG, Although, Tesla, Model, Continental GT"
3,what are the best luxury car brands,,n.a,"As, Known, Lexus, SUVs, Machine, Audi, BMW, Mercedes-Benz, Its, It, E-Class, German, While, Bentley, Genesis, S-Class, Series, Macan, Here, Cayenne, Bentayga, Ultimate Driving, Japan, AMG, Although, Tesla, Model, Continental GT"
3,what are the best luxury car brands,,n.a,"As, Known, Lexus, SUVs, Machine, Audi, BMW, Mercedes-Benz, Its, It, E-Class, German, While, Bentley, Genesis, S-Class, Series, Macan, Here, Cayenne, Bentayga, Ultimate Driving, Japan, AMG, Although, Tesla, Model, Continental GT"
3,what are the best luxury car brands,,n.a,"As, Known, Lexus, SUVs, Machine, Audi, BMW, Mercedes-Benz, Its, It, E-Class, German, While, Bentley, Genesis, S-Class, Series, Macan, Here, Cayenne, Bentayga, Ultimate Driving, Japan, AMG, Although, Tesla, Model, Continental GT"
3,what are the best luxury car brands,,n.a,"As, Known, Lexus, SUVs, Machine, Audi, BMW, Mercedes-Benz, Its, It, E-Class, German, While, Bentley, Genesis, S-Class, Series, Macan, Here, Cayenne, Bentayga, Ultimate Driving, Japan, AMG, Although, Tesla, Model, Continental GT"
3,what are the best luxury car brands,,n.a,"As, Known, Lexus, SUVs, Machine, Audi, BMW, Mercedes-Benz, Its, It, E-Class, German, While, Bentley, Genesis, S-Class, Series, Macan, Here, Cayenne, Bentayga, Ultimate Driving, Japan, AMG, Although, Tesla, Model, Continental GT"
3,what are the best luxury car brands,,n.a,"As, Known, Lexus, SUVs, Machine, Audi, BMW, Mercedes-Benz, Its, It, E-Class, German, While, Bentley, Genesis, S-Class, Series, Macan, Here, Cayenne, Bentayga, Ultimate Driving, Japan, AMG, Although, Tesla, Model, Continental GT"
3,what are the best luxury car brands,,n.a,"As, Known, Lexus, SUVs, Machine, Audi, BMW, Mercedes-Benz, Its, It, E-Class, German, While, Bentley, Genesis, S-Class, Series, Macan, Here, Cayenne, Bentayga, Ultimate Driving, Japan, AMG, Although, Tesla, Model, Continental GT"
3,what are the best luxury car brands,,n.a,"As, Known, Lexus, SUVs, Machine, Audi, BMW, Mercedes-Benz, Its, It, E-Class, German, While, Bentley, Genesis, S-Class, Series, Macan, Here, Cayenne, Bentayga, Ultimate Driving, Japan, AMG, Although, Tesla, Model, Continental GT"
3,what are the best luxury car brands,,n.a,"As, Known, Lexus, SUVs, Machine, Audi, BMW, Mercedes-Benz, Its, It, E-Class, German, While, Bentley, Genesis, S-Class, Series, Macan, Here, Cayenne, Bentayga, Ultimate Driving, Japan, AMG, Although, Tesla, Model, Continental GT"
4,which car brands are known for safety,https://www.consumerreports.org/cars/car-safety/safest-new-cars-of-2024-according-to-iihs-a6646928467/,,"IIHS Top, Honda, Safety Pick, United States, AI-assisted, Known, Several, Audi, Genesis, Tesla, Tesla Model, Civic, Subaru, BMW, Volvo, Here, Series, Mercedes-Benz"
4,which car brands are known for safety,https://www.iihs.org/ratings/top-safety-picks,,"IIHS Top, Honda, Safety Pick, United States, AI-assisted, Known, Several, Audi, Genesis, Tesla, Tesla Model, Civic, Subaru, BMW, Volvo, Here, Series, Mercedes-Benz"
4,which car brands are known for safety,https://glassdoctor.com/blog/safest-car-brands-state,,"IIHS Top, Honda, Safety Pick, United States, AI-assisted, Known, Several, Audi, Genesis, Tesla, Tesla Model, Civic, Subaru, BMW, Volvo, Here, Series, Mercedes-Benz"
4,which car brands are known for safety,https://www.kbb.com/best-cars/safest-new-vehicles/,,"IIHS Top, Honda, Safety Pick, United States, AI-assisted, Known, Several, Audi, Genesis, Tesla, Tesla Model, Civic, Subaru, BMW, Volvo, Here, Series, Mercedes-Benz"
4,which car brands are known for safety,https://nexusautotransport.com/what-car-has-the-highest-safety-rating-in-the-us/,,"IIHS Top, Honda, Safety Pick, United States, AI-assisted, Known, Several, Audi, Genesis, Tesla, Tesla Model, Civic, Subaru, BMW, Volvo, Here, Series, Mercedes-Benz"
4,which car brands are known for safety,,n.a,"IIHS Top, Honda, Safety Pick, United States, AI-assisted, Known, Several, Audi, Genesis, Tesla, Tesla Model, Civic, Subaru, BMW, Volvo, Here, Series, Mercedes-Benz"
4,which car brands are known for safety,,n.a,"IIHS Top, Honda, Safety Pick, United States, AI-assisted, Known, Several, Audi, Genesis, Tesla, Tesla Model, Civic, Subaru, BMW, Volvo, Here, Series, Mercedes-Benz"
4,which car brands are known for safety,,n.a,"IIHS Top, Honda, Safety Pick, United States, AI-assisted, Known, Several, Audi, Genesis, Tesla, Tesla Model, Civic, Subaru, BMW, Volvo, Here, Series, Mercedes-Benz"
4,which car brands are known for safety,,n.a,"IIHS Top, Honda, Safety Pick, United States, AI-assisted, Known, Several, Audi, Genesis, Tesla, Tesla Model, Civic, Subaru, BMW, Volvo, Here, Series, Mercedes-Benz"
4,which car brands are known for safety,,n.a,"IIHS Top, Honda, Safety Pick, United States, AI-assisted, Known, Several, Audi, Genesis, Tesla, Tesla Model, Civic, Subaru, BMW, Volvo, Here, Series, Mercedes-Benz"
4,which car brands are known for safety,,n.a,"IIHS Top, Honda, Safety Pick, United States, AI-assisted, Known, Several, Audi, Genesis, Tesla, Tesla Model, Civic, Subaru, BMW, Volvo, Here, Series, Mercedes-Benz"
5,what are the most affordable car brands,https://www.kbb.com/best-cars/cheapest-new-cars/,,"Driver, Cheapest Cars, Maintain, Mitsubishi Mirage, Warranty, Known, Provides, Right Now, Sources, Nissan Versa, However, Rated, Reliability, Toyota, Kelley Blue, Kia, Cars, Kia Soul, Cheapest New, Cheap Reliable, Hyundai Elantra, Nissan, Offers, Additional Insights, CarBuzz, Here Are, Cars You, That Will, Honda, Chevrolet, Own, New Cars, Book, Can Buy, Ranked, Hyundai Venue, Visual Capitalist, SUV, Chevrolet Trax, Hyundai, Car, Mitsubishi, Nissan Sentra"
5,what are the most affordable car brands,https://www.cars.com/articles/here-are-the-10-cheapest-new-cars-you-can-buy-right-now-421309/,,"Driver, Cheapest Cars, Maintain, Mitsubishi Mirage, Warranty, Known, Provides, Right Now, Sources, Nissan Versa, However, Rated, Reliability, Toyota, Kelley Blue, Kia, Cars, Kia Soul, Cheapest New, Cheap Reliable, Hyundai Elantra, Nissan, Offers, Additional Insights, CarBuzz, Here Are, Cars You, That Will, Honda, Chevrolet, Own, New Cars, Book, Can Buy, Ranked, Hyundai Venue, Visual Capitalist, SUV, Chevrolet Trax, Hyundai, Car, Mitsubishi, Nissan Sentra"
5,what are the most affordable car brands,https://www.caranddriver.com/rankings/best-sedans/cheapest,,"Driver, Cheapest Cars, Maintain, Mitsubishi Mirage, Warranty, Known, Provides, Right Now, Sources, Nissan Versa, However, Rated, Reliability, Toyota, Kelley Blue, Kia, Cars, Kia Soul, Cheapest New, Cheap Reliable, Hyundai Elantra, Nissan, Offers, Additional Insights, CarBuzz, Here Are, Cars You, That Will, Honda, Chevrolet, Own, New Cars, Book, Can Buy, Ranked, Hyundai Venue, Visual Capitalist, SUV, Chevrolet Trax, Hyundai, Car, Mitsubishi, Nissan Sentra"
5,what are the most affordable car brands,https://www.visualcapitalist.com/ranked-the-cheapest-car-brands-to-own-and-maintain-in-the-u-s/,,"Driver, Cheapest Cars, Maintain, Mitsubishi Mirage, Warranty, Known, Provides, Right Now, Sources, Nissan Versa, However, Rated, Reliability, Toyota, Kelley Blue, Kia, Cars, Kia Soul, Cheapest New, Cheap Reliable, Hyundai Elantra, Nissan, Offers, Additional Insights, CarBuzz, Here Are, Cars You, That Will, Honda, Chevrolet, Own, New Cars, Book, Can Buy, Ranked, Hyundai Venue, Visual Capitalist, SUV, Chevrolet Trax, Hyundai, Car, Mitsubishi, Nissan Sentra"
5,what are the most affordable car brands,https://carbuzz.com/features/cheap-reliable-cars/,,"Driver, Cheapest Cars, Maintain, Mitsubishi Mirage, Warranty, Known, Provides, Right Now, Sources, Nissan Versa, However, Rated, Reliability, Toyota, Kelley Blue, Kia, Cars, Kia Soul, Cheapest New, Cheap Reliable, Hyundai Elantra, Nissan, Offers, Additional Insights, CarBuzz, Here Are, Cars You, That Will, Honda, Chevrolet, Own, New Cars, Book, Can Buy, Ranked, Hyundai Venue, Visual Capitalist, SUV, Chevrolet Trax, Hyundai, Car, Mitsubishi, Nissan Sentra"
5,what are the most affordable car brands,,n.a,"Driver, Cheapest Cars, Maintain, Mitsubishi Mirage, Warranty, Known, Provides, Right Now, Sources, Nissan Versa, However, Rated, Reliability, Toyota, Kelley Blue, Kia, Cars, Kia Soul, Cheapest New, Cheap Reliable, Hyundai Elantra, Nissan, Offers, Additional Insights, CarBuzz, Here Are, Cars You, That Will, Honda, Chevrolet, Own, New Cars, Book, Can Buy, Ranked, Hyundai Venue, Visual Capitalist, SUV, Chevrolet Trax, Hyundai, Car, Mitsubishi, Nissan Sentra"
5,what are the most affordable car brands,,n.a,"Driver, Cheapest Cars, Maintain, Mitsubishi Mirage, Warranty, Known, Provides, Right Now, Sources, Nissan Versa, However, Rated, Reliability, Toyota, Kelley Blue, Kia, Cars, Kia Soul, Cheapest New, Cheap Reliable, Hyundai Elantra, Nissan, Offers, Additional Insights, CarBuzz, Here Are, Cars You, That Will, Honda, Chevrolet, Own, New Cars, Book, Can Buy, Ranked, Hyundai Venue, Visual Capitalist, SUV, Chevrolet Trax, Hyundai, Car, Mitsubishi, Nissan Sentra"
5,what are the most affordable car brands,,n.a,"Driver, Cheapest Cars, Maintain, Mitsubishi Mirage, Warranty, Known, Provides, Right Now, Sources, Nissan Versa, However, Rated, Reliability, Toyota, Kelley Blue, Kia, Cars, Kia Soul, Cheapest New, Cheap Reliable, Hyundai Elantra, Nissan, Offers, Additional Insights, CarBuzz, Here Are, Cars You, That Will, Honda, Chevrolet, Own, New Cars, Book, Can Buy, Ranked, Hyundai Venue, Visual Capitalist, SUV, Chevrolet Trax, Hyundai, Car, Mitsubishi, Nissan Sentra"
5,what are the most affordable car brands,,n.a,"Driver, Cheapest Cars, Maintain, Mitsubishi Mirage, Warranty, Known, Provides, Right Now, Sources, Nissan Versa, However, Rated, Reliability, Toyota, Kelley Blue, Kia, Cars, Kia Soul, Cheapest New, Cheap Reliable, Hyundai Elantra, Nissan, Offers, Additional Insights, CarBuzz, Here Are, Cars You, That Will, Honda, Chevrolet, Own, New Cars, Book, Can Buy, Ranked, Hyundai Venue, Visual Capitalist, SUV, Chevrolet Trax, Hyundai, Car, Mitsubishi, Nissan Sentra"
5,what are the most affordable car brands,,n.a,"Driver, Cheapest Cars, Maintain, Mitsubishi Mirage, Warranty, Known, Provides, Right Now, Sources, Nissan Versa, However, Rated, Reliability, Toyota, Kelley Blue, Kia, Cars, Kia Soul, Cheapest New, Cheap Reliable, Hyundai Elantra, Nissan, Offers, Additional Insights, CarBuzz, Here Are, Cars You, That Will, Honda, Chevrolet, Own, New Cars, Book, Can Buy, Ranked, Hyundai Venue, Visual Capitalist, SUV, Chevrolet Trax, Hyundai, Car, Mitsubishi, Nissan Sentra"
5,what are the most affordable car brands,,n.a,"Driver, Cheapest Cars, Maintain, Mitsubishi Mirage, Warranty, Known, Provides, Right Now, Sources, Nissan Versa, However, Rated, Reliability, Toyota, Kelley Blue, Kia, Cars, Kia Soul, Cheapest New, Cheap Reliable, Hyundai Elantra, Nissan, Offers, Additional Insights, CarBuzz, Here Are, Cars You, That Will, Honda, Chevrolet, Own, New Cars, Book, Can Buy, Ranked, Hyundai Venue, Visual Capitalist, SUV, Chevrolet Trax, Hyundai, Car, Mitsubishi, Nissan Sentra"
5,what are the most affordable car brands,,n.a,"Driver, Cheapest Cars, Maintain, Mitsubishi Mirage, Warranty, Known, Provides, Right Now, Sources, Nissan Versa, However, Rated, Reliability, Toyota, Kelley Blue, Kia, Cars, Kia Soul, Cheapest New, Cheap Reliable, Hyundai Elantra, Nissan, Offers, Additional Insights, CarBuzz, Here Are, Cars You, That Will, Honda, Chevrolet, Own, New Cars, Book, Can Buy, Ranked, Hyundai Venue, Visual Capitalist, SUV, Chevrolet Trax, Hyundai, Car, Mitsubishi, Nissan Sentra"
6,which car brands have the best resale value,https://caredge.com/ranks/depreciation,,"Honda, Consistently, RAM, Ranked, Additionally, Based, Book, Value Awards, Here, Best Resale, Toyota, Kelley Blue"
6,which car brands have the best resale value,https://www.kbb.com/awards/best-resale-value-cars-trucks-suvs/,,"Honda, Consistently, RAM, Ranked, Additionally, Based, Book, Value Awards, Here, Best Resale, Toyota, Kelley Blue"
6,which car brands have the best resale value,https://carconfections.com/resale/,,"Honda, Consistently, RAM, Ranked, Additionally, Based, Book, Value Awards, Here, Best Resale, Toyota, Kelley Blue"
6,which car brands have the best resale value,https://www.autonationusa.com/research/top-10-used-luxury-cars-with-best-resale-value.htm,,"Honda, Consistently, RAM, Ranked, Additionally, Based, Book, Value Awards, Here, Best Resale, Toyota, Kelley Blue"
6,which car brands have the best resale value,https://www.youtube.com/watch?v=2853qWh7mFU,,"Honda, Consistently, RAM, Ranked, Additionally, Based, Book, Value Awards, Here, Best Resale, Toyota, Kelley Blue"
6,which car brands have the best resale value,,n.a,"Honda, Consistently, RAM, Ranked, Additionally, Based, Book, Value Awards, Here, Best Resale, Toyota, Kelley Blue"
6,which car brands have the best resale value,,n.a,"Honda, Consistently, RAM, Ranked, Additionally, Based, Book, Value Awards, Here, Best Resale, Toyota, Kelley Blue"
6,which car brands have the best resale value,,n.a,"Honda, Consistently, RAM, Ranked, Additionally, Based, Book, Value Awards, Here, Best Resale, Toyota, Kelley Blue"
6,which car brands have the best resale value,,n.a,"Honda, Consistently, RAM, Ranked, Additionally, Based, Book, Value Awards, Here, Best Resale, Toyota, Kelley Blue"
6,which car brands have the best resale value,,n.a,"Honda, Consistently, RAM, Ranked, Additionally, Based, Book, Value Awards, Here, Best Resale, Toyota, Kelley Blue"
7,what are the most popular car brands in Europe,https://www.best-selling-cars.com/europe/2024-full-year-europe-best-selling-car-manufacturers-and-brands/,,"Dacia, Skoda, Audi, European Union, Sources, BMW, Renault, Mercedes-Benz, Moved, April Europe, Toyota, Improved, EU, Car Sales, Peugeot, Full Year, Additional Insights, Maintained, New Registrations, Market Analysis, Volkswagen, Best-Selling Cars, Best-Selling Car, December, Car Manufacturers, Consistently, Europe Best-Selling, Saw, Statista, In December, European, Europe, Experienced"
7,what are the most popular car brands in Europe,https://www.statista.com/statistics/264031/top-selling-car-brands-in-europe-by-number-of-new-registrations/,,"Dacia, Skoda, Audi, European Union, Sources, BMW, Renault, Mercedes-Benz, Moved, April Europe, Toyota, Improved, EU, Car Sales, Peugeot, Full Year, Additional Insights, Maintained, New Registrations, Market Analysis, Volkswagen, Best-Selling Cars, Best-Selling Car, December, Car Manufacturers, Consistently, Europe Best-Selling, Saw, Statista, In December, European, Europe, Experienced"
7,what are the most popular car brands in Europe,https://www.best-selling-cars.com/europe/2024-april-europe-car-sales-and-market-analysis/,,"Dacia, Skoda, Audi, European Union, Sources, BMW, Renault, Mercedes-Benz, Moved, April Europe, Toyota, Improved, EU, Car Sales, Peugeot, Full Year, Additional Insights, Maintained, New Registrations, Market Analysis, Volkswagen, Best-Selling Cars, Best-Selling Car, December, Car Manufacturers, Consistently, Europe Best-Selling, Saw, Statista, In December, European, Europe, Experienced"
7,what are the most popular car brands in Europe,https://www.carlogos.org/european-car-brands/,,"Dacia, Skoda, Audi, European Union, Sources, BMW, Renault, Mercedes-Benz, Moved, April Europe, Toyota, Improved, EU, Car Sales, Peugeot, Full Year, Additional Insights, Maintained, New Registrations, Market Analysis, Volkswagen, Best-Selling Cars, Best-Selling Car, December, Car Manufacturers, Consistently, Europe Best-Selling, Saw, Statista, In December, European, Europe, Experienced"
7,what are the most popular car brands in Europe,https://roadgenius.com/cars/statistics/sales-by-manufacturer/,,"Dacia, Skoda, Audi, European Union, Sources, BMW, Renault, Mercedes-Benz, Moved, April Europe, Toyota, Improved, EU, Car Sales, Peugeot, Full Year, Additional Insights, Maintained, New Registrations, Market Analysis, Volkswagen, Best-Selling Cars, Best-Selling Car, December, Car Manufacturers, Consistently, Europe Best-Selling, Saw, Statista, In December, European, Europe, Experienced"
7,what are the most popular car brands in Europe,,n.a,"Dacia, Skoda, Audi, European Union, Sources, BMW, Renault, Mercedes-Benz, Moved, April Europe, Toyota, Improved, EU, Car Sales, Peugeot, Full Year, Additional Insights, Maintained, New Registrations, Market Analysis, Volkswagen, Best-Selling Cars, Best-Selling Car, December, Car Manufacturers, Consistently, Europe Best-Selling, Saw, Statista, In December, European, Europe, Experienced"
7,what are the most popular car brands in Europe,,n.a,"Dacia, Skoda, Audi, European Union, Sources, BMW, Renault, Mercedes-Benz, Moved, April Europe, Toyota, Improved, EU, Car Sales, Peugeot, Full Year, Additional Insights, Maintained, New Registrations, Market Analysis, Volkswagen, Best-Selling Cars, Best-Selling Car, December, Car Manufacturers, Consistently, Europe Best-Selling, Saw, Statista, In December, European, Europe, Experienced"
7,what are the most popular car brands in Europe,,n.a,"Dacia, Skoda, Audi, European Union, Sources, BMW, Renault, Mercedes-Benz, Moved, April Europe, Toyota, Improved, EU, Car Sales, Peugeot, Full Year, Additional Insights, Maintained, New Registrations, Market Analysis, Volkswagen, Best-Selling Cars, Best-Selling Car, December, Car Manufacturers, Consistently, Europe Best-Selling, Saw, Statista, In December, European, Europe, Experienced"
7,what are the most popular car brands in Europe,,n.a,"Dacia, Skoda, Audi, European Union, Sources, BMW, Renault, Mercedes-Benz, Moved, April Europe, Toyota, Improved, EU, Car Sales, Peugeot, Full Year, Additional Insights, Maintained, New Registrations, Market Analysis, Volkswagen, Best-Selling Cars, Best-Selling Car, December, Car Manufacturers, Consistently, Europe Best-Selling, Saw, Statista, In December, European, Europe, Experienced"
7,what are the most popular car brands in Europe,,n.a,"Dacia, Skoda, Audi, European Union, Sources, BMW, Renault, Mercedes-Benz, Moved, April Europe, Toyota, Improved, EU, Car Sales, Peugeot, Full Year, Additional Insights, Maintained, New Registrations, Market Analysis, Volkswagen, Best-Selling Cars, Best-Selling Car, December, Car Manufacturers, Consistently, Europe Best-Selling, Saw, Statista, In December, European, Europe, Experienced"
7,what are the most popular car brands in Europe,,n.a,"Dacia, Skoda, Audi, European Union, Sources, BMW, Renault, Mercedes-Benz, Moved, April Europe, Toyota, Improved, EU, Car Sales, Peugeot, Full Year, Additional Insights, Maintained, New Registrations, Market Analysis, Volkswagen, Best-Selling Cars, Best-Selling Car, December, Car Manufacturers, Consistently, Europe Best-Selling, Saw, Statista, In December, European, Europe, Experienced"
7,what are the most popular car brands in Europe,,n.a,"Dacia, Skoda, Audi, European Union, Sources, BMW, Renault, Mercedes-Benz, Moved, April Europe, Toyota, Improved, EU, Car Sales, Peugeot, Full Year, Additional Insights, Maintained, New Registrations, Market Analysis, Volkswagen, Best-Selling Cars, Best-Selling Car, December, Car Manufacturers, Consistently, Europe Best-Selling, Saw, Statista, In December, European, Europe, Experienced"
8,which car brands are considered eco-friendly,https://www.thezebra.com/resources/driving/eco-friendly-cars/,,"Hyundai IONIQ, Known, Several, Opel, Index, EQS, Clean Air, BMW, BlueHDI, Mercedes-Benz, Hyundai KONA, Vauxhall, Taigo, DOLPHIN Design, MMD, While, EQ, EQC, Nissan, Peugeot, Energy Efficiency, Volkswagen, Civic, HEV, Greenhouse Gas, Here, Honda, VW, Leaf, TSI, Although, Tesla, Model, BYD, Hyundai"
8,which car brands are considered eco-friendly,https://sustainablereview.com/most-eco-friendly-car-manufacturers-leading-the-charge-to-transportation-sustainability/,,"Hyundai IONIQ, Known, Several, Opel, Index, EQS, Clean Air, BMW, BlueHDI, Mercedes-Benz, Hyundai KONA, Vauxhall, Taigo, DOLPHIN Design, MMD, While, EQ, EQC, Nissan, Peugeot, Energy Efficiency, Volkswagen, Civic, HEV, Greenhouse Gas, Here, Honda, VW, Leaf, TSI, Although, Tesla, Model, BYD, Hyundai"
8,which car brands are considered eco-friendly,https://business.yougov.com/content/49002-top-car-makers-among-eco-conscious-americans,,"Hyundai IONIQ, Known, Several, Opel, Index, EQS, Clean Air, BMW, BlueHDI, Mercedes-Benz, Hyundai KONA, Vauxhall, Taigo, DOLPHIN Design, MMD, While, EQ, EQC, Nissan, Peugeot, Energy Efficiency, Volkswagen, Civic, HEV, Greenhouse Gas, Here, Honda, VW, Leaf, TSI, Although, Tesla, Model, BYD, Hyundai"
8,which car brands are considered eco-friendly,https://www.supdeluxe.com/en/luxury-news/5-most-sustainable-luxury-car-brands,,"Hyundai IONIQ, Known, Several, Opel, Index, EQS, Clean Air, BMW, BlueHDI, Mercedes-Benz, Hyundai KONA, Vauxhall, Taigo, DOLPHIN Design, MMD, While, EQ, EQC, Nissan, Peugeot, Energy Efficiency, Volkswagen, Civic, HEV, Greenhouse Gas, Here, Honda, VW, Leaf, TSI, Although, Tesla, Model, BYD, Hyundai"
8,which car brands are considered eco-friendly,https://www.greenncap.com,,"Hyundai IONIQ, Known, Several, Opel, Index, EQS, Clean Air, BMW, BlueHDI, Mercedes-Benz, Hyundai KONA, Vauxhall, Taigo, DOLPHIN Design, MMD, While, EQ, EQC, Nissan, Peugeot, Energy Efficiency, Volkswagen, Civic, HEV, Greenhouse Gas, Here, Honda, VW, Leaf, TSI, Although, Tesla, Model, BYD, Hyundai"
8,which car brands are considered eco-friendly,,n.a,"Hyundai IONIQ, Known, Several, Opel, Index, EQS, Clean Air, BMW, BlueHDI, Mercedes-Benz, Hyundai KONA, Vauxhall, Taigo, DOLPHIN Design, MMD, While, EQ, EQC, Nissan, Peugeot, Energy Efficiency, Volkswagen, Civic, HEV, Greenhouse Gas, Here, Honda, VW, Leaf, TSI, Although, Tesla, Model, BYD, Hyundai"
8,which car brands are considered eco-friendly,,n.a,"Hyundai IONIQ, Known, Several, Opel, Index, EQS, Clean Air, BMW, BlueHDI, Mercedes-Benz, Hyundai KONA, Vauxhall, Taigo, DOLPHIN Design, MMD, While, EQ, EQC, Nissan, Peugeot, Energy Efficiency, Volkswagen, Civic, HEV, Greenhouse Gas, Here, Honda, VW, Leaf, TSI, Although, Tesla, Model, BYD, Hyundai"
8,which car brands are considered eco-friendly,,n.a,"Hyundai IONIQ, Known, Several, Opel, Index, EQS, Clean Air, BMW, BlueHDI, Mercedes-Benz, Hyundai KONA, Vauxhall, Taigo, DOLPHIN Design, MMD, While, EQ, EQC, Nissan, Peugeot, Energy Efficiency, Volkswagen, Civic, HEV, Greenhouse Gas, Here, Honda, VW, Leaf, TSI, Although, Tesla, Model, BYD, Hyundai"
8,which car brands are considered eco-friendly,,n.a,"Hyundai IONIQ, Known, Several, Opel, Index, EQS, Clean Air, BMW, BlueHDI, Mercedes-Benz, Hyundai KONA, Vauxhall, Taigo, DOLPHIN Design, MMD, While, EQ, EQC, Nissan, Peugeot, Energy Efficiency, Volkswagen, Civic, HEV, Greenhouse Gas, Here, Honda, VW, Leaf, TSI, Although, Tesla, Model, BYD, Hyundai"
8,which car brands are considered eco-friendly,,n.a,"Hyundai IONIQ, Known, Several, Opel, Index, EQS, Clean Air, BMW, BlueHDI, Mercedes-Benz, Hyundai KONA, Vauxhall, Taigo, DOLPHIN Design, MMD, While, EQ, EQC, Nissan, Peugeot, Energy Efficiency, Volkswagen, Civic, HEV, Greenhouse Gas, Here, Honda, VW, Leaf, TSI, Although, Tesla, Model, BYD, Hyundai"
9,what car brands offer the best technology features,https://www.guideautoweb.com/en/articles/71634/these-car-brands-have-the-best-tech-and-infotainment-in-2023/,,"Lexus, Several, Audi, BMW, Hyundai, Like Cadillac, Sonata, MMI Touch, Genesis, Series, Here, Cadillac, Hyundai Palisade, Autopilot, Tesla, Model, Volvo, MINI Cooper, Response"
9,what car brands offer the best technology features,https://247wallst.com/special-report/2024/02/14/the-most-high-tech-and-low-tech-car-brands-every-major-brand-ranked/,,"Lexus, Several, Audi, BMW, Hyundai, Like Cadillac, Sonata, MMI Touch, Genesis, Series, Here, Cadillac, Hyundai Palisade, Autopilot, Tesla, Model, Volvo, MINI Cooper, Response"
9,what car brands offer the best technology features,https://auto.howstuffworks.com/the-10-most-high-tech-vehicles-on-the-road-today.htm,,"Lexus, Several, Audi, BMW, Hyundai, Like Cadillac, Sonata, MMI Touch, Genesis, Series, Here, Cadillac, Hyundai Palisade, Autopilot, Tesla, Model, Volvo, MINI Cooper, Response"
9,what car brands offer the best technology features,https://www.topspeed.com/brand-new-cars-modern-technology/,,"Lexus, Several, Audi, BMW, Hyundai, Like Cadillac, Sonata, MMI Touch, Genesis, Series, Here, Cadillac, Hyundai Palisade, Autopilot, Tesla, Model, Volvo, MINI Cooper, Response"
9,what car brands offer the best technology features,https://www.carsoup.com/blog/2024/04/23/untitled-385/,,"Lexus, Several, Audi, BMW, Hyundai, Like Cadillac, Sonata, MMI Touch, Genesis, Series, Here, Cadillac, Hyundai Palisade, Autopilot, Tesla, Model, Volvo, MINI Cooper, Response"
9,what car brands offer the best technology features,,n.a,"Lexus, Several, Audi, BMW, Hyundai, Like Cadillac, Sonata, MMI Touch, Genesis, Series, Here, Cadillac, Hyundai Palisade, Autopilot, Tesla, Model, Volvo, MINI Cooper, Response"
9,what car brands offer the best technology features,,n.a,"Lexus, Several, Audi, BMW, Hyundai, Like Cadillac, Sonata, MMI Touch, Genesis, Series, Here, Cadillac, Hyundai Palisade, Autopilot, Tesla, Model, Volvo, MINI Cooper, Response"
9,what car brands offer the best technology features,,n.a,"Lexus, Several, Audi, BMW, Hyundai, Like Cadillac, Sonata, MMI Touch, Genesis, Series, Here, Cadillac, Hyundai Palisade, Autopilot, Tesla, Model, Volvo, MINI Cooper, Response"
9,what car brands offer the best technology features,,n.a,"Lexus, Several, Audi, BMW, Hyundai, Like Cadillac, Sonata, MMI Touch, Genesis, Series, Here, Cadillac, Hyundai Palisade, Autopilot, Tesla, Model, Volvo, MINI Cooper, Response"
10,what are the oldest car brands still operating,https://www.catawiki.com/en/stories/4619-top-5-oldest-car-brands-in-the-world,,"France, Laurin, Gottlieb Daimler, Founded, Renault, Mercedes-Benz, Italy, It, United Kingdom, Sumner, William Murphy, Louis Renault, Giovanni Agnelli, Czech Republic, Peugeot, GmbH, Klement, Marcel Renault, Opel Automobile, Fiat, Lemuel Bowen, Cadillac, Adam Opel, Karl Benz, Germany, Auto, Although, Tatra, United States, Henry, Spurrier, Initially"
10,what are the oldest car brands still operating,https://www.oldest.org/technology/car-companies/,,"France, Laurin, Gottlieb Daimler, Founded, Renault, Mercedes-Benz, Italy, It, United Kingdom, Sumner, William Murphy, Louis Renault, Giovanni Agnelli, Czech Republic, Peugeot, GmbH, Klement, Marcel Renault, Opel Automobile, Fiat, Lemuel Bowen, Cadillac, Adam Opel, Karl Benz, Germany, Auto, Although, Tatra, United States, Henry, Spurrier, Initially"
10,what are the oldest car brands still operating,https://www.carandbike.com/news/10-oldest-car-companies-in-the-world-2703618,,"France, Laurin, Gottlieb Daimler, Founded, Renault, Mercedes-Benz, Italy, It, United Kingdom, Sumner, William Murphy, Louis Renault, Giovanni Agnelli, Czech Republic, Peugeot, GmbH, Klement, Marcel Renault, Opel Automobile, Fiat, Lemuel Bowen, Cadillac, Adam Opel, Karl Benz, Germany, Auto, Although, Tatra, United States, Henry, Spurrier, Initially"
10,what are the oldest car brands still operating,https://www.hotcars.com/oldest-car-manufacturers-still-in-business-today/,,"France, Laurin, Gottlieb Daimler, Founded, Renault, Mercedes-Benz, Italy, It, United Kingdom, Sumner, William Murphy, Louis Renault, Giovanni Agnelli, Czech Republic, Peugeot, GmbH, Klement, Marcel Renault, Opel Automobile, Fiat, Lemuel Bowen, Cadillac, Adam Opel, Karl Benz, Germany, Auto, Although, Tatra, United States, Henry, Spurrier, Initially"
10,what are the oldest car brands still operating,https://www.slashgear.com/1558451/oldest-car-brands-in-the-world/,,"France, Laurin, Gottlieb Daimler, Founded, Renault, Mercedes-Benz, Italy, It, United Kingdom, Sumner, William Murphy, Louis Renault, Giovanni Agnelli, Czech Republic, Peugeot, GmbH, Klement, Marcel Renault, Opel Automobile, Fiat, Lemuel Bowen, Cadillac, Adam Opel, Karl Benz, Germany, Auto, Although, Tatra, United States, Henry, Spurrier, Initially"
10,what are the oldest car brands still operating,,n.a,"France, Laurin, Gottlieb Daimler, Founded, Renault, Mercedes-Benz, Italy, It, United Kingdom, Sumner, William Murphy, Louis Renault, Giovanni Agnelli, Czech Republic, Peugeot, GmbH, Klement, Marcel Renault, Opel Automobile, Fiat, Lemuel Bowen, Cadillac, Adam Opel, Karl Benz, Germany, Auto, Although, Tatra, United States, Henry, Spurrier, Initially"
10,what are the oldest car brands still operating,,n.a,"France, Laurin, Gottlieb Daimler, Founded, Renault, Mercedes-Benz, Italy, It, United Kingdom, Sumner, William Murphy, Louis Renault, Giovanni Agnelli, Czech Republic, Peugeot, GmbH, Klement, Marcel Renault, Opel Automobile, Fiat, Lemuel Bowen, Cadillac, Adam Opel, Karl Benz, Germany, Auto, Although, Tatra, United States, Henry, Spurrier, Initially"
10,what are the oldest car brands still operating,,n.a,"France, Laurin, Gottlieb Daimler, Founded, Renault, Mercedes-Benz, Italy, It, United Kingdom, Sumner, William Murphy, Louis Renault, Giovanni Agnelli, Czech Republic, Peugeot, GmbH, Klement, Marcel Renault, Opel Automobile, Fiat, Lemuel Bowen, Cadillac, Adam Opel, Karl Benz, Germany, Auto, Although, Tatra, United States, Henry, Spurrier, Initially"
11,which car brands are best for families,https://www.caranddriver.com/rankings/best-family-cars,,"Driver, Telluride, Several, Sources, Sienna Hybrid, Mom Official, Hybrid, Best Cars, CR-V Hybrid, Seltos, Toyota, Cars, Kia, Kelley Blue, Kia Seltos, Palisade, Volkswagen, ID, Here, Best Family, Honda, Cars Around, Kia Telluride, Buzz Microbus, Ioniq, Book, Kia Carnival, SUV, Best, What Car, Hyundai, Car"
11,which car brands are best for families,https://www.thecarmomofficial.com/blog-3/best-cars-for-families,,"Driver, Telluride, Several, Sources, Sienna Hybrid, Mom Official, Hybrid, Best Cars, CR-V Hybrid, Seltos, Toyota, Cars, Kia, Kelley Blue, Kia Seltos, Palisade, Volkswagen, ID, Here, Best Family, Honda, Cars Around, Kia Telluride, Buzz Microbus, Ioniq, Book, Kia Carnival, SUV, Best, What Car, Hyundai, Car"
11,which car brands are best for families,https://www.whatcar.com/best/family-cars/n27171,,"Driver, Telluride, Several, Sources, Sienna Hybrid, Mom Official, Hybrid, Best Cars, CR-V Hybrid, Seltos, Toyota, Cars, Kia, Kelley Blue, Kia Seltos, Palisade, Volkswagen, ID, Here, Best Family, Honda, Cars Around, Kia Telluride, Buzz Microbus, Ioniq, Book, Kia Carnival, SUV, Best, What Car, Hyundai, Car"
11,which car brands are best for families,https://www.kbb.com/best-cars/10-best-family-cars-under-25000/,,"Driver, Telluride, Several, Sources, Sienna Hybrid, Mom Official, Hybrid, Best Cars, CR-V Hybrid, Seltos, Toyota, Cars, Kia, Kelley Blue, Kia Seltos, Palisade, Volkswagen, ID, Here, Best Family, Honda, Cars Around, Kia Telluride, Buzz Microbus, Ioniq, Book, Kia Carnival, SUV, Best, What Car, Hyundai, Car"
11,which car brands are best for families,https://www.thezebra.com/resources/car-insurance/10-best-cars-for-a-family-of-5/,,"Driver, Telluride, Several, Sources, Sienna Hybrid, Mom Official, Hybrid, Best Cars, CR-V Hybrid, Seltos, Toyota, Cars, Kia, Kelley Blue, Kia Seltos, Palisade, Volkswagen, ID, Here, Best Family, Honda, Cars Around, Kia Telluride, Buzz Microbus, Ioniq, Book, Kia Carnival, SUV, Best, What Car, Hyundai, Car"
11,which car brands are best for families,,n.a,"Driver, Telluride, Several, Sources, Sienna Hybrid, Mom Official, Hybrid, Best Cars, CR-V Hybrid, Seltos, Toyota, Cars, Kia, Kelley Blue, Kia Seltos, Palisade, Volkswagen, ID, Here, Best Family, Honda, Cars Around, Kia Telluride, Buzz Microbus, Ioniq, Book, Kia Carnival, SUV, Best, What Car, Hyundai, Car"
11,which car brands are best for families,,n.a,"Driver, Telluride, Several, Sources, Sienna Hybrid, Mom Official, Hybrid, Best Cars, CR-V Hybrid, Seltos, Toyota, Cars, Kia, Kelley Blue, Kia Seltos, Palisade, Volkswagen, ID, Here, Best Family, Honda, Cars Around, Kia Telluride, Buzz Microbus, Ioniq, Book, Kia Carnival, SUV, Best, What Car, Hyundai, Car"
11,which car brands are best for families,,n.a,"Driver, Telluride, Several, Sources, Sienna Hybrid, Mom Official, Hybrid, Best Cars, CR-V Hybrid, Seltos, Toyota, Cars, Kia, Kelley Blue, Kia Seltos, Palisade, Volkswagen, ID, Here, Best Family, Honda, Cars Around, Kia Telluride, Buzz Microbus, Ioniq, Book, Kia Carnival, SUV, Best, What Car, Hyundai, Car"
11,which car brands are best for families,,n.a,"Driver, Telluride, Several, Sources, Sienna Hybrid, Mom Official, Hybrid, Best Cars, CR-V Hybrid, Seltos, Toyota, Cars, Kia, Kelley Blue, Kia Seltos, Palisade, Volkswagen, ID, Here, Best Family, Honda, Cars Around, Kia Telluride, Buzz Microbus, Ioniq, Book, Kia Carnival, SUV, Best, What Car, Hyundai, Car"
11,which car brands are best for families,,n.a,"Driver, Telluride, Several, Sources, Sienna Hybrid, Mom Official, Hybrid, Best Cars, CR-V Hybrid, Seltos, Toyota, Cars, Kia, Kelley Blue, Kia Seltos, Palisade, Volkswagen, ID, Here, Best Family, Honda, Cars Around, Kia Telluride, Buzz Microbus, Ioniq, Book, Kia Carnival, SUV, Best, What Car, Hyundai, Car"
11,which car brands are best for families,,n.a,"Driver, Telluride, Several, Sources, Sienna Hybrid, Mom Official, Hybrid, Best Cars, CR-V Hybrid, Seltos, Toyota, Cars, Kia, Kelley Blue, Kia Seltos, Palisade, Volkswagen, ID, Here, Best Family, Honda, Cars Around, Kia Telluride, Buzz Microbus, Ioniq, Book, Kia Carnival, SUV, Best, What Car, Hyundai, Car"
12,what are the fastest-growing car brands,https://www.hotcars.com/fastest-growing-car-brand-you-never-heard-of/,,"Mahindra, Its, Honda, As, This Chinese, Known, French, Acura, Dongfeng Sokon, BYD, Tesla, Alpine, Chinese EV, GAC, EV, Here, An Indian, EVs"
12,what are the fastest-growing car brands,https://www.insidermonkey.com/blog/15-fastest-growing-automotive-brands-in-the-world-1319591/,,"Mahindra, Its, Honda, As, This Chinese, Known, French, Acura, Dongfeng Sokon, BYD, Tesla, Alpine, Chinese EV, GAC, EV, Here, An Indian, EVs"
12,what are the fastest-growing car brands,https://www.focus2move.com/world-car-group-ranking/,,"Mahindra, Its, Honda, As, This Chinese, Known, French, Acura, Dongfeng Sokon, BYD, Tesla, Alpine, Chinese EV, GAC, EV, Here, An Indian, EVs"
12,what are the fastest-growing car brands,https://automotivedesignplanet.com/stories/1686736200-fastest-growing-automotive-brands-of-2023-in-the-world,,"Mahindra, Its, Honda, As, This Chinese, Known, French, Acura, Dongfeng Sokon, BYD, Tesla, Alpine, Chinese EV, GAC, EV, Here, An Indian, EVs"
12,what are the fastest-growing car brands,https://roadgenius.com/cars/statistics/sales-by-manufacturer/,,"Mahindra, Its, Honda, As, This Chinese, Known, French, Acura, Dongfeng Sokon, BYD, Tesla, Alpine, Chinese EV, GAC, EV, Here, An Indian, EVs"
12,what are the fastest-growing car brands,,n.a,"Mahindra, Its, Honda, As, This Chinese, Known, French, Acura, Dongfeng Sokon, BYD, Tesla, Alpine, Chinese EV, GAC, EV, Here, An Indian, EVs"
12,what are the fastest-growing car brands,,n.a,"Mahindra, Its, Honda, As, This Chinese, Known, French, Acura, Dongfeng Sokon, BYD, Tesla, Alpine, Chinese EV, GAC, EV, Here, An Indian, EVs"
12,what are the fastest-growing car brands,,n.a,"Mahindra, Its, Honda, As, This Chinese, Known, French, Acura, Dongfeng Sokon, BYD, Tesla, Alpine, Chinese EV, GAC, EV, Here, An Indian, EVs"
12,what are the fastest-growing car brands,,n.a,"Mahindra, Its, Honda, As, This Chinese, Known, French, Acura, Dongfeng Sokon, BYD, Tesla, Alpine, Chinese EV, GAC, EV, Here, An Indian, EVs"
13,which car brands are known for design innovation,https://www.mgprestigecar.fr/top-10-car-brands-leading-in-innovation/,,"Several, Audi, Founded, Walter Chrysler, Models, BMW, Mercedes-Benz, Gustave, DS, Mercedes-Benz EQS, Traction Avant, While, Established, Autopilot, Additionally, Tesla, Tesla Model, Chrysler, Chrysler Airflow, SUV"
13,which car brands are known for design innovation,https://business.yougov.com/content/49027-the-top-5-most-innovative-and-tech-forward-auto-brands-according-to-britons,,"Several, Audi, Founded, Walter Chrysler, Models, BMW, Mercedes-Benz, Gustave, DS, Mercedes-Benz EQS, Traction Avant, While, Established, Autopilot, Additionally, Tesla, Tesla Model, Chrysler, Chrysler Airflow, SUV"
13,which car brands are known for design innovation,https://douradocars.com/list-of-luxury-car-brands-innovative-design/,,"Several, Audi, Founded, Walter Chrysler, Models, BMW, Mercedes-Benz, Gustave, DS, Mercedes-Benz EQS, Traction Avant, While, Established, Autopilot, Additionally, Tesla, Tesla Model, Chrysler, Chrysler Airflow, SUV"
13,which car brands are known for design innovation,https://hiconsumption.com/motors/most-innovative-cars/,,"Several, Audi, Founded, Walter Chrysler, Models, BMW, Mercedes-Benz, Gustave, DS, Mercedes-Benz EQS, Traction Avant, While, Established, Autopilot, Additionally, Tesla, Tesla Model, Chrysler, Chrysler Airflow, SUV"
13,which car brands are known for design innovation,https://applewoodperformancecenter.com/blog/the-history-and-evolution-of-iconic-car-brands,,"Several, Audi, Founded, Walter Chrysler, Models, BMW, Mercedes-Benz, Gustave, DS, Mercedes-Benz EQS, Traction Avant, While, Established, Autopilot, Additionally, Tesla, Tesla Model, Chrysler, Chrysler Airflow, SUV"
13,which car brands are known for design innovation,,n.a,"Several, Audi, Founded, Walter Chrysler, Models, BMW, Mercedes-Benz, Gustave, DS, Mercedes-Benz EQS, Traction Avant, While, Established, Autopilot, Additionally, Tesla, Tesla Model, Chrysler, Chrysler Airflow, SUV"
13,which car brands are known for design innovation,,n.a,"Several, Audi, Founded, Walter Chrysler, Models, BMW, Mercedes-Benz, Gustave, DS, Mercedes-Benz EQS, Traction Avant, While, Established, Autopilot, Additionally, Tesla, Tesla Model, Chrysler, Chrysler Airflow, SUV"
13,which car brands are known for design innovation,,n.a,"Several, Audi, Founded, Walter Chrysler, Models, BMW, Mercedes-Benz, Gustave, DS, Mercedes-Benz EQS, Traction Avant, While, Established, Autopilot, Additionally, Tesla, Tesla Model, Chrysler, Chrysler Airflow, SUV"
14,what car brands have the best warranties,https://www.cars.com/articles/which-vehicles-have-the-best-warranty-coverage-447236/,,"Warranty, Known, Lexus, Several, Year, Mile New, Limited Warranty, Toyota, Mile Powertrain, Kia, Unlimited Roadside, Assistance, Genesis, Here, Mile Basic, Unlimited Mileage, Powertrain Warranty, Similar, Vehicle Limited, Hyundai, Mitsubishi"
14,what car brands have the best warranties,https://www.hyundaiusa.com/us/en/assurance/america-best-warranty,,"Warranty, Known, Lexus, Several, Year, Mile New, Limited Warranty, Toyota, Mile Powertrain, Kia, Unlimited Roadside, Assistance, Genesis, Here, Mile Basic, Unlimited Mileage, Powertrain Warranty, Similar, Vehicle Limited, Hyundai, Mitsubishi"
14,what car brands have the best warranties,https://www.gobankingrates.com/saving-money/car/car-brands-best-warranties-new-vehicles/,,"Warranty, Known, Lexus, Several, Year, Mile New, Limited Warranty, Toyota, Mile Powertrain, Kia, Unlimited Roadside, Assistance, Genesis, Here, Mile Basic, Unlimited Mileage, Powertrain Warranty, Similar, Vehicle Limited, Hyundai, Mitsubishi"
14,what car brands have the best warranties,https://www.whatcar.com/advice/buying/best-new-car-warranties/n26485,,"Warranty, Known, Lexus, Several, Year, Mile New, Limited Warranty, Toyota, Mile Powertrain, Kia, Unlimited Roadside, Assistance, Genesis, Here, Mile Basic, Unlimited Mileage, Powertrain Warranty, Similar, Vehicle Limited, Hyundai, Mitsubishi"
14,what car brands have the best warranties,https://autopom.com/cars-with-the-best-warranty/,,"Warranty, Known, Lexus, Several, Year, Mile New, Limited Warranty, Toyota, Mile Powertrain, Kia, Unlimited Roadside, Assistance, Genesis, Here, Mile Basic, Unlimited Mileage, Powertrain Warranty, Similar, Vehicle Limited, Hyundai, Mitsubishi"
14,what car brands have the best warranties,,n.a,"Warranty, Known, Lexus, Several, Year, Mile New, Limited Warranty, Toyota, Mile Powertrain, Kia, Unlimited Roadside, Assistance, Genesis, Here, Mile Basic, Unlimited Mileage, Powertrain Warranty, Similar, Vehicle Limited, Hyundai, Mitsubishi"
14,what car brands have the best warranties,,n.a,"Warranty, Known, Lexus, Several, Year, Mile New, Limited Warranty, Toyota, Mile Powertrain, Kia, Unlimited Roadside, Assistance, Genesis, Here, Mile Basic, Unlimited Mileage, Powertrain Warranty, Similar, Vehicle Limited, Hyundai, Mitsubishi"
14,what car brands have the best warranties,,n.a,"Warranty, Known, Lexus, Several, Year, Mile New, Limited Warranty, Toyota, Mile Powertrain, Kia, Unlimited Roadside, Assistance, Genesis, Here, Mile Basic, Unlimited Mileage, Powertrain Warranty, Similar, Vehicle Limited, Hyundai, Mitsubishi"
14,what car brands have the best warranties,,n.a,"Warranty, Known, Lexus, Several, Year, Mile New, Limited Warranty, Toyota, Mile Powertrain, Kia, Unlimited Roadside, Assistance, Genesis, Here, Mile Basic, Unlimited Mileage, Powertrain Warranty, Similar, Vehicle Limited, Hyundai, Mitsubishi"
14,what car brands have the best warranties,,n.a,"Warranty, Known, Lexus, Several, Year, Mile New, Limited Warranty, Toyota, Mile Powertrain, Kia, Unlimited Roadside, Assistance, Genesis, Here, Mile Basic, Unlimited Mileage, Powertrain Warranty, Similar, Vehicle Limited, Hyundai, Mitsubishi"
15,which car brands offer the best value for money,https://www.kbb.com/cars/,,"Value, Known, HR-V, Several, CarEdge, Mazda, Sources, Subaru, BMW, It, Toyota, Kia, Kia Picanto, YouGov, Honda Civic, Here, Honda, US, Additionally, Hyundai"
15,which car brands offer the best value for money,https://business.yougov.com/content/44561-us-which-car-makers-offer-best-value-money,,"Value, Known, HR-V, Several, CarEdge, Mazda, Sources, Subaru, BMW, It, Toyota, Kia, Kia Picanto, YouGov, Honda Civic, Here, Honda, US, Additionally, Hyundai"
15,which car brands offer the best value for money,https://www.consumerreports.org/cars/cars-driving/which-car-brands-make-the-best-vehicles-a6159221985/,,"Value, Known, HR-V, Several, CarEdge, Mazda, Sources, Subaru, BMW, It, Toyota, Kia, Kia Picanto, YouGov, Honda Civic, Here, Honda, US, Additionally, Hyundai"
15,which car brands offer the best value for money,https://www.youtube.com/watch?v=2853qWh7mFU,,"Value, Known, HR-V, Several, CarEdge, Mazda, Sources, Subaru, BMW, It, Toyota, Kia, Kia Picanto, YouGov, Honda Civic, Here, Honda, US, Additionally, Hyundai"
15,which car brands offer the best value for money,https://caredge.com/ranks/depreciation,,"Value, Known, HR-V, Several, CarEdge, Mazda, Sources, Subaru, BMW, It, Toyota, Kia, Kia Picanto, YouGov, Honda Civic, Here, Honda, US, Additionally, Hyundai"
15,which car brands offer the best value for money,,n.a,"Value, Known, HR-V, Several, CarEdge, Mazda, Sources, Subaru, BMW, It, Toyota, Kia, Kia Picanto, YouGov, Honda Civic, Here, Honda, US, Additionally, Hyundai"
15,which car brands offer the best value for money,,n.a,"Value, Known, HR-V, Several, CarEdge, Mazda, Sources, Subaru, BMW, It, Toyota, Kia, Kia Picanto, YouGov, Honda Civic, Here, Honda, US, Additionally, Hyundai"
15,which car brands offer the best value for money,,n.a,"Value, Known, HR-V, Several, CarEdge, Mazda, Sources, Subaru, BMW, It, Toyota, Kia, Kia Picanto, YouGov, Honda Civic, Here, Honda, US, Additionally, Hyundai"
15,which car brands offer the best value for money,,n.a,"Value, Known, HR-V, Several, CarEdge, Mazda, Sources, Subaru, BMW, It, Toyota, Kia, Kia Picanto, YouGov, Honda Civic, Here, Honda, US, Additionally, Hyundai"
15,which car brands offer the best value for money,,n.a,"Value, Known, HR-V, Several, CarEdge, Mazda, Sources, Subaru, BMW, It, Toyota, Kia, Kia Picanto, YouGov, Honda Civic, Here, Honda, US, Additionally, Hyundai"
15,which car brands offer the best value for money,,n.a,"Value, Known, HR-V, Several, CarEdge, Mazda, Sources, Subaru, BMW, It, Toyota, Kia, Kia Picanto, YouGov, Honda Civic, Here, Honda, US, Additionally, Hyundai"
15,which car brands offer the best value for money,,n.a,"Value, Known, HR-V, Several, CarEdge, Mazda, Sources, Subaru, BMW, It, Toyota, Kia, Kia Picanto, YouGov, Honda Civic, Here, Honda, US, Additionally, Hyundai"
15,which car brands offer the best value for money,,n.a,"Value, Known, HR-V, Several, CarEdge, Mazda, Sources, Subaru, BMW, It, Toyota, Kia, Kia Picanto, YouGov, Honda Civic, Here, Honda, US, Additionally, Hyundai"
16,what are the most common car brands in the US,https://www.statista.com/statistics/264362/leading-car-brands-in-the-us-based-on-vehicle-sales/,,"Equinox, Known, Sources, American, Full-Year, Mercedes-Benz, Silverado, America, Popular Car, Sales By, Toyota, Camry, Generation, Top, Nissan, CarPro, Honda, Chevrolet, Statista, National Auto, Visual Capitalist, United States, CarLogos, Recognized"
16,what are the most common car brands in the US,https://www.carpro.com/blog/full-year-2022-national-auto-sales-by-brand,,"Equinox, Known, Sources, American, Full-Year, Mercedes-Benz, Silverado, America, Popular Car, Sales By, Toyota, Camry, Generation, Top, Nissan, CarPro, Honda, Chevrolet, Statista, National Auto, Visual Capitalist, United States, CarLogos, Recognized"
16,what are the most common car brands in the US,https://today.yougov.com/ratings/travel/popularity/car-makers/all,,"Equinox, Known, Sources, American, Full-Year, Mercedes-Benz, Silverado, America, Popular Car, Sales By, Toyota, Camry, Generation, Top, Nissan, CarPro, Honda, Chevrolet, Statista, National Auto, Visual Capitalist, United States, CarLogos, Recognized"
16,what are the most common car brands in the US,https://www.visualcapitalist.com/americas-favorite-car-brands-by-generation/,,"Equinox, Known, Sources, American, Full-Year, Mercedes-Benz, Silverado, America, Popular Car, Sales By, Toyota, Camry, Generation, Top, Nissan, CarPro, Honda, Chevrolet, Statista, National Auto, Visual Capitalist, United States, CarLogos, Recognized"
16,what are the most common car brands in the US,https://www.carlogos.org/popular-car-brands/,,"Equinox, Known, Sources, American, Full-Year, Mercedes-Benz, Silverado, America, Popular Car, Sales By, Toyota, Camry, Generation, Top, Nissan, CarPro, Honda, Chevrolet, Statista, National Auto, Visual Capitalist, United States, CarLogos, Recognized"
16,what are the most common car brands in the US,,n.a,"Equinox, Known, Sources, American, Full-Year, Mercedes-Benz, Silverado, America, Popular Car, Sales By, Toyota, Camry, Generation, Top, Nissan, CarPro, Honda, Chevrolet, Statista, National Auto, Visual Capitalist, United States, CarLogos, Recognized"
16,what are the most common car brands in the US,,n.a,"Equinox, Known, Sources, American, Full-Year, Mercedes-Benz, Silverado, America, Popular Car, Sales By, Toyota, Camry, Generation, Top, Nissan, CarPro, Honda, Chevrolet, Statista, National Auto, Visual Capitalist, United States, CarLogos, Recognized"
16,what are the most common car brands in the US,,n.a,"Equinox, Known, Sources, American, Full-Year, Mercedes-Benz, Silverado, America, Popular Car, Sales By, Toyota, Camry, Generation, Top, Nissan, CarPro, Honda, Chevrolet, Statista, National Auto, Visual Capitalist, United States, CarLogos, Recognized"
16,what are the most common car brands in the US,,n.a,"Equinox, Known, Sources, American, Full-Year, Mercedes-Benz, Silverado, America, Popular Car, Sales By, Toyota, Camry, Generation, Top, Nissan, CarPro, Honda, Chevrolet, Statista, National Auto, Visual Capitalist, United States, CarLogos, Recognized"
16,what are the most common car brands in the US,,n.a,"Equinox, Known, Sources, American, Full-Year, Mercedes-Benz, Silverado, America, Popular Car, Sales By, Toyota, Camry, Generation, Top, Nissan, CarPro, Honda, Chevrolet, Statista, National Auto, Visual Capitalist, United States, CarLogos, Recognized"
16,what are the most common car brands in the US,,n.a,"Equinox, Known, Sources, American, Full-Year, Mercedes-Benz, Silverado, America, Popular Car, Sales By, Toyota, Camry, Generation, Top, Nissan, CarPro, Honda, Chevrolet, Statista, National Auto, Visual Capitalist, United States, CarLogos, Recognized"
17,which car brands have the best customer service,https://www.cars.com/articles/which-dealerships-do-it-right-car-brands-ranked-for-customer-service-1420757590799/,,"Known, Lexus, Several, Customer Service, Index, MINI, Subaru, ACSI, Study, Power, CSI Study, Toyota, Reliability Survey, Here, CSI, Honda, In, Additionally, What Car"
17,which car brands have the best customer service,https://clark.com/cars/best-car-brands/,,"Known, Lexus, Several, Customer Service, Index, MINI, Subaru, ACSI, Study, Power, CSI Study, Toyota, Reliability Survey, Here, CSI, Honda, In, Additionally, What Car"
17,which car brands have the best customer service,https://www.consumerreports.org/cars/car-reliability-owner-satisfaction/most-and-least-liked-car-brands-a1291429338/,,"Known, Lexus, Several, Customer Service, Index, MINI, Subaru, ACSI, Study, Power, CSI Study, Toyota, Reliability Survey, Here, CSI, Honda, In, Additionally, What Car"
17,which car brands have the best customer service,https://www.jdpower.com/business/press-releases/2021-customer-service-index-csi-study,,"Known, Lexus, Several, Customer Service, Index, MINI, Subaru, ACSI, Study, Power, CSI Study, Toyota, Reliability Survey, Here, CSI, Honda, In, Additionally, What Car"
17,which car brands have the best customer service,https://www.whatcar.com/news/best-car-servicing-2025-the-best-and-worst-brands-at-servicing-your-car/n16046,,"Known, Lexus, Several, Customer Service, Index, MINI, Subaru, ACSI, Study, Power, CSI Study, Toyota, Reliability Survey, Here, CSI, Honda, In, Additionally, What Car"
17,which car brands have the best customer service,,n.a,"Known, Lexus, Several, Customer Service, Index, MINI, Subaru, ACSI, Study, Power, CSI Study, Toyota, Reliability Survey, Here, CSI, Honda, In, Additionally, What Car"
17,which car brands have the best customer service,,n.a,"Known, Lexus, Several, Customer Service, Index, MINI, Subaru, ACSI, Study, Power, CSI Study, Toyota, Reliability Survey, Here, CSI, Honda, In, Additionally, What Car"
17,which car brands have the best customer service,,n.a,"Known, Lexus, Several, Customer Service, Index, MINI, Subaru, ACSI, Study, Power, CSI Study, Toyota, Reliability Survey, Here, CSI, Honda, In, Additionally, What Car"
17,which car brands have the best customer service,,n.a,"Known, Lexus, Several, Customer Service, Index, MINI, Subaru, ACSI, Study, Power, CSI Study, Toyota, Reliability Survey, Here, CSI, Honda, In, Additionally, What Car"
18,what car brands are good for first-time buyers,https://caredge.com/guides/the-5-best-cars-for-new-drivers,,"Make, Several, CarEdge, Mazda, Sources, Subaru, Elantra, It, Used Cars, Best Cars, Toyota, Kelley Blue, Cars, Crosstrek, Civic, Here, Mycarpark, Honda, Book, Best Used, CR-V, First-Time Buyers, Hyundai, Trucks"
18,what car brands are good for first-time buyers,https://www.kbb.com/cars/,,"Make, Several, CarEdge, Mazda, Sources, Subaru, Elantra, It, Used Cars, Best Cars, Toyota, Kelley Blue, Cars, Crosstrek, Civic, Here, Mycarpark, Honda, Book, Best Used, CR-V, First-Time Buyers, Hyundai, Trucks"
18,what car brands are good for first-time buyers,https://www.consumerreports.org/cars/used-car-brand-reliability-a2811658468/,,"Make, Several, CarEdge, Mazda, Sources, Subaru, Elantra, It, Used Cars, Best Cars, Toyota, Kelley Blue, Cars, Crosstrek, Civic, Here, Mycarpark, Honda, Book, Best Used, CR-V, First-Time Buyers, Hyundai, Trucks"
18,what car brands are good for first-time buyers,https://agirlsguidetocars.com/list/best-cars-first-time-car-buyers/,,"Make, Several, CarEdge, Mazda, Sources, Subaru, Elantra, It, Used Cars, Best Cars, Toyota, Kelley Blue, Cars, Crosstrek, Civic, Here, Mycarpark, Honda, Book, Best Used, CR-V, First-Time Buyers, Hyundai, Trucks"
18,what car brands are good for first-time buyers,https://www.mycarpark.com/2023/09/25/the-best-used-cars-for-first-time-buyers/,,"Make, Several, CarEdge, Mazda, Sources, Subaru, Elantra, It, Used Cars, Best Cars, Toyota, Kelley Blue, Cars, Crosstrek, Civic, Here, Mycarpark, Honda, Book, Best Used, CR-V, First-Time Buyers, Hyundai, Trucks"
18,what car brands are good for first-time buyers,,n.a,"Make, Several, CarEdge, Mazda, Sources, Subaru, Elantra, It, Used Cars, Best Cars, Toyota, Kelley Blue, Cars, Crosstrek, Civic, Here, Mycarpark, Honda, Book, Best Used, CR-V, First-Time Buyers, Hyundai, Trucks"
18,what car brands are good for first-time buyers,,n.a,"Make, Several, CarEdge, Mazda, Sources, Subaru, Elantra, It, Used Cars, Best Cars, Toyota, Kelley Blue, Cars, Crosstrek, Civic, Here, Mycarpark, Honda, Book, Best Used, CR-V, First-Time Buyers, Hyundai, Trucks"
18,what car brands are good for first-time buyers,,n.a,"Make, Several, CarEdge, Mazda, Sources, Subaru, Elantra, It, Used Cars, Best Cars, Toyota, Kelley Blue, Cars, Crosstrek, Civic, Here, Mycarpark, Honda, Book, Best Used, CR-V, First-Time Buyers, Hyundai, Trucks"
18,what car brands are good for first-time buyers,,n.a,"Make, Several, CarEdge, Mazda, Sources, Subaru, Elantra, It, Used Cars, Best Cars, Toyota, Kelley Blue, Cars, Crosstrek, Civic, Here, Mycarpark, Honda, Book, Best Used, CR-V, First-Time Buyers, Hyundai, Trucks"
18,what car brands are good for first-time buyers,,n.a,"Make, Several, CarEdge, Mazda, Sources, Subaru, Elantra, It, Used Cars, Best Cars, Toyota, Kelley Blue, Cars, Crosstrek, Civic, Here, Mycarpark, Honda, Book, Best Used, CR-V, First-Time Buyers, Hyundai, Trucks"
19,what are the best car brands for students,https://www.kbb.com/best-cars/college-students/,,"Known, Several, Mazda, IIHS, Subaru, Elantra, It, Subaru Legacy, EyeSight, Toyota, Legacy, Symmetrical, Safety Pick, Hyundai Elantra, Honda Civic, Civic, Here, Focus, Combining, IIHS Top, Prius, Honda, Hyundai, Toyota Prius"
19,what are the best car brands for students,https://www.thezebra.com/resources/car-insurance/10-best-cars-for-college-students/,,"Known, Several, Mazda, IIHS, Subaru, Elantra, It, Subaru Legacy, EyeSight, Toyota, Legacy, Symmetrical, Safety Pick, Hyundai Elantra, Honda Civic, Civic, Here, Focus, Combining, IIHS Top, Prius, Honda, Hyundai, Toyota Prius"
19,what are the best car brands for students,https://www.kidney.org/news-stories/top-five-cars-college-students,,"Known, Several, Mazda, IIHS, Subaru, Elantra, It, Subaru Legacy, EyeSight, Toyota, Legacy, Symmetrical, Safety Pick, Hyundai Elantra, Honda Civic, Civic, Here, Focus, Combining, IIHS Top, Prius, Honda, Hyundai, Toyota Prius"
19,what are the best car brands for students,https://www.youtube.com/watch?v=TiEodOABCfs,,"Known, Several, Mazda, IIHS, Subaru, Elantra, It, Subaru Legacy, EyeSight, Toyota, Legacy, Symmetrical, Safety Pick, Hyundai Elantra, Honda Civic, Civic, Here, Focus, Combining, IIHS Top, Prius, Honda, Hyundai, Toyota Prius"
19,what are the best car brands for students,https://www.sherpaautotransport.com/guides/best-cars-for-college-students/,,"Known, Several, Mazda, IIHS, Subaru, Elantra, It, Subaru Legacy, EyeSight, Toyota, Legacy, Symmetrical, Safety Pick, Hyundai Elantra, Honda Civic, Civic, Here, Focus, Combining, IIHS Top, Prius, Honda, Hyundai, Toyota Prius"
19,what are the best car brands for students,,n.a,"Known, Several, Mazda, IIHS, Subaru, Elantra, It, Subaru Legacy, EyeSight, Toyota, Legacy, Symmetrical, Safety Pick, Hyundai Elantra, Honda Civic, Civic, Here, Focus, Combining, IIHS Top, Prius, Honda, Hyundai, Toyota Prius"
19,what are the best car brands for students,,n.a,"Known, Several, Mazda, IIHS, Subaru, Elantra, It, Subaru Legacy, EyeSight, Toyota, Legacy, Symmetrical, Safety Pick, Hyundai Elantra, Honda Civic, Civic, Here, Focus, Combining, IIHS Top, Prius, Honda, Hyundai, Toyota Prius"
19,what are the best car brands for students,,n.a,"Known, Several, Mazda, IIHS, Subaru, Elantra, It, Subaru Legacy, EyeSight, Toyota, Legacy, Symmetrical, Safety Pick, Hyundai Elantra, Honda Civic, Civic, Here, Focus, Combining, IIHS Top, Prius, Honda, Hyundai, Toyota Prius"
19,what are the best car brands for students,,n.a,"Known, Several, Mazda, IIHS, Subaru, Elantra, It, Subaru Legacy, EyeSight, Toyota, Legacy, Symmetrical, Safety Pick, Hyundai Elantra, Honda Civic, Civic, Here, Focus, Combining, IIHS Top, Prius, Honda, Hyundai, Toyota Prius"
19,what are the best car brands for students,,n.a,"Known, Several, Mazda, IIHS, Subaru, Elantra, It, Subaru Legacy, EyeSight, Toyota, Legacy, Symmetrical, Safety Pick, Hyundai Elantra, Honda Civic, Civic, Here, Focus, Combining, IIHS Top, Prius, Honda, Hyundai, Toyota Prius"
19,what are the best car brands for students,,n.a,"Known, Several, Mazda, IIHS, Subaru, Elantra, It, Subaru Legacy, EyeSight, Toyota, Legacy, Symmetrical, Safety Pick, Hyundai Elantra, Honda Civic, Civic, Here, Focus, Combining, IIHS Top, Prius, Honda, Hyundai, Toyota Prius"
20,which car brands are leading in electric vehicles,https://www.edmunds.com/electric-car/articles/top-electric-car-companies.html,,"August, Wuling, Galaxy, Geely, Tesla, Li Auto, September, Model, BEV, Group, VW Group, EV, BYD, This, BMW Group, Cybertruck, While, Volkswagen Group"
20,which car brands are leading in electric vehicles,https://www.topgear.com/car-news/electric/top-gears-top-20-electric-cars,,"August, Wuling, Galaxy, Geely, Tesla, Li Auto, September, Model, BEV, Group, VW Group, EV, BYD, This, BMW Group, Cybertruck, While, Volkswagen Group"
20,which car brands are leading in electric vehicles,https://autovista24.autovistagroup.com/news/which-automotive-brands-are-leading-the-global-ev-market/,,"August, Wuling, Galaxy, Geely, Tesla, Li Auto, September, Model, BEV, Group, VW Group, EV, BYD, This, BMW Group, Cybertruck, While, Volkswagen Group"
20,which car brands are leading in electric vehicles,https://www.caranddriver.com/rankings/best-electric-cars,,"August, Wuling, Galaxy, Geely, Tesla, Li Auto, September, Model, BEV, Group, VW Group, EV, BYD, This, BMW Group, Cybertruck, While, Volkswagen Group"
20,which car brands are leading in electric vehicles,https://alcottglobal.com/infographic/top-20-automotive-brands-in-the-world-by-electric-vehicle-sales,,"August, Wuling, Galaxy, Geely, Tesla, Li Auto, September, Model, BEV, Group, VW Group, EV, BYD, This, BMW Group, Cybertruck, While, Volkswagen Group"
20,which car brands are leading in electric vehicles,,n.a,"August, Wuling, Galaxy, Geely, Tesla, Li Auto, September, Model, BEV, Group, VW Group, EV, BYD, This, BMW Group, Cybertruck, While, Volkswagen Group"
20,which car brands are leading in electric vehicles,,n.a,"August, Wuling, Galaxy, Geely, Tesla, Li Auto, September, Model, BEV, Group, VW Group, EV, BYD, This, BMW Group, Cybertruck, While, Volkswagen Group"
20,which car brands are leading in electric vehicles,,n.a,"August, Wuling, Galaxy, Geely, Tesla, Li Auto, September, Model, BEV, Group, VW Group, EV, BYD, This, BMW Group, Cybertruck, While, Volkswagen Group"
21,what car brands have the best fuel economy,https://www.quantrellforlife.com/best-cars-for-gas-mileage/,,"Driver, Best MPG, Known, Several, Mazda, Sources, Which Automaker, Models, Subaru, BMW, Cinch, Gas Mileage, Infiniti, TDI SE, Toyota, Cars, Kia, Top, Nissan, Mileage, Quantrell, Genesis, Volkswagen, Acura, Best Gas, Has, Honda, Life, Tesla, Top Fuel-Efficient, Skoda Octavia, Hyundai, Car, Toyota Prius"
21,what car brands have the best fuel economy,https://www.caranddriver.com/rankings/best-sedans/gas-mileage,,"Driver, Best MPG, Known, Several, Mazda, Sources, Which Automaker, Models, Subaru, BMW, Cinch, Gas Mileage, Infiniti, TDI SE, Toyota, Cars, Kia, Top, Nissan, Mileage, Quantrell, Genesis, Volkswagen, Acura, Best Gas, Has, Honda, Life, Tesla, Top Fuel-Efficient, Skoda Octavia, Hyundai, Car, Toyota Prius"
21,what car brands have the best fuel economy,https://www.cars.com/articles/which-automaker-has-the-best-mpg-cars-431460/,,"Driver, Best MPG, Known, Several, Mazda, Sources, Which Automaker, Models, Subaru, BMW, Cinch, Gas Mileage, Infiniti, TDI SE, Toyota, Cars, Kia, Top, Nissan, Mileage, Quantrell, Genesis, Volkswagen, Acura, Best Gas, Has, Honda, Life, Tesla, Top Fuel-Efficient, Skoda Octavia, Hyundai, Car, Toyota Prius"
21,what car brands have the best fuel economy,https://fueleconomy.gov/feg/best/bestworstnf.shtml,,"Driver, Best MPG, Known, Several, Mazda, Sources, Which Automaker, Models, Subaru, BMW, Cinch, Gas Mileage, Infiniti, TDI SE, Toyota, Cars, Kia, Top, Nissan, Mileage, Quantrell, Genesis, Volkswagen, Acura, Best Gas, Has, Honda, Life, Tesla, Top Fuel-Efficient, Skoda Octavia, Hyundai, Car, Toyota Prius"
21,what car brands have the best fuel economy,https://www.cinch.co.uk/guides/choosing-a-car/10-of-the-most-fuel-efficient-cars-to-buy-in-2022,,"Driver, Best MPG, Known, Several, Mazda, Sources, Which Automaker, Models, Subaru, BMW, Cinch, Gas Mileage, Infiniti, TDI SE, Toyota, Cars, Kia, Top, Nissan, Mileage, Quantrell, Genesis, Volkswagen, Acura, Best Gas, Has, Honda, Life, Tesla, Top Fuel-Efficient, Skoda Octavia, Hyundai, Car, Toyota Prius"
21,what car brands have the best fuel economy,,n.a,"Driver, Best MPG, Known, Several, Mazda, Sources, Which Automaker, Models, Subaru, BMW, Cinch, Gas Mileage, Infiniti, TDI SE, Toyota, Cars, Kia, Top, Nissan, Mileage, Quantrell, Genesis, Volkswagen, Acura, Best Gas, Has, Honda, Life, Tesla, Top Fuel-Efficient, Skoda Octavia, Hyundai, Car, Toyota Prius"
21,what car brands have the best fuel economy,,n.a,"Driver, Best MPG, Known, Several, Mazda, Sources, Which Automaker, Models, Subaru, BMW, Cinch, Gas Mileage, Infiniti, TDI SE, Toyota, Cars, Kia, Top, Nissan, Mileage, Quantrell, Genesis, Volkswagen, Acura, Best Gas, Has, Honda, Life, Tesla, Top Fuel-Efficient, Skoda Octavia, Hyundai, Car, Toyota Prius"
21,what car brands have the best fuel economy,,n.a,"Driver, Best MPG, Known, Several, Mazda, Sources, Which Automaker, Models, Subaru, BMW, Cinch, Gas Mileage, Infiniti, TDI SE, Toyota, Cars, Kia, Top, Nissan, Mileage, Quantrell, Genesis, Volkswagen, Acura, Best Gas, Has, Honda, Life, Tesla, Top Fuel-Efficient, Skoda Octavia, Hyundai, Car, Toyota Prius"
21,what car brands have the best fuel economy,,n.a,"Driver, Best MPG, Known, Several, Mazda, Sources, Which Automaker, Models, Subaru, BMW, Cinch, Gas Mileage, Infiniti, TDI SE, Toyota, Cars, Kia, Top, Nissan, Mileage, Quantrell, Genesis, Volkswagen, Acura, Best Gas, Has, Honda, Life, Tesla, Top Fuel-Efficient, Skoda Octavia, Hyundai, Car, Toyota Prius"
21,what car brands have the best fuel economy,,n.a,"Driver, Best MPG, Known, Several, Mazda, Sources, Which Automaker, Models, Subaru, BMW, Cinch, Gas Mileage, Infiniti, TDI SE, Toyota, Cars, Kia, Top, Nissan, Mileage, Quantrell, Genesis, Volkswagen, Acura, Best Gas, Has, Honda, Life, Tesla, Top Fuel-Efficient, Skoda Octavia, Hyundai, Car, Toyota Prius"
21,what car brands have the best fuel economy,,n.a,"Driver, Best MPG, Known, Several, Mazda, Sources, Which Automaker, Models, Subaru, BMW, Cinch, Gas Mileage, Infiniti, TDI SE, Toyota, Cars, Kia, Top, Nissan, Mileage, Quantrell, Genesis, Volkswagen, Acura, Best Gas, Has, Honda, Life, Tesla, Top Fuel-Efficient, Skoda Octavia, Hyundai, Car, Toyota Prius"
21,what car brands have the best fuel economy,,n.a,"Driver, Best MPG, Known, Several, Mazda, Sources, Which Automaker, Models, Subaru, BMW, Cinch, Gas Mileage, Infiniti, TDI SE, Toyota, Cars, Kia, Top, Nissan, Mileage, Quantrell, Genesis, Volkswagen, Acura, Best Gas, Has, Honda, Life, Tesla, Top Fuel-Efficient, Skoda Octavia, Hyundai, Car, Toyota Prius"
22,which car brands offer hybrid models,https://www.caranddriver.com/rankings/best-hybrid-cars,,"Honda CR-V, As, Known, Lexus, Several, SUVs, Mazda, Mazda CX-, Hybrid, Toyota Camry, Toyota, Kia, Lexus ES, Hyundai Elantra, Honda Civic, Lexus RX, Here, Honda, Cross Hybrid, Hyundai Tucson, Lexus NX, Although, Hyundai, Toyota Prius"
22,which car brands offer hybrid models,https://www.kbb.com/hybrid/,,"Honda CR-V, As, Known, Lexus, Several, SUVs, Mazda, Mazda CX-, Hybrid, Toyota Camry, Toyota, Kia, Lexus ES, Hyundai Elantra, Honda Civic, Lexus RX, Here, Honda, Cross Hybrid, Hyundai Tucson, Lexus NX, Although, Hyundai, Toyota Prius"
22,which car brands offer hybrid models,https://www.edmunds.com/hybrid/,,"Honda CR-V, As, Known, Lexus, Several, SUVs, Mazda, Mazda CX-, Hybrid, Toyota Camry, Toyota, Kia, Lexus ES, Hyundai Elantra, Honda Civic, Lexus RX, Here, Honda, Cross Hybrid, Hyundai Tucson, Lexus NX, Although, Hyundai, Toyota Prius"
22,which car brands offer hybrid models,https://www.topspeed.com/hybrid-vehicles-threads/,,"Honda CR-V, As, Known, Lexus, Several, SUVs, Mazda, Mazda CX-, Hybrid, Toyota Camry, Toyota, Kia, Lexus ES, Hyundai Elantra, Honda Civic, Lexus RX, Here, Honda, Cross Hybrid, Hyundai Tucson, Lexus NX, Although, Hyundai, Toyota Prius"
22,which car brands offer hybrid models,https://www.consumerreports.org/cars/hybrids-evs/buying-guide/,,"Honda CR-V, As, Known, Lexus, Several, SUVs, Mazda, Mazda CX-, Hybrid, Toyota Camry, Toyota, Kia, Lexus ES, Hyundai Elantra, Honda Civic, Lexus RX, Here, Honda, Cross Hybrid, Hyundai Tucson, Lexus NX, Although, Hyundai, Toyota Prius"
22,which car brands offer hybrid models,,n.a,"Honda CR-V, As, Known, Lexus, Several, SUVs, Mazda, Mazda CX-, Hybrid, Toyota Camry, Toyota, Kia, Lexus ES, Hyundai Elantra, Honda Civic, Lexus RX, Here, Honda, Cross Hybrid, Hyundai Tucson, Lexus NX, Although, Hyundai, Toyota Prius"
22,which car brands offer hybrid models,,n.a,"Honda CR-V, As, Known, Lexus, Several, SUVs, Mazda, Mazda CX-, Hybrid, Toyota Camry, Toyota, Kia, Lexus ES, Hyundai Elantra, Honda Civic, Lexus RX, Here, Honda, Cross Hybrid, Hyundai Tucson, Lexus NX, Although, Hyundai, Toyota Prius"
22,which car brands offer hybrid models,,n.a,"Honda CR-V, As, Known, Lexus, Several, SUVs, Mazda, Mazda CX-, Hybrid, Toyota Camry, Toyota, Kia, Lexus ES, Hyundai Elantra, Honda Civic, Lexus RX, Here, Honda, Cross Hybrid, Hyundai Tucson, Lexus NX, Although, Hyundai, Toyota Prius"
22,which car brands offer hybrid models,,n.a,"Honda CR-V, As, Known, Lexus, Several, SUVs, Mazda, Mazda CX-, Hybrid, Toyota Camry, Toyota, Kia, Lexus ES, Hyundai Elantra, Honda Civic, Lexus RX, Here, Honda, Cross Hybrid, Hyundai Tucson, Lexus NX, Although, Hyundai, Toyota Prius"
23,what are the top sports car brands,https://www.carlogos.org/sports-car-brands/,,"Known, Mazda, Subaru, Type, BRZ, Toyota, Supra, McLaren, Renowned, Nissan, Spider, Here, Aston Martin, Fiat, Honda, Chevrolet, Famous, Miata, GT-R, Ferrari, Hyundai"
23,what are the top sports car brands,https://www.caranddriver.com/rankings/best-sports-cars/premium,,"Known, Mazda, Subaru, Type, BRZ, Toyota, Supra, McLaren, Renowned, Nissan, Spider, Here, Aston Martin, Fiat, Honda, Chevrolet, Famous, Miata, GT-R, Ferrari, Hyundai"
23,what are the top sports car brands,https://www.topgear.com/car-reviews/find/body/sports,,"Known, Mazda, Subaru, Type, BRZ, Toyota, Supra, McLaren, Renowned, Nissan, Spider, Here, Aston Martin, Fiat, Honda, Chevrolet, Famous, Miata, GT-R, Ferrari, Hyundai"
23,what are the top sports car brands,https://www.topspeed.com/best-sports-cars-each-major-auto-brand/,,"Known, Mazda, Subaru, Type, BRZ, Toyota, Supra, McLaren, Renowned, Nissan, Spider, Here, Aston Martin, Fiat, Honda, Chevrolet, Famous, Miata, GT-R, Ferrari, Hyundai"
23,what are the top sports car brands,,n.a,"Known, Mazda, Subaru, Type, BRZ, Toyota, Supra, McLaren, Renowned, Nissan, Spider, Here, Aston Martin, Fiat, Honda, Chevrolet, Famous, Miata, GT-R, Ferrari, Hyundai"
23,what are the top sports car brands,,n.a,"Known, Mazda, Subaru, Type, BRZ, Toyota, Supra, McLaren, Renowned, Nissan, Spider, Here, Aston Martin, Fiat, Honda, Chevrolet, Famous, Miata, GT-R, Ferrari, Hyundai"
23,what are the top sports car brands,,n.a,"Known, Mazda, Subaru, Type, BRZ, Toyota, Supra, McLaren, Renowned, Nissan, Spider, Here, Aston Martin, Fiat, Honda, Chevrolet, Famous, Miata, GT-R, Ferrari, Hyundai"
24,which car brands have the most models,https://www.consumerreports.org/cro/news/2011/06/what-company-builds-the-most-car-models-in-the-united-states/index.htm,,"Honda, Chevrolet, Toyota, American-Made Index, GMC, Acura, Based, Here, Tied, United States, However, While Honda, Cars, Leads"
24,which car brands have the most models,https://hondainamerica.com/news/honda-ties-for-most-models-in-top-10-in-cars-com-2024-american-made-index-leads-all-brands-with-nine-vehicles-in-the-top-20/,,"Honda, Chevrolet, Toyota, American-Made Index, GMC, Acura, Based, Here, Tied, United States, However, While Honda, Cars, Leads"
24,which car brands have the most models,https://www.catawiki.com/en/stories/4693-top-5-most-produced-car-models,,"Honda, Chevrolet, Toyota, American-Made Index, GMC, Acura, Based, Here, Tied, United States, However, While Honda, Cars, Leads"
24,which car brands have the most models,https://www.consumerreports.org/cars/cars-driving/which-car-brands-make-the-best-vehicles-a6159221985/,,"Honda, Chevrolet, Toyota, American-Made Index, GMC, Acura, Based, Here, Tied, United States, However, While Honda, Cars, Leads"
24,which car brands have the most models,https://today.yougov.com/ratings/travel/popularity/car-models/all,,"Honda, Chevrolet, Toyota, American-Made Index, GMC, Acura, Based, Here, Tied, United States, However, While Honda, Cars, Leads"
24,which car brands have the most models,,n.a,"Honda, Chevrolet, Toyota, American-Made Index, GMC, Acura, Based, Here, Tied, United States, However, While Honda, Cars, Leads"
24,which car brands have the most models,,n.a,"Honda, Chevrolet, Toyota, American-Made Index, GMC, Acura, Based, Here, Tied, United States, However, While Honda, Cars, Leads"
24,which car brands have the most models,,n.a,"Honda, Chevrolet, Toyota, American-Made Index, GMC, Acura, Based, Here, Tied, United States, However, While Honda, Cars, Leads"
25,what car brands are considered luxury,https://www.rusnakcars.com/manufacturer-information/what-is-a-luxury-car/,,"As, Known, Lexus, Several, SUVs, BMW, Mercedes-Benz, Macan Electric, It, Flying Spur, German, Representing, While, Integra Type, Bentley, Genesis, Series, Macan, Acura, Here, Cayenne, Bentayga, British, Honda, Taycan, Japan, Ferrari, Tesla, Continental GT, NSX"
25,what car brands are considered luxury,https://www.edmunds.com/car-buying/luxury-car-brands.html,,"As, Known, Lexus, Several, SUVs, BMW, Mercedes-Benz, Macan Electric, It, Flying Spur, German, Representing, While, Integra Type, Bentley, Genesis, Series, Macan, Acura, Here, Cayenne, Bentayga, British, Honda, Taycan, Japan, Ferrari, Tesla, Continental GT, NSX"
25,what car brands are considered luxury,https://clementpreowned.com/blog/best-luxury-car-brands,,"As, Known, Lexus, Several, SUVs, BMW, Mercedes-Benz, Macan Electric, It, Flying Spur, German, Representing, While, Integra Type, Bentley, Genesis, Series, Macan, Acura, Here, Cayenne, Bentayga, British, Honda, Taycan, Japan, Ferrari, Tesla, Continental GT, NSX"
25,what car brands are considered luxury,https://en.wikipedia.org/wiki/Luxury_car,,"As, Known, Lexus, Several, SUVs, BMW, Mercedes-Benz, Macan Electric, It, Flying Spur, German, Representing, While, Integra Type, Bentley, Genesis, Series, Macan, Acura, Here, Cayenne, Bentayga, British, Honda, Taycan, Japan, Ferrari, Tesla, Continental GT, NSX"
25,what car brands are considered luxury,https://www.carsguide.com.au/car-advice/the-worlds-top-10-luxury-car-brands-89659,,"As, Known, Lexus, Several, SUVs, BMW, Mercedes-Benz, Macan Electric, It, Flying Spur, German, Representing, While, Integra Type, Bentley, Genesis, Series, Macan, Acura, Here, Cayenne, Bentayga, British, Honda, Taycan, Japan, Ferrari, Tesla, Continental GT, NSX"
25,what car brands are considered luxury,,n.a,"As, Known, Lexus, Several, SUVs, BMW, Mercedes-Benz, Macan Electric, It, Flying Spur, German, Representing, While, Integra Type, Bentley, Genesis, Series, Macan, Acura, Here, Cayenne, Bentayga, British, Honda, Taycan, Japan, Ferrari, Tesla, Continental GT, NSX"
25,what car brands are considered luxury,,n.a,"As, Known, Lexus, Several, SUVs, BMW, Mercedes-Benz, Macan Electric, It, Flying Spur, German, Representing, While, Integra Type, Bentley, Genesis, Series, Macan, Acura, Here, Cayenne, Bentayga, British, Honda, Taycan, Japan, Ferrari, Tesla, Continental GT, NSX"
25,what car brands are considered luxury,,n.a,"As, Known, Lexus, Several, SUVs, BMW, Mercedes-Benz, Macan Electric, It, Flying Spur, German, Representing, While, Integra Type, Bentley, Genesis, Series, Macan, Acura, Here, Cayenne, Bentayga, British, Honda, Taycan, Japan, Ferrari, Tesla, Continental GT, NSX"
25,what car brands are considered luxury,,n.a,"As, Known, Lexus, Several, SUVs, BMW, Mercedes-Benz, Macan Electric, It, Flying Spur, German, Representing, While, Integra Type, Bentley, Genesis, Series, Macan, Acura, Here, Cayenne, Bentayga, British, Honda, Taycan, Japan, Ferrari, Tesla, Continental GT, NSX"
25,what car brands are considered luxury,,n.a,"As, Known, Lexus, Several, SUVs, BMW, Mercedes-Benz, Macan Electric, It, Flying Spur, German, Representing, While, Integra Type, Bentley, Genesis, Series, Macan, Acura, Here, Cayenne, Bentayga, British, Honda, Taycan, Japan, Ferrari, Tesla, Continental GT, NSX"
25,what car brands are considered luxury,,n.a,"As, Known, Lexus, Several, SUVs, BMW, Mercedes-Benz, Macan Electric, It, Flying Spur, German, Representing, While, Integra Type, Bentley, Genesis, Series, Macan, Acura, Here, Cayenne, Bentayga, British, Honda, Taycan, Japan, Ferrari, Tesla, Continental GT, NSX"
25,what car brands are considered luxury,,n.a,"As, Known, Lexus, Several, SUVs, BMW, Mercedes-Benz, Macan Electric, It, Flying Spur, German, Representing, While, Integra Type, Bentley, Genesis, Series, Macan, Acura, Here, Cayenne, Bentayga, British, Honda, Taycan, Japan, Ferrari, Tesla, Continental GT, NSX"
25,what car brands are considered luxury,,n.a,"As, Known, Lexus, Several, SUVs, BMW, Mercedes-Benz, Macan Electric, It, Flying Spur, German, Representing, While, Integra Type, Bentley, Genesis, Series, Macan, Acura, Here, Cayenne, Bentayga, British, Honda, Taycan, Japan, Ferrari, Tesla, Continental GT, NSX"
26,which car brands are known for performance,https://www.topgear.com/car-news/usa/here-are-20-best-performance-cars-available-us-right-now,,"Driver, Boxster, Most, GT, Several, Lotus Emira, WRX, Cayman, Sources, Subaru, BMW, Mercedes-AMG, Lotus, It, Toyota, Supra, Cars, While, Toyota GR, Martin Vanquish, Reliability Survey, Best High, Here, Aston Martin, Top Gear, Chevrolet, US, Note, What Car, Car"
26,which car brands are known for performance,https://www.consumerreports.org/cars/cars-driving/which-car-brands-make-the-best-vehicles-a6159221985/,,"Driver, Boxster, Most, GT, Several, Lotus Emira, WRX, Cayman, Sources, Subaru, BMW, Mercedes-AMG, Lotus, It, Toyota, Supra, Cars, While, Toyota GR, Martin Vanquish, Reliability Survey, Best High, Here, Aston Martin, Top Gear, Chevrolet, US, Note, What Car, Car"
26,which car brands are known for performance,https://www.caranddriver.com/rankings/best-sports-cars/performance,,"Driver, Boxster, Most, GT, Several, Lotus Emira, WRX, Cayman, Sources, Subaru, BMW, Mercedes-AMG, Lotus, It, Toyota, Supra, Cars, While, Toyota GR, Martin Vanquish, Reliability Survey, Best High, Here, Aston Martin, Top Gear, Chevrolet, US, Note, What Car, Car"
26,which car brands are known for performance,https://www.whatcar.com/news/reliability-survey-most-reliable-cars-brands/n26159,,"Driver, Boxster, Most, GT, Several, Lotus Emira, WRX, Cayman, Sources, Subaru, BMW, Mercedes-AMG, Lotus, It, Toyota, Supra, Cars, While, Toyota GR, Martin Vanquish, Reliability Survey, Best High, Here, Aston Martin, Top Gear, Chevrolet, US, Note, What Car, Car"
26,which car brands are known for performance,,n.a,"Driver, Boxster, Most, GT, Several, Lotus Emira, WRX, Cayman, Sources, Subaru, BMW, Mercedes-AMG, Lotus, It, Toyota, Supra, Cars, While, Toyota GR, Martin Vanquish, Reliability Survey, Best High, Here, Aston Martin, Top Gear, Chevrolet, US, Note, What Car, Car"
26,which car brands are known for performance,,n.a,"Driver, Boxster, Most, GT, Several, Lotus Emira, WRX, Cayman, Sources, Subaru, BMW, Mercedes-AMG, Lotus, It, Toyota, Supra, Cars, While, Toyota GR, Martin Vanquish, Reliability Survey, Best High, Here, Aston Martin, Top Gear, Chevrolet, US, Note, What Car, Car"
26,which car brands are known for performance,,n.a,"Driver, Boxster, Most, GT, Several, Lotus Emira, WRX, Cayman, Sources, Subaru, BMW, Mercedes-AMG, Lotus, It, Toyota, Supra, Cars, While, Toyota GR, Martin Vanquish, Reliability Survey, Best High, Here, Aston Martin, Top Gear, Chevrolet, US, Note, What Car, Car"
26,which car brands are known for performance,,n.a,"Driver, Boxster, Most, GT, Several, Lotus Emira, WRX, Cayman, Sources, Subaru, BMW, Mercedes-AMG, Lotus, It, Toyota, Supra, Cars, While, Toyota GR, Martin Vanquish, Reliability Survey, Best High, Here, Aston Martin, Top Gear, Chevrolet, US, Note, What Car, Car"
26,which car brands are known for performance,,n.a,"Driver, Boxster, Most, GT, Several, Lotus Emira, WRX, Cayman, Sources, Subaru, BMW, Mercedes-AMG, Lotus, It, Toyota, Supra, Cars, While, Toyota GR, Martin Vanquish, Reliability Survey, Best High, Here, Aston Martin, Top Gear, Chevrolet, US, Note, What Car, Car"
27,what car brands are most popular in Asia,https://www.next-drive.co.jp/blog/car-brands-in-asia,,"As, Known, Asia, Lexus, Founded, Chinese, Vietnam, Perodua, It, Philippines, Geely, Malaysia, Toyota, Indonesia, Kia, Asian, Here, Honda, May, Hyundai"
27,what car brands are most popular in Asia,https://www.campaignasia.com/article/top-10-car-brands-in-southeast-asia/499419,,"As, Known, Asia, Lexus, Founded, Chinese, Vietnam, Perodua, It, Philippines, Geely, Malaysia, Toyota, Indonesia, Kia, Asian, Here, Honda, May, Hyundai"
27,what car brands are most popular in Asia,https://www.statista.com/statistics/1236092/asia-top-automakers-by-sales/,,"As, Known, Asia, Lexus, Founded, Chinese, Vietnam, Perodua, It, Philippines, Geely, Malaysia, Toyota, Indonesia, Kia, Asian, Here, Honda, May, Hyundai"
27,what car brands are most popular in Asia,https://www.sandgateautoelectrics.com.au/top-10-most-reliable-asian-car-brands/,,"As, Known, Asia, Lexus, Founded, Chinese, Vietnam, Perodua, It, Philippines, Geely, Malaysia, Toyota, Indonesia, Kia, Asian, Here, Honda, May, Hyundai"
27,what car brands are most popular in Asia,https://www.jato.com/resources/news-and-insights/asian-car-brands-continue-to-grow-in-the-european-car-market,,"As, Known, Asia, Lexus, Founded, Chinese, Vietnam, Perodua, It, Philippines, Geely, Malaysia, Toyota, Indonesia, Kia, Asian, Here, Honda, May, Hyundai"
27,what car brands are most popular in Asia,,n.a,"As, Known, Asia, Lexus, Founded, Chinese, Vietnam, Perodua, It, Philippines, Geely, Malaysia, Toyota, Indonesia, Kia, Asian, Here, Honda, May, Hyundai"
27,what car brands are most popular in Asia,,n.a,"As, Known, Asia, Lexus, Founded, Chinese, Vietnam, Perodua, It, Philippines, Geely, Malaysia, Toyota, Indonesia, Kia, Asian, Here, Honda, May, Hyundai"
27,what car brands are most popular in Asia,,n.a,"As, Known, Asia, Lexus, Founded, Chinese, Vietnam, Perodua, It, Philippines, Geely, Malaysia, Toyota, Indonesia, Kia, Asian, Here, Honda, May, Hyundai"
28,which car brands are the most innovative,https://www.leasefetcher.co.uk/content/innovative-car-manufacturers,,"Known, SUVs, Chinese, Hyundai Santa, BMW, Mercedes-Benz, Rivian, Seagull, It, Toyota, Kia, East Asian, My BMW, EV, Here, Fe, Honda, Source, SUV, BYD, Hyundai"
28,which car brands are the most innovative,https://www.topspeed.com/most-innovative-automotive-brands/,,"Known, SUVs, Chinese, Hyundai Santa, BMW, Mercedes-Benz, Rivian, Seagull, It, Toyota, Kia, East Asian, My BMW, EV, Here, Fe, Honda, Source, SUV, BYD, Hyundai"
28,which car brands are the most innovative,https://www.fastcompany.com/91269087/automotive-most-innovative-companies-2025,,"Known, SUVs, Chinese, Hyundai Santa, BMW, Mercedes-Benz, Rivian, Seagull, It, Toyota, Kia, East Asian, My BMW, EV, Here, Fe, Honda, Source, SUV, BYD, Hyundai"
28,which car brands are the most innovative,https://www.vertumotors.com/news/revealed-the-car-brands-driving-automotive-innovation/,,"Known, SUVs, Chinese, Hyundai Santa, BMW, Mercedes-Benz, Rivian, Seagull, It, Toyota, Kia, East Asian, My BMW, EV, Here, Fe, Honda, Source, SUV, BYD, Hyundai"
28,which car brands are the most innovative,https://www.youtube.com/watch?v=MmeX25ItUjo,,"Known, SUVs, Chinese, Hyundai Santa, BMW, Mercedes-Benz, Rivian, Seagull, It, Toyota, Kia, East Asian, My BMW, EV, Here, Fe, Honda, Source, SUV, BYD, Hyundai"
28,which car brands are the most innovative,,n.a,"Known, SUVs, Chinese, Hyundai Santa, BMW, Mercedes-Benz, Rivian, Seagull, It, Toyota, Kia, East Asian, My BMW, EV, Here, Fe, Honda, Source, SUV, BYD, Hyundai"
28,which car brands are the most innovative,,n.a,"Known, SUVs, Chinese, Hyundai Santa, BMW, Mercedes-Benz, Rivian, Seagull, It, Toyota, Kia, East Asian, My BMW, EV, Here, Fe, Honda, Source, SUV, BYD, Hyundai"
28,which car brands are the most innovative,,n.a,"Known, SUVs, Chinese, Hyundai Santa, BMW, Mercedes-Benz, Rivian, Seagull, It, Toyota, Kia, East Asian, My BMW, EV, Here, Fe, Honda, Source, SUV, BYD, Hyundai"
28,which car brands are the most innovative,,n.a,"Known, SUVs, Chinese, Hyundai Santa, BMW, Mercedes-Benz, Rivian, Seagull, It, Toyota, Kia, East Asian, My BMW, EV, Here, Fe, Honda, Source, SUV, BYD, Hyundai"
28,which car brands are the most innovative,,n.a,"Known, SUVs, Chinese, Hyundai Santa, BMW, Mercedes-Benz, Rivian, Seagull, It, Toyota, Kia, East Asian, My BMW, EV, Here, Fe, Honda, Source, SUV, BYD, Hyundai"
28,which car brands are the most innovative,,n.a,"Known, SUVs, Chinese, Hyundai Santa, BMW, Mercedes-Benz, Rivian, Seagull, It, Toyota, Kia, East Asian, My BMW, EV, Here, Fe, Honda, Source, SUV, BYD, Hyundai"
28,which car brands are the most innovative,,n.a,"Known, SUVs, Chinese, Hyundai Santa, BMW, Mercedes-Benz, Rivian, Seagull, It, Toyota, Kia, East Asian, My BMW, EV, Here, Fe, Honda, Source, SUV, BYD, Hyundai"
28,which car brands are the most innovative,,n.a,"Known, SUVs, Chinese, Hyundai Santa, BMW, Mercedes-Benz, Rivian, Seagull, It, Toyota, Kia, East Asian, My BMW, EV, Here, Fe, Honda, Source, SUV, BYD, Hyundai"
28,which car brands are the most innovative,,n.a,"Known, SUVs, Chinese, Hyundai Santa, BMW, Mercedes-Benz, Rivian, Seagull, It, Toyota, Kia, East Asian, My BMW, EV, Here, Fe, Honda, Source, SUV, BYD, Hyundai"
28,which car brands are the most innovative,,n.a,"Known, SUVs, Chinese, Hyundai Santa, BMW, Mercedes-Benz, Rivian, Seagull, It, Toyota, Kia, East Asian, My BMW, EV, Here, Fe, Honda, Source, SUV, BYD, Hyundai"
28,which car brands are the most innovative,,n.a,"Known, SUVs, Chinese, Hyundai Santa, BMW, Mercedes-Benz, Rivian, Seagull, It, Toyota, Kia, East Asian, My BMW, EV, Here, Fe, Honda, Source, SUV, BYD, Hyundai"
29,what are the top SUV car brands,https://www.caranddriver.com/rankings/best-suvs,,"Driver, Honda CR-V, Mid-Size SUVs, Dodge Durango, SUVs, Mazda, Subcompact SUVs, Mazda CX-, Mitsubishi, Hyundai Kona, Toyota, Kelley Blue, Kia, Kia Seltos, Dodge, Here, Compact SUVs, Honda, Chevrolet, Hyundai Palisade, Kia Telluride, Book, Full-Size SUVs, SUV, Hyundai, Car, Chevrolet Tahoe"
29,what are the top SUV car brands,https://www.kbb.com/suv/,,"Driver, Honda CR-V, Mid-Size SUVs, Dodge Durango, SUVs, Mazda, Subcompact SUVs, Mazda CX-, Mitsubishi, Hyundai Kona, Toyota, Kelley Blue, Kia, Kia Seltos, Dodge, Here, Compact SUVs, Honda, Chevrolet, Hyundai Palisade, Kia Telluride, Book, Full-Size SUVs, SUV, Hyundai, Car, Chevrolet Tahoe"
29,what are the top SUV car brands,https://www.consumerreports.org/cars/suvs/,,"Driver, Honda CR-V, Mid-Size SUVs, Dodge Durango, SUVs, Mazda, Subcompact SUVs, Mazda CX-, Mitsubishi, Hyundai Kona, Toyota, Kelley Blue, Kia, Kia Seltos, Dodge, Here, Compact SUVs, Honda, Chevrolet, Hyundai Palisade, Kia Telluride, Book, Full-Size SUVs, SUV, Hyundai, Car, Chevrolet Tahoe"
29,what are the top SUV car brands,https://www.edmunds.com/suv/,,"Driver, Honda CR-V, Mid-Size SUVs, Dodge Durango, SUVs, Mazda, Subcompact SUVs, Mazda CX-, Mitsubishi, Hyundai Kona, Toyota, Kelley Blue, Kia, Kia Seltos, Dodge, Here, Compact SUVs, Honda, Chevrolet, Hyundai Palisade, Kia Telluride, Book, Full-Size SUVs, SUV, Hyundai, Car, Chevrolet Tahoe"
29,what are the top SUV car brands,https://caredge.com/best-popular-suvs,,"Driver, Honda CR-V, Mid-Size SUVs, Dodge Durango, SUVs, Mazda, Subcompact SUVs, Mazda CX-, Mitsubishi, Hyundai Kona, Toyota, Kelley Blue, Kia, Kia Seltos, Dodge, Here, Compact SUVs, Honda, Chevrolet, Hyundai Palisade, Kia Telluride, Book, Full-Size SUVs, SUV, Hyundai, Car, Chevrolet Tahoe"
29,what are the top SUV car brands,,n.a,"Driver, Honda CR-V, Mid-Size SUVs, Dodge Durango, SUVs, Mazda, Subcompact SUVs, Mazda CX-, Mitsubishi, Hyundai Kona, Toyota, Kelley Blue, Kia, Kia Seltos, Dodge, Here, Compact SUVs, Honda, Chevrolet, Hyundai Palisade, Kia Telluride, Book, Full-Size SUVs, SUV, Hyundai, Car, Chevrolet Tahoe"
29,what are the top SUV car brands,,n.a,"Driver, Honda CR-V, Mid-Size SUVs, Dodge Durango, SUVs, Mazda, Subcompact SUVs, Mazda CX-, Mitsubishi, Hyundai Kona, Toyota, Kelley Blue, Kia, Kia Seltos, Dodge, Here, Compact SUVs, Honda, Chevrolet, Hyundai Palisade, Kia Telluride, Book, Full-Size SUVs, SUV, Hyundai, Car, Chevrolet Tahoe"
29,what are the top SUV car brands,,n.a,"Driver, Honda CR-V, Mid-Size SUVs, Dodge Durango, SUVs, Mazda, Subcompact SUVs, Mazda CX-, Mitsubishi, Hyundai Kona, Toyota, Kelley Blue, Kia, Kia Seltos, Dodge, Here, Compact SUVs, Honda, Chevrolet, Hyundai Palisade, Kia Telluride, Book, Full-Size SUVs, SUV, Hyundai, Car, Chevrolet Tahoe"
29,what are the top SUV car brands,,n.a,"Driver, Honda CR-V, Mid-Size SUVs, Dodge Durango, SUVs, Mazda, Subcompact SUVs, Mazda CX-, Mitsubishi, Hyundai Kona, Toyota, Kelley Blue, Kia, Kia Seltos, Dodge, Here, Compact SUVs, Honda, Chevrolet, Hyundai Palisade, Kia Telluride, Book, Full-Size SUVs, SUV, Hyundai, Car, Chevrolet Tahoe"
29,what are the top SUV car brands,,n.a,"Driver, Honda CR-V, Mid-Size SUVs, Dodge Durango, SUVs, Mazda, Subcompact SUVs, Mazda CX-, Mitsubishi, Hyundai Kona, Toyota, Kelley Blue, Kia, Kia Seltos, Dodge, Here, Compact SUVs, Honda, Chevrolet, Hyundai Palisade, Kia Telluride, Book, Full-Size SUVs, SUV, Hyundai, Car, Chevrolet Tahoe"
29,what are the top SUV car brands,,n.a,"Driver, Honda CR-V, Mid-Size SUVs, Dodge Durango, SUVs, Mazda, Subcompact SUVs, Mazda CX-, Mitsubishi, Hyundai Kona, Toyota, Kelley Blue, Kia, Kia Seltos, Dodge, Here, Compact SUVs, Honda, Chevrolet, Hyundai Palisade, Kia Telluride, Book, Full-Size SUVs, SUV, Hyundai, Car, Chevrolet Tahoe"
29,what are the top SUV car brands,,n.a,"Driver, Honda CR-V, Mid-Size SUVs, Dodge Durango, SUVs, Mazda, Subcompact SUVs, Mazda CX-, Mitsubishi, Hyundai Kona, Toyota, Kelley Blue, Kia, Kia Seltos, Dodge, Here, Compact SUVs, Honda, Chevrolet, Hyundai Palisade, Kia Telluride, Book, Full-Size SUVs, SUV, Hyundai, Car, Chevrolet Tahoe"
29,what are the top SUV car brands,,n.a,"Driver, Honda CR-V, Mid-Size SUVs, Dodge Durango, SUVs, Mazda, Subcompact SUVs, Mazda CX-, Mitsubishi, Hyundai Kona, Toyota, Kelley Blue, Kia, Kia Seltos, Dodge, Here, Compact SUVs, Honda, Chevrolet, Hyundai Palisade, Kia Telluride, Book, Full-Size SUVs, SUV, Hyundai, Car, Chevrolet Tahoe"
30,which car brands have the best compact cars,https://www.caranddriver.com/rankings/best-sedans/compact,,"Driver, Several, Mazda, Edmunds, It, Toyota, Best Compact, Kelley Blue, Kia, Cars, Hyundai Elantra, Honda Civic, MPG, Here, Honda, Source, Book, Hyundai, Car, Toyota Prius"
30,which car brands have the best compact cars,https://www.kbb.com/cars/best-compact-cars/,,"Driver, Several, Mazda, Edmunds, It, Toyota, Best Compact, Kelley Blue, Kia, Cars, Hyundai Elantra, Honda Civic, MPG, Here, Honda, Source, Book, Hyundai, Car, Toyota Prius"
30,which car brands have the best compact cars,https://www.carmax.com/research/best-compact-cars,,"Driver, Several, Mazda, Edmunds, It, Toyota, Best Compact, Kelley Blue, Kia, Cars, Hyundai Elantra, Honda Civic, MPG, Here, Honda, Source, Book, Hyundai, Car, Toyota Prius"
30,which car brands have the best compact cars,https://www.edmunds.com/compact/,,"Driver, Several, Mazda, Edmunds, It, Toyota, Best Compact, Kelley Blue, Kia, Cars, Hyundai Elantra, Honda Civic, MPG, Here, Honda, Source, Book, Hyundai, Car, Toyota Prius"
30,which car brands have the best compact cars,https://www.youtube.com/watch?v=9-b2CrhsXek,,"Driver, Several, Mazda, Edmunds, It, Toyota, Best Compact, Kelley Blue, Kia, Cars, Hyundai Elantra, Honda Civic, MPG, Here, Honda, Source, Book, Hyundai, Car, Toyota Prius"
30,which car brands have the best compact cars,,n.a,"Driver, Several, Mazda, Edmunds, It, Toyota, Best Compact, Kelley Blue, Kia, Cars, Hyundai Elantra, Honda Civic, MPG, Here, Honda, Source, Book, Hyundai, Car, Toyota Prius"
30,which car brands have the best compact cars,,n.a,"Driver, Several, Mazda, Edmunds, It, Toyota, Best Compact, Kelley Blue, Kia, Cars, Hyundai Elantra, Honda Civic, MPG, Here, Honda, Source, Book, Hyundai, Car, Toyota Prius"
30,which car brands have the best compact cars,,n.a,"Driver, Several, Mazda, Edmunds, It, Toyota, Best Compact, Kelley Blue, Kia, Cars, Hyundai Elantra, Honda Civic, MPG, Here, Honda, Source, Book, Hyundai, Car, Toyota Prius"
30,which car brands have the best compact cars,,n.a,"Driver, Several, Mazda, Edmunds, It, Toyota, Best Compact, Kelley Blue, Kia, Cars, Hyundai Elantra, Honda Civic, MPG, Here, Honda, Source, Book, Hyundai, Car, Toyota Prius"
30,which car brands have the best compact cars,,n.a,"Driver, Several, Mazda, Edmunds, It, Toyota, Best Compact, Kelley Blue, Kia, Cars, Hyundai Elantra, Honda Civic, MPG, Here, Honda, Source, Book, Hyundai, Car, Toyota Prius"
30,which car brands have the best compact cars,,n.a,"Driver, Several, Mazda, Edmunds, It, Toyota, Best Compact, Kelley Blue, Kia, Cars, Hyundai Elantra, Honda Civic, MPG, Here, Honda, Source, Book, Hyundai, Car, Toyota Prius"
30,which car brands have the best compact cars,,n.a,"Driver, Several, Mazda, Edmunds, It, Toyota, Best Compact, Kelley Blue, Kia, Cars, Hyundai Elantra, Honda Civic, MPG, Here, Honda, Source, Book, Hyundai, Car, Toyota Prius"
30,which car brands have the best compact cars,,n.a,"Driver, Several, Mazda, Edmunds, It, Toyota, Best Compact, Kelley Blue, Kia, Cars, Hyundai Elantra, Honda Civic, MPG, Here, Honda, Source, Book, Hyundai, Car, Toyota Prius"
30,which car brands have the best compact cars,,n.a,"Driver, Several, Mazda, Edmunds, It, Toyota, Best Compact, Kelley Blue, Kia, Cars, Hyundai Elantra, Honda Civic, MPG, Here, Honda, Source, Book, Hyundai, Car, Toyota Prius"
31,what car brands are considered premium,https://www.edmunds.com/car-buying/luxury-car-brands.html,,"One, As, Known, Lexus, Several, SUVs, BMW, Mercedes-Benz, Macan Electric, It, Its, Cars, While, Integra Type, Bentley, Renowned, Genesis, Some, Series, Macan, Acura, Here, Cayenne, EV, Honda, Cadillac, Taycan, Japan, AMG, Tesla, Model, EVs, NSX"
31,what car brands are considered premium,https://www.rusnakcars.com/manufacturer-information/what-is-a-luxury-car/,,"One, As, Known, Lexus, Several, SUVs, BMW, Mercedes-Benz, Macan Electric, It, Its, Cars, While, Integra Type, Bentley, Renowned, Genesis, Some, Series, Macan, Acura, Here, Cayenne, EV, Honda, Cadillac, Taycan, Japan, AMG, Tesla, Model, EVs, NSX"
31,what car brands are considered premium,https://clementpreowned.com/blog/best-luxury-car-brands,,"One, As, Known, Lexus, Several, SUVs, BMW, Mercedes-Benz, Macan Electric, It, Its, Cars, While, Integra Type, Bentley, Renowned, Genesis, Some, Series, Macan, Acura, Here, Cayenne, EV, Honda, Cadillac, Taycan, Japan, AMG, Tesla, Model, EVs, NSX"
31,what car brands are considered premium,https://www.carsguide.com.au/car-advice/the-worlds-top-10-luxury-car-brands-89659,,"One, As, Known, Lexus, Several, SUVs, BMW, Mercedes-Benz, Macan Electric, It, Its, Cars, While, Integra Type, Bentley, Renowned, Genesis, Some, Series, Macan, Acura, Here, Cayenne, EV, Honda, Cadillac, Taycan, Japan, AMG, Tesla, Model, EVs, NSX"
31,what car brands are considered premium,https://en.wikipedia.org/wiki/Luxury_car,,"One, As, Known, Lexus, Several, SUVs, BMW, Mercedes-Benz, Macan Electric, It, Its, Cars, While, Integra Type, Bentley, Renowned, Genesis, Some, Series, Macan, Acura, Here, Cayenne, EV, Honda, Cadillac, Taycan, Japan, AMG, Tesla, Model, EVs, NSX"
31,what car brands are considered premium,,n.a,"One, As, Known, Lexus, Several, SUVs, BMW, Mercedes-Benz, Macan Electric, It, Its, Cars, While, Integra Type, Bentley, Renowned, Genesis, Some, Series, Macan, Acura, Here, Cayenne, EV, Honda, Cadillac, Taycan, Japan, AMG, Tesla, Model, EVs, NSX"
31,what car brands are considered premium,,n.a,"One, As, Known, Lexus, Several, SUVs, BMW, Mercedes-Benz, Macan Electric, It, Its, Cars, While, Integra Type, Bentley, Renowned, Genesis, Some, Series, Macan, Acura, Here, Cayenne, EV, Honda, Cadillac, Taycan, Japan, AMG, Tesla, Model, EVs, NSX"
31,what car brands are considered premium,,n.a,"One, As, Known, Lexus, Several, SUVs, BMW, Mercedes-Benz, Macan Electric, It, Its, Cars, While, Integra Type, Bentley, Renowned, Genesis, Some, Series, Macan, Acura, Here, Cayenne, EV, Honda, Cadillac, Taycan, Japan, AMG, Tesla, Model, EVs, NSX"
31,what car brands are considered premium,,n.a,"One, As, Known, Lexus, Several, SUVs, BMW, Mercedes-Benz, Macan Electric, It, Its, Cars, While, Integra Type, Bentley, Renowned, Genesis, Some, Series, Macan, Acura, Here, Cayenne, EV, Honda, Cadillac, Taycan, Japan, AMG, Tesla, Model, EVs, NSX"
31,what car brands are considered premium,,n.a,"One, As, Known, Lexus, Several, SUVs, BMW, Mercedes-Benz, Macan Electric, It, Its, Cars, While, Integra Type, Bentley, Renowned, Genesis, Some, Series, Macan, Acura, Here, Cayenne, EV, Honda, Cadillac, Taycan, Japan, AMG, Tesla, Model, EVs, NSX"
31,what car brands are considered premium,,n.a,"One, As, Known, Lexus, Several, SUVs, BMW, Mercedes-Benz, Macan Electric, It, Its, Cars, While, Integra Type, Bentley, Renowned, Genesis, Some, Series, Macan, Acura, Here, Cayenne, EV, Honda, Cadillac, Taycan, Japan, AMG, Tesla, Model, EVs, NSX"
31,what car brands are considered premium,,n.a,"One, As, Known, Lexus, Several, SUVs, BMW, Mercedes-Benz, Macan Electric, It, Its, Cars, While, Integra Type, Bentley, Renowned, Genesis, Some, Series, Macan, Acura, Here, Cayenne, EV, Honda, Cadillac, Taycan, Japan, AMG, Tesla, Model, EVs, NSX"
31,what car brands are considered premium,,n.a,"One, As, Known, Lexus, Several, SUVs, BMW, Mercedes-Benz, Macan Electric, It, Its, Cars, While, Integra Type, Bentley, Renowned, Genesis, Some, Series, Macan, Acura, Here, Cayenne, EV, Honda, Cadillac, Taycan, Japan, AMG, Tesla, Model, EVs, NSX"
31,what car brands are considered premium,,n.a,"One, As, Known, Lexus, Several, SUVs, BMW, Mercedes-Benz, Macan Electric, It, Its, Cars, While, Integra Type, Bentley, Renowned, Genesis, Some, Series, Macan, Acura, Here, Cayenne, EV, Honda, Cadillac, Taycan, Japan, AMG, Tesla, Model, EVs, NSX"
31,what car brands are considered premium,,n.a,"One, As, Known, Lexus, Several, SUVs, BMW, Mercedes-Benz, Macan Electric, It, Its, Cars, While, Integra Type, Bentley, Renowned, Genesis, Some, Series, Macan, Acura, Here, Cayenne, EV, Honda, Cadillac, Taycan, Japan, AMG, Tesla, Model, EVs, NSX"
31,what car brands are considered premium,,n.a,"One, As, Known, Lexus, Several, SUVs, BMW, Mercedes-Benz, Macan Electric, It, Its, Cars, While, Integra Type, Bentley, Renowned, Genesis, Some, Series, Macan, Acura, Here, Cayenne, EV, Honda, Cadillac, Taycan, Japan, AMG, Tesla, Model, EVs, NSX"
32,which car brands are the most reliable used,https://www.consumerreports.org/cars/used-car-brand-reliability-a2811658468/,,"Honda, It, CX-, Known, Lexus, Based, Mazda, Japanese, Civic, CR-V, Models, Toyota, While"
32,which car brands are the most reliable used,https://www.cars.com/articles/consumer-reports-what-brand-makes-the-most-reliable-cars-488650/,,"Honda, It, CX-, Known, Lexus, Based, Mazda, Japanese, Civic, CR-V, Models, Toyota, While"
32,which car brands are the most reliable used,https://www.kaizenauto.com/best-used-car-brands-for-reliability/,,"Honda, It, CX-, Known, Lexus, Based, Mazda, Japanese, Civic, CR-V, Models, Toyota, While"
32,which car brands are the most reliable used,https://www.rateworks.com/blog-article/best-used-car-brands,,"Honda, It, CX-, Known, Lexus, Based, Mazda, Japanese, Civic, CR-V, Models, Toyota, While"
32,which car brands are the most reliable used,https://www.whatcar.com/news/reliability-survey-most-reliable-cars-brands/n26159,,"Honda, It, CX-, Known, Lexus, Based, Mazda, Japanese, Civic, CR-V, Models, Toyota, While"
32,which car brands are the most reliable used,,n.a,"Honda, It, CX-, Known, Lexus, Based, Mazda, Japanese, Civic, CR-V, Models, Toyota, While"
32,which car brands are the most reliable used,,n.a,"Honda, It, CX-, Known, Lexus, Based, Mazda, Japanese, Civic, CR-V, Models, Toyota, While"
32,which car brands are the most reliable used,,n.a,"Honda, It, CX-, Known, Lexus, Based, Mazda, Japanese, Civic, CR-V, Models, Toyota, While"
32,which car brands are the most reliable used,,n.a,"Honda, It, CX-, Known, Lexus, Based, Mazda, Japanese, Civic, CR-V, Models, Toyota, While"
32,which car brands are the most reliable used,,n.a,"Honda, It, CX-, Known, Lexus, Based, Mazda, Japanese, Civic, CR-V, Models, Toyota, While"
32,which car brands are the most reliable used,,n.a,"Honda, It, CX-, Known, Lexus, Based, Mazda, Japanese, Civic, CR-V, Models, Toyota, While"
33,what are the best car brands for road trips,https://www.thezebra.com/resources/car-insurance/best-cars-for-road-trips/,,"Honda CR-V, Toyota Avalon, Known, Topped, Several, Subaru, Praised, Boasts, It, Hybrid, Subaru Outback, Toyota, Kia, Hyundai BlueLink, Renowned, Offers, BlueCruise, Here, An, Honda, Lane, Hyundai Palisade, Kia Telluride, Blue Cruise, Apple CarPlay, Additionally, Hyundai Ioniq, Features, Hyundai"
33,what are the best car brands for road trips,https://www.cars.com/articles/planning-a-road-trip-here-are-cars-coms-best-road-trip-car-picks-483775/,,"Honda CR-V, Toyota Avalon, Known, Topped, Several, Subaru, Praised, Boasts, It, Hybrid, Subaru Outback, Toyota, Kia, Hyundai BlueLink, Renowned, Offers, BlueCruise, Here, An, Honda, Lane, Hyundai Palisade, Kia Telluride, Blue Cruise, Apple CarPlay, Additionally, Hyundai Ioniq, Features, Hyundai"
33,what are the best car brands for road trips,https://www.youtube.com/watch?v=eCqpN7Gb7T8,,"Honda CR-V, Toyota Avalon, Known, Topped, Several, Subaru, Praised, Boasts, It, Hybrid, Subaru Outback, Toyota, Kia, Hyundai BlueLink, Renowned, Offers, BlueCruise, Here, An, Honda, Lane, Hyundai Palisade, Kia Telluride, Blue Cruise, Apple CarPlay, Additionally, Hyundai Ioniq, Features, Hyundai"
33,what are the best car brands for road trips,https://www.whatsbestforum.com/threads/looking-for-a-long-distance-trip-vehicle-suggestions.38097/,,"Honda CR-V, Toyota Avalon, Known, Topped, Several, Subaru, Praised, Boasts, It, Hybrid, Subaru Outback, Toyota, Kia, Hyundai BlueLink, Renowned, Offers, BlueCruise, Here, An, Honda, Lane, Hyundai Palisade, Kia Telluride, Blue Cruise, Apple CarPlay, Additionally, Hyundai Ioniq, Features, Hyundai"
33,what are the best car brands for road trips,https://agirlsguidetocars.com/best-cars-for-road-trips/,,"Honda CR-V, Toyota Avalon, Known, Topped, Several, Subaru, Praised, Boasts, It, Hybrid, Subaru Outback, Toyota, Kia, Hyundai BlueLink, Renowned, Offers, BlueCruise, Here, An, Honda, Lane, Hyundai Palisade, Kia Telluride, Blue Cruise, Apple CarPlay, Additionally, Hyundai Ioniq, Features, Hyundai"
33,what are the best car brands for road trips,,n.a,"Honda CR-V, Toyota Avalon, Known, Topped, Several, Subaru, Praised, Boasts, It, Hybrid, Subaru Outback, Toyota, Kia, Hyundai BlueLink, Renowned, Offers, BlueCruise, Here, An, Honda, Lane, Hyundai Palisade, Kia Telluride, Blue Cruise, Apple CarPlay, Additionally, Hyundai Ioniq, Features, Hyundai"
33,what are the best car brands for road trips,,n.a,"Honda CR-V, Toyota Avalon, Known, Topped, Several, Subaru, Praised, Boasts, It, Hybrid, Subaru Outback, Toyota, Kia, Hyundai BlueLink, Renowned, Offers, BlueCruise, Here, An, Honda, Lane, Hyundai Palisade, Kia Telluride, Blue Cruise, Apple CarPlay, Additionally, Hyundai Ioniq, Features, Hyundai"
33,what are the best car brands for road trips,,n.a,"Honda CR-V, Toyota Avalon, Known, Topped, Several, Subaru, Praised, Boasts, It, Hybrid, Subaru Outback, Toyota, Kia, Hyundai BlueLink, Renowned, Offers, BlueCruise, Here, An, Honda, Lane, Hyundai Palisade, Kia Telluride, Blue Cruise, Apple CarPlay, Additionally, Hyundai Ioniq, Features, Hyundai"
33,what are the best car brands for road trips,,n.a,"Honda CR-V, Toyota Avalon, Known, Topped, Several, Subaru, Praised, Boasts, It, Hybrid, Subaru Outback, Toyota, Kia, Hyundai BlueLink, Renowned, Offers, BlueCruise, Here, An, Honda, Lane, Hyundai Palisade, Kia Telluride, Blue Cruise, Apple CarPlay, Additionally, Hyundai Ioniq, Features, Hyundai"
33,what are the best car brands for road trips,,n.a,"Honda CR-V, Toyota Avalon, Known, Topped, Several, Subaru, Praised, Boasts, It, Hybrid, Subaru Outback, Toyota, Kia, Hyundai BlueLink, Renowned, Offers, BlueCruise, Here, An, Honda, Lane, Hyundai Palisade, Kia Telluride, Blue Cruise, Apple CarPlay, Additionally, Hyundai Ioniq, Features, Hyundai"
34,which car brands have the best interiors,https://www.slashgear.com/1751236/car-brands-nicest-interiors/,,"Known, Several, Audi, BMW, Praised, Mercedes-Benz, Nine, Commended, Tron GT, Cars, While, Track, GLC-Class, Century, Genesis, S-Class, Series, Jaguar, Here, Top Gear, Carwow, Taycan, Source, SlashGear, Volvo, Recognized, Road, TT, Best Car"
34,which car brands have the best interiors,https://www.roadandtrack.com/new-cars/g22496899/best-new-car-interiors/,,"Known, Several, Audi, BMW, Praised, Mercedes-Benz, Nine, Commended, Tron GT, Cars, While, Track, GLC-Class, Century, Genesis, S-Class, Series, Jaguar, Here, Top Gear, Carwow, Taycan, Source, SlashGear, Volvo, Recognized, Road, TT, Best Car"
34,which car brands have the best interiors,https://www.topgear.com/car-news/list/nine-best-car-interiors-21st-century,,"Known, Several, Audi, BMW, Praised, Mercedes-Benz, Nine, Commended, Tron GT, Cars, While, Track, GLC-Class, Century, Genesis, S-Class, Series, Jaguar, Here, Top Gear, Carwow, Taycan, Source, SlashGear, Volvo, Recognized, Road, TT, Best Car"
34,which car brands have the best interiors,https://www.carwow.co.uk/best/car-interiors,,"Known, Several, Audi, BMW, Praised, Mercedes-Benz, Nine, Commended, Tron GT, Cars, While, Track, GLC-Class, Century, Genesis, S-Class, Series, Jaguar, Here, Top Gear, Carwow, Taycan, Source, SlashGear, Volvo, Recognized, Road, TT, Best Car"
34,which car brands have the best interiors,https://www.cnet.com/roadshow/pictures/these-are-the-10-best-car-interiors-according-to-wards-auto/,,"Known, Several, Audi, BMW, Praised, Mercedes-Benz, Nine, Commended, Tron GT, Cars, While, Track, GLC-Class, Century, Genesis, S-Class, Series, Jaguar, Here, Top Gear, Carwow, Taycan, Source, SlashGear, Volvo, Recognized, Road, TT, Best Car"
34,which car brands have the best interiors,,n.a,"Known, Several, Audi, BMW, Praised, Mercedes-Benz, Nine, Commended, Tron GT, Cars, While, Track, GLC-Class, Century, Genesis, S-Class, Series, Jaguar, Here, Top Gear, Carwow, Taycan, Source, SlashGear, Volvo, Recognized, Road, TT, Best Car"
34,which car brands have the best interiors,,n.a,"Known, Several, Audi, BMW, Praised, Mercedes-Benz, Nine, Commended, Tron GT, Cars, While, Track, GLC-Class, Century, Genesis, S-Class, Series, Jaguar, Here, Top Gear, Carwow, Taycan, Source, SlashGear, Volvo, Recognized, Road, TT, Best Car"
34,which car brands have the best interiors,,n.a,"Known, Several, Audi, BMW, Praised, Mercedes-Benz, Nine, Commended, Tron GT, Cars, While, Track, GLC-Class, Century, Genesis, S-Class, Series, Jaguar, Here, Top Gear, Carwow, Taycan, Source, SlashGear, Volvo, Recognized, Road, TT, Best Car"
34,which car brands have the best interiors,,n.a,"Known, Several, Audi, BMW, Praised, Mercedes-Benz, Nine, Commended, Tron GT, Cars, While, Track, GLC-Class, Century, Genesis, S-Class, Series, Jaguar, Here, Top Gear, Carwow, Taycan, Source, SlashGear, Volvo, Recognized, Road, TT, Best Car"
34,which car brands have the best interiors,,n.a,"Known, Several, Audi, BMW, Praised, Mercedes-Benz, Nine, Commended, Tron GT, Cars, While, Track, GLC-Class, Century, Genesis, S-Class, Series, Jaguar, Here, Top Gear, Carwow, Taycan, Source, SlashGear, Volvo, Recognized, Road, TT, Best Car"
34,which car brands have the best interiors,,n.a,"Known, Several, Audi, BMW, Praised, Mercedes-Benz, Nine, Commended, Tron GT, Cars, While, Track, GLC-Class, Century, Genesis, S-Class, Series, Jaguar, Here, Top Gear, Carwow, Taycan, Source, SlashGear, Volvo, Recognized, Road, TT, Best Car"
34,which car brands have the best interiors,,n.a,"Known, Several, Audi, BMW, Praised, Mercedes-Benz, Nine, Commended, Tron GT, Cars, While, Track, GLC-Class, Century, Genesis, S-Class, Series, Jaguar, Here, Top Gear, Carwow, Taycan, Source, SlashGear, Volvo, Recognized, Road, TT, Best Car"
35,what car brands are best for city driving,https://www.kbb.com/best-cars/commuter-cars/,,"Impreza, AEB, Several, Mazda, Subaru, Honda Sensing, BMW, Elantra, Its, It, Toyota, Civic, Series, Here, Honda, Prius, Apple CarPlay, Hyundai, LX"
35,what car brands are best for city driving,https://blog.autobidmaster.com/2024/09/best-cars-for-the-city-top-picks-for-urban-driving/,,"Impreza, AEB, Several, Mazda, Subaru, Honda Sensing, BMW, Elantra, Its, It, Toyota, Civic, Series, Here, Honda, Prius, Apple CarPlay, Hyundai, LX"
35,what car brands are best for city driving,https://www.caranddriver.com/rankings/best-sedans/gas-mileage,,"Impreza, AEB, Several, Mazda, Subaru, Honda Sensing, BMW, Elantra, Its, It, Toyota, Civic, Series, Here, Honda, Prius, Apple CarPlay, Hyundai, LX"
35,what car brands are best for city driving,https://www.topgear.com/car-news/top-gear-advice/top-gears-top-10-city-cars,,"Impreza, AEB, Several, Mazda, Subaru, Honda Sensing, BMW, Elantra, Its, It, Toyota, Civic, Series, Here, Honda, Prius, Apple CarPlay, Hyundai, LX"
35,what car brands are best for city driving,https://www.roadandtrack.com/car-culture/g6604/here-are-10-perfect-cars-for-city-driving/,,"Impreza, AEB, Several, Mazda, Subaru, Honda Sensing, BMW, Elantra, Its, It, Toyota, Civic, Series, Here, Honda, Prius, Apple CarPlay, Hyundai, LX"
35,what car brands are best for city driving,,n.a,"Impreza, AEB, Several, Mazda, Subaru, Honda Sensing, BMW, Elantra, Its, It, Toyota, Civic, Series, Here, Honda, Prius, Apple CarPlay, Hyundai, LX"
35,what car brands are best for city driving,,n.a,"Impreza, AEB, Several, Mazda, Subaru, Honda Sensing, BMW, Elantra, Its, It, Toyota, Civic, Series, Here, Honda, Prius, Apple CarPlay, Hyundai, LX"
35,what car brands are best for city driving,,n.a,"Impreza, AEB, Several, Mazda, Subaru, Honda Sensing, BMW, Elantra, Its, It, Toyota, Civic, Series, Here, Honda, Prius, Apple CarPlay, Hyundai, LX"
35,what car brands are best for city driving,,n.a,"Impreza, AEB, Several, Mazda, Subaru, Honda Sensing, BMW, Elantra, Its, It, Toyota, Civic, Series, Here, Honda, Prius, Apple CarPlay, Hyundai, LX"
36,which car brands are known for off-road vehicles,https://www.roadandtrack.com/new-cars/g6793/best-off-road-vehicles-cars/,,"Co, ATVs, Jeep, Products Inc, Polaris Inc, Known, Offers, Several, Mercedes G-Class, Additionally, Bombardier Recreational, Ltd, Wrangler, Inc, UTVs, Toyota, Mercedes-Benz, Arctic Cat"
36,which car brands are known for off-road vehicles,https://en.wikipedia.org/wiki/Category:Off-road_vehicles,,"Co, ATVs, Jeep, Products Inc, Polaris Inc, Known, Offers, Several, Mercedes G-Class, Additionally, Bombardier Recreational, Ltd, Wrangler, Inc, UTVs, Toyota, Mercedes-Benz, Arctic Cat"
36,which car brands are known for off-road vehicles,https://www.whatcar.com/best/4x4s-for-off-roading/n26188,,"Co, ATVs, Jeep, Products Inc, Polaris Inc, Known, Offers, Several, Mercedes G-Class, Additionally, Bombardier Recreational, Ltd, Wrangler, Inc, UTVs, Toyota, Mercedes-Benz, Arctic Cat"
36,which car brands are known for off-road vehicles,https://www.mordorintelligence.com/industry-reports/off-road-vehicle-market/companies,,"Co, ATVs, Jeep, Products Inc, Polaris Inc, Known, Offers, Several, Mercedes G-Class, Additionally, Bombardier Recreational, Ltd, Wrangler, Inc, UTVs, Toyota, Mercedes-Benz, Arctic Cat"
36,which car brands are known for off-road vehicles,https://douradocars.com/list-of-luxury-car-brands-off-roading/,,"Co, ATVs, Jeep, Products Inc, Polaris Inc, Known, Offers, Several, Mercedes G-Class, Additionally, Bombardier Recreational, Ltd, Wrangler, Inc, UTVs, Toyota, Mercedes-Benz, Arctic Cat"
36,which car brands are known for off-road vehicles,,n.a,"Co, ATVs, Jeep, Products Inc, Polaris Inc, Known, Offers, Several, Mercedes G-Class, Additionally, Bombardier Recreational, Ltd, Wrangler, Inc, UTVs, Toyota, Mercedes-Benz, Arctic Cat"
36,which car brands are known for off-road vehicles,,n.a,"Co, ATVs, Jeep, Products Inc, Polaris Inc, Known, Offers, Several, Mercedes G-Class, Additionally, Bombardier Recreational, Ltd, Wrangler, Inc, UTVs, Toyota, Mercedes-Benz, Arctic Cat"
36,which car brands are known for off-road vehicles,,n.a,"Co, ATVs, Jeep, Products Inc, Polaris Inc, Known, Offers, Several, Mercedes G-Class, Additionally, Bombardier Recreational, Ltd, Wrangler, Inc, UTVs, Toyota, Mercedes-Benz, Arctic Cat"
37,what car brands are popular in Germany,https://www.best-selling-cars.com/germany/2024-full-year-germany-best-selling-car-brands/,,"Golf, Known, Gottlieb Daimler, Founded, Audi, SUVs, BMW, Being Ahead, Mercedes-Benz, In Germany, It, German, Technik, Technology, Volkswagen, Polo, Passat, Werke, Karl Benz, Germany"
37,what car brands are popular in Germany,https://www.finn.com/en-US/campaign/germanys-most-popular-cars,,"Golf, Known, Gottlieb Daimler, Founded, Audi, SUVs, BMW, Being Ahead, Mercedes-Benz, In Germany, It, German, Technik, Technology, Volkswagen, Polo, Passat, Werke, Karl Benz, Germany"
37,what car brands are popular in Germany,https://www.statista.com/statistics/1005525/most-popular-car-brands-by-ownership-germany/,,"Golf, Known, Gottlieb Daimler, Founded, Audi, SUVs, BMW, Being Ahead, Mercedes-Benz, In Germany, It, German, Technik, Technology, Volkswagen, Polo, Passat, Werke, Karl Benz, Germany"
37,what car brands are popular in Germany,https://www.madmanmotors.com.au/blog/top-7-german-car-brands-a-must-read-for-car-enthusiasts/,,"Golf, Known, Gottlieb Daimler, Founded, Audi, SUVs, BMW, Being Ahead, Mercedes-Benz, In Germany, It, German, Technik, Technology, Volkswagen, Polo, Passat, Werke, Karl Benz, Germany"
37,what car brands are popular in Germany,https://www.germanspecialists.co.uk/news/the-big-5-german-automakers/,,"Golf, Known, Gottlieb Daimler, Founded, Audi, SUVs, BMW, Being Ahead, Mercedes-Benz, In Germany, It, German, Technik, Technology, Volkswagen, Polo, Passat, Werke, Karl Benz, Germany"
37,what car brands are popular in Germany,,n.a,"Golf, Known, Gottlieb Daimler, Founded, Audi, SUVs, BMW, Being Ahead, Mercedes-Benz, In Germany, It, German, Technik, Technology, Volkswagen, Polo, Passat, Werke, Karl Benz, Germany"
37,what car brands are popular in Germany,,n.a,"Golf, Known, Gottlieb Daimler, Founded, Audi, SUVs, BMW, Being Ahead, Mercedes-Benz, In Germany, It, German, Technik, Technology, Volkswagen, Polo, Passat, Werke, Karl Benz, Germany"
37,what car brands are popular in Germany,,n.a,"Golf, Known, Gottlieb Daimler, Founded, Audi, SUVs, BMW, Being Ahead, Mercedes-Benz, In Germany, It, German, Technik, Technology, Volkswagen, Polo, Passat, Werke, Karl Benz, Germany"
37,what car brands are popular in Germany,,n.a,"Golf, Known, Gottlieb Daimler, Founded, Audi, SUVs, BMW, Being Ahead, Mercedes-Benz, In Germany, It, German, Technik, Technology, Volkswagen, Polo, Passat, Werke, Karl Benz, Germany"
37,what car brands are popular in Germany,,n.a,"Golf, Known, Gottlieb Daimler, Founded, Audi, SUVs, BMW, Being Ahead, Mercedes-Benz, In Germany, It, German, Technik, Technology, Volkswagen, Polo, Passat, Werke, Karl Benz, Germany"
37,what car brands are popular in Germany,,n.a,"Golf, Known, Gottlieb Daimler, Founded, Audi, SUVs, BMW, Being Ahead, Mercedes-Benz, In Germany, It, German, Technik, Technology, Volkswagen, Polo, Passat, Werke, Karl Benz, Germany"
38,which car brands produce the best electric SUVs,https://www.thestreet.com/automotive/top-10-electric-suvs-that-arent-tesla,,"Driver, Electric SUVs, Volvo, Buzz, Known, Several, SUVs, Audi, Skoda, Blazer EV, Aren, Macan EV, Hyundai Kona, Kia, Top, Prologue, Volkswagen, ID, Here, Top Gear, Elroq, Honda, Chevrolet, Electric, US, Source, Hyundai Ioniq, Tesla, Tesla Model, Best, SUV, CNET, What Car, Hyundai, Car, Best Electric"
38,which car brands produce the best electric SUVs,https://www.caranddriver.com/rankings/best-suvs/electric,,"Driver, Electric SUVs, Volvo, Buzz, Known, Several, SUVs, Audi, Skoda, Blazer EV, Aren, Macan EV, Hyundai Kona, Kia, Top, Prologue, Volkswagen, ID, Here, Top Gear, Elroq, Honda, Chevrolet, Electric, US, Source, Hyundai Ioniq, Tesla, Tesla Model, Best, SUV, CNET, What Car, Hyundai, Car, Best Electric"
38,which car brands produce the best electric SUVs,https://www.whatcar.com/best/electric-suvs/n23038,,"Driver, Electric SUVs, Volvo, Buzz, Known, Several, SUVs, Audi, Skoda, Blazer EV, Aren, Macan EV, Hyundai Kona, Kia, Top, Prologue, Volkswagen, ID, Here, Top Gear, Elroq, Honda, Chevrolet, Electric, US, Source, Hyundai Ioniq, Tesla, Tesla Model, Best, SUV, CNET, What Car, Hyundai, Car, Best Electric"
38,which car brands produce the best electric SUVs,https://www.topgear.com/car-news/electric/top-gears-top-20-electric-cars,,"Driver, Electric SUVs, Volvo, Buzz, Known, Several, SUVs, Audi, Skoda, Blazer EV, Aren, Macan EV, Hyundai Kona, Kia, Top, Prologue, Volkswagen, ID, Here, Top Gear, Elroq, Honda, Chevrolet, Electric, US, Source, Hyundai Ioniq, Tesla, Tesla Model, Best, SUV, CNET, What Car, Hyundai, Car, Best Electric"
38,which car brands produce the best electric SUVs,https://www.cnet.com/home/electric-vehicles/best-electric-suv/,,"Driver, Electric SUVs, Volvo, Buzz, Known, Several, SUVs, Audi, Skoda, Blazer EV, Aren, Macan EV, Hyundai Kona, Kia, Top, Prologue, Volkswagen, ID, Here, Top Gear, Elroq, Honda, Chevrolet, Electric, US, Source, Hyundai Ioniq, Tesla, Tesla Model, Best, SUV, CNET, What Car, Hyundai, Car, Best Electric"
38,which car brands produce the best electric SUVs,,n.a,"Driver, Electric SUVs, Volvo, Buzz, Known, Several, SUVs, Audi, Skoda, Blazer EV, Aren, Macan EV, Hyundai Kona, Kia, Top, Prologue, Volkswagen, ID, Here, Top Gear, Elroq, Honda, Chevrolet, Electric, US, Source, Hyundai Ioniq, Tesla, Tesla Model, Best, SUV, CNET, What Car, Hyundai, Car, Best Electric"
38,which car brands produce the best electric SUVs,,n.a,"Driver, Electric SUVs, Volvo, Buzz, Known, Several, SUVs, Audi, Skoda, Blazer EV, Aren, Macan EV, Hyundai Kona, Kia, Top, Prologue, Volkswagen, ID, Here, Top Gear, Elroq, Honda, Chevrolet, Electric, US, Source, Hyundai Ioniq, Tesla, Tesla Model, Best, SUV, CNET, What Car, Hyundai, Car, Best Electric"
38,which car brands produce the best electric SUVs,,n.a,"Driver, Electric SUVs, Volvo, Buzz, Known, Several, SUVs, Audi, Skoda, Blazer EV, Aren, Macan EV, Hyundai Kona, Kia, Top, Prologue, Volkswagen, ID, Here, Top Gear, Elroq, Honda, Chevrolet, Electric, US, Source, Hyundai Ioniq, Tesla, Tesla Model, Best, SUV, CNET, What Car, Hyundai, Car, Best Electric"
38,which car brands produce the best electric SUVs,,n.a,"Driver, Electric SUVs, Volvo, Buzz, Known, Several, SUVs, Audi, Skoda, Blazer EV, Aren, Macan EV, Hyundai Kona, Kia, Top, Prologue, Volkswagen, ID, Here, Top Gear, Elroq, Honda, Chevrolet, Electric, US, Source, Hyundai Ioniq, Tesla, Tesla Model, Best, SUV, CNET, What Car, Hyundai, Car, Best Electric"
38,which car brands produce the best electric SUVs,,n.a,"Driver, Electric SUVs, Volvo, Buzz, Known, Several, SUVs, Audi, Skoda, Blazer EV, Aren, Macan EV, Hyundai Kona, Kia, Top, Prologue, Volkswagen, ID, Here, Top Gear, Elroq, Honda, Chevrolet, Electric, US, Source, Hyundai Ioniq, Tesla, Tesla Model, Best, SUV, CNET, What Car, Hyundai, Car, Best Electric"
38,which car brands produce the best electric SUVs,,n.a,"Driver, Electric SUVs, Volvo, Buzz, Known, Several, SUVs, Audi, Skoda, Blazer EV, Aren, Macan EV, Hyundai Kona, Kia, Top, Prologue, Volkswagen, ID, Here, Top Gear, Elroq, Honda, Chevrolet, Electric, US, Source, Hyundai Ioniq, Tesla, Tesla Model, Best, SUV, CNET, What Car, Hyundai, Car, Best Electric"
38,which car brands produce the best electric SUVs,,n.a,"Driver, Electric SUVs, Volvo, Buzz, Known, Several, SUVs, Audi, Skoda, Blazer EV, Aren, Macan EV, Hyundai Kona, Kia, Top, Prologue, Volkswagen, ID, Here, Top Gear, Elroq, Honda, Chevrolet, Electric, US, Source, Hyundai Ioniq, Tesla, Tesla Model, Best, SUV, CNET, What Car, Hyundai, Car, Best Electric"
39,what car brands offer 7-seater models,https://www.caranddriver.com/rankings/best-suvs/7-seater,,"Telluride, Lexus, Several, Audi, SUVs, ID Buzz, Dynamic Damper, Santa Fe, BMW, Mercedes-Benz, It, Touran, Durango, Control, Sequoia, Sienna, Discovery, GLS, Toyota, Kia, Pilot, Volkswagen, Dodge, Honda, Cadillac, SUV, Hyundai, GX, Rover Defender"
39,what car brands offer 7-seater models,https://www.germaincars.com/10-best-7-passenger-suvs/,,"Telluride, Lexus, Several, Audi, SUVs, ID Buzz, Dynamic Damper, Santa Fe, BMW, Mercedes-Benz, It, Touran, Durango, Control, Sequoia, Sienna, Discovery, GLS, Toyota, Kia, Pilot, Volkswagen, Dodge, Honda, Cadillac, SUV, Hyundai, GX, Rover Defender"
39,what car brands offer 7-seater models,https://www.whatcar.com/best/7-seat-cars/n2344,,"Telluride, Lexus, Several, Audi, SUVs, ID Buzz, Dynamic Damper, Santa Fe, BMW, Mercedes-Benz, It, Touran, Durango, Control, Sequoia, Sienna, Discovery, GLS, Toyota, Kia, Pilot, Volkswagen, Dodge, Honda, Cadillac, SUV, Hyundai, GX, Rover Defender"
39,what car brands offer 7-seater models,https://www.toyota.com/7-passenger-vehicles/,,"Telluride, Lexus, Several, Audi, SUVs, ID Buzz, Dynamic Damper, Santa Fe, BMW, Mercedes-Benz, It, Touran, Durango, Control, Sequoia, Sienna, Discovery, GLS, Toyota, Kia, Pilot, Volkswagen, Dodge, Honda, Cadillac, SUV, Hyundai, GX, Rover Defender"
39,what car brands offer 7-seater models,https://www.carwow.co.uk/7-seater-cars,,"Telluride, Lexus, Several, Audi, SUVs, ID Buzz, Dynamic Damper, Santa Fe, BMW, Mercedes-Benz, It, Touran, Durango, Control, Sequoia, Sienna, Discovery, GLS, Toyota, Kia, Pilot, Volkswagen, Dodge, Honda, Cadillac, SUV, Hyundai, GX, Rover Defender"
39,what car brands offer 7-seater models,,n.a,"Telluride, Lexus, Several, Audi, SUVs, ID Buzz, Dynamic Damper, Santa Fe, BMW, Mercedes-Benz, It, Touran, Durango, Control, Sequoia, Sienna, Discovery, GLS, Toyota, Kia, Pilot, Volkswagen, Dodge, Honda, Cadillac, SUV, Hyundai, GX, Rover Defender"
39,what car brands offer 7-seater models,,n.a,"Telluride, Lexus, Several, Audi, SUVs, ID Buzz, Dynamic Damper, Santa Fe, BMW, Mercedes-Benz, It, Touran, Durango, Control, Sequoia, Sienna, Discovery, GLS, Toyota, Kia, Pilot, Volkswagen, Dodge, Honda, Cadillac, SUV, Hyundai, GX, Rover Defender"
39,what car brands offer 7-seater models,,n.a,"Telluride, Lexus, Several, Audi, SUVs, ID Buzz, Dynamic Damper, Santa Fe, BMW, Mercedes-Benz, It, Touran, Durango, Control, Sequoia, Sienna, Discovery, GLS, Toyota, Kia, Pilot, Volkswagen, Dodge, Honda, Cadillac, SUV, Hyundai, GX, Rover Defender"
39,what car brands offer 7-seater models,,n.a,"Telluride, Lexus, Several, Audi, SUVs, ID Buzz, Dynamic Damper, Santa Fe, BMW, Mercedes-Benz, It, Touran, Durango, Control, Sequoia, Sienna, Discovery, GLS, Toyota, Kia, Pilot, Volkswagen, Dodge, Honda, Cadillac, SUV, Hyundai, GX, Rover Defender"
39,what car brands offer 7-seater models,,n.a,"Telluride, Lexus, Several, Audi, SUVs, ID Buzz, Dynamic Damper, Santa Fe, BMW, Mercedes-Benz, It, Touran, Durango, Control, Sequoia, Sienna, Discovery, GLS, Toyota, Kia, Pilot, Volkswagen, Dodge, Honda, Cadillac, SUV, Hyundai, GX, Rover Defender"
40,which car brands are best for long-distance driving,https://www.carify.com/en/blog/top-10-langstreckenautos-im-ueberblick,,"Several, Mazda, BMW, Mercedes-Benz, Touring, E-Class, Sienna, CR-V Hybrid, Toyota, Kia, Avalon, CX-, Series, Here, Rover, Honda, Tesla, Model, Volvo, Range Rover"
40,which car brands are best for long-distance driving,https://www.thezebra.com/resources/car-insurance/best-cars-for-road-trips/,,"Several, Mazda, BMW, Mercedes-Benz, Touring, E-Class, Sienna, CR-V Hybrid, Toyota, Kia, Avalon, CX-, Series, Here, Rover, Honda, Tesla, Model, Volvo, Range Rover"
40,which car brands are best for long-distance driving,https://www.carwow.co.uk/best/long-distance-cars,,"Several, Mazda, BMW, Mercedes-Benz, Touring, E-Class, Sienna, CR-V Hybrid, Toyota, Kia, Avalon, CX-, Series, Here, Rover, Honda, Tesla, Model, Volvo, Range Rover"
40,which car brands are best for long-distance driving,https://www.whatsbestforum.com/threads/looking-for-a-long-distance-trip-vehicle-suggestions.38097/,,"Several, Mazda, BMW, Mercedes-Benz, Touring, E-Class, Sienna, CR-V Hybrid, Toyota, Kia, Avalon, CX-, Series, Here, Rover, Honda, Tesla, Model, Volvo, Range Rover"
40,which car brands are best for long-distance driving,https://www.youtube.com/watch?v=eCqpN7Gb7T8,,"Several, Mazda, BMW, Mercedes-Benz, Touring, E-Class, Sienna, CR-V Hybrid, Toyota, Kia, Avalon, CX-, Series, Here, Rover, Honda, Tesla, Model, Volvo, Range Rover"
40,which car brands are best for long-distance driving,,n.a,"Several, Mazda, BMW, Mercedes-Benz, Touring, E-Class, Sienna, CR-V Hybrid, Toyota, Kia, Avalon, CX-, Series, Here, Rover, Honda, Tesla, Model, Volvo, Range Rover"
40,which car brands are best for long-distance driving,,n.a,"Several, Mazda, BMW, Mercedes-Benz, Touring, E-Class, Sienna, CR-V Hybrid, Toyota, Kia, Avalon, CX-, Series, Here, Rover, Honda, Tesla, Model, Volvo, Range Rover"
40,which car brands are best for long-distance driving,,n.a,"Several, Mazda, BMW, Mercedes-Benz, Touring, E-Class, Sienna, CR-V Hybrid, Toyota, Kia, Avalon, CX-, Series, Here, Rover, Honda, Tesla, Model, Volvo, Range Rover"
40,which car brands are best for long-distance driving,,n.a,"Several, Mazda, BMW, Mercedes-Benz, Touring, E-Class, Sienna, CR-V Hybrid, Toyota, Kia, Avalon, CX-, Series, Here, Rover, Honda, Tesla, Model, Volvo, Range Rover"
40,which car brands are best for long-distance driving,,n.a,"Several, Mazda, BMW, Mercedes-Benz, Touring, E-Class, Sienna, CR-V Hybrid, Toyota, Kia, Avalon, CX-, Series, Here, Rover, Honda, Tesla, Model, Volvo, Range Rover"
40,which car brands are best for long-distance driving,,n.a,"Several, Mazda, BMW, Mercedes-Benz, Touring, E-Class, Sienna, CR-V Hybrid, Toyota, Kia, Avalon, CX-, Series, Here, Rover, Honda, Tesla, Model, Volvo, Range Rover"
40,which car brands are best for long-distance driving,,n.a,"Several, Mazda, BMW, Mercedes-Benz, Touring, E-Class, Sienna, CR-V Hybrid, Toyota, Kia, Avalon, CX-, Series, Here, Rover, Honda, Tesla, Model, Volvo, Range Rover"
40,which car brands are best for long-distance driving,,n.a,"Several, Mazda, BMW, Mercedes-Benz, Touring, E-Class, Sienna, CR-V Hybrid, Toyota, Kia, Avalon, CX-, Series, Here, Rover, Honda, Tesla, Model, Volvo, Range Rover"
41,what are the most fuel-efficient car brands,https://www.caranddriver.com/rankings/best-sedans/gas-mileage,,"Honda, Prime, Plug-in Hybrids, Hyundai IONIQ, Known, Kia Niro, Up, Plug-In Hybrid, Tesla, Prius Prime, BMW, Here, Toyota, Not, Hyundai, Kia, Toyota Prius, Detailed Rankings"
41,what are the most fuel-efficient car brands,https://www.cars.com/articles/which-automaker-has-the-best-mpg-cars-431460/,,"Honda, Prime, Plug-in Hybrids, Hyundai IONIQ, Known, Kia Niro, Up, Plug-In Hybrid, Tesla, Prius Prime, BMW, Here, Toyota, Not, Hyundai, Kia, Toyota Prius, Detailed Rankings"
41,what are the most fuel-efficient car brands,https://www.cinch.co.uk/guides/choosing-a-car/10-of-the-most-fuel-efficient-cars-to-buy-in-2022,,"Honda, Prime, Plug-in Hybrids, Hyundai IONIQ, Known, Kia Niro, Up, Plug-In Hybrid, Tesla, Prius Prime, BMW, Here, Toyota, Not, Hyundai, Kia, Toyota Prius, Detailed Rankings"
41,what are the most fuel-efficient car brands,https://www.cars.com/articles/what-are-the-most-fuel-efficient-cars-466904/,,"Honda, Prime, Plug-in Hybrids, Hyundai IONIQ, Known, Kia Niro, Up, Plug-In Hybrid, Tesla, Prius Prime, BMW, Here, Toyota, Not, Hyundai, Kia, Toyota Prius, Detailed Rankings"
41,what are the most fuel-efficient car brands,https://www.truecar.com/best-cars-trucks/cars/by-gas-mileage/,,"Honda, Prime, Plug-in Hybrids, Hyundai IONIQ, Known, Kia Niro, Up, Plug-In Hybrid, Tesla, Prius Prime, BMW, Here, Toyota, Not, Hyundai, Kia, Toyota Prius, Detailed Rankings"
41,what are the most fuel-efficient car brands,,n.a,"Honda, Prime, Plug-in Hybrids, Hyundai IONIQ, Known, Kia Niro, Up, Plug-In Hybrid, Tesla, Prius Prime, BMW, Here, Toyota, Not, Hyundai, Kia, Toyota Prius, Detailed Rankings"
41,what are the most fuel-efficient car brands,,n.a,"Honda, Prime, Plug-in Hybrids, Hyundai IONIQ, Known, Kia Niro, Up, Plug-In Hybrid, Tesla, Prius Prime, BMW, Here, Toyota, Not, Hyundai, Kia, Toyota Prius, Detailed Rankings"
41,what are the most fuel-efficient car brands,,n.a,"Honda, Prime, Plug-in Hybrids, Hyundai IONIQ, Known, Kia Niro, Up, Plug-In Hybrid, Tesla, Prius Prime, BMW, Here, Toyota, Not, Hyundai, Kia, Toyota Prius, Detailed Rankings"
41,what are the most fuel-efficient car brands,,n.a,"Honda, Prime, Plug-in Hybrids, Hyundai IONIQ, Known, Kia Niro, Up, Plug-In Hybrid, Tesla, Prius Prime, BMW, Here, Toyota, Not, Hyundai, Kia, Toyota Prius, Detailed Rankings"
41,what are the most fuel-efficient car brands,,n.a,"Honda, Prime, Plug-in Hybrids, Hyundai IONIQ, Known, Kia Niro, Up, Plug-In Hybrid, Tesla, Prius Prime, BMW, Here, Toyota, Not, Hyundai, Kia, Toyota Prius, Detailed Rankings"
41,what are the most fuel-efficient car brands,,n.a,"Honda, Prime, Plug-in Hybrids, Hyundai IONIQ, Known, Kia Niro, Up, Plug-In Hybrid, Tesla, Prius Prime, BMW, Here, Toyota, Not, Hyundai, Kia, Toyota Prius, Detailed Rankings"
42,which car brands are family-friendly,https://www.herrnstein.com/blogs/7130/the-best-family-cars-of-2025-top-picks-for-safety-space-and-smart-features,,"Toyota Sienna, Honda CR-V, Known, Provides, Several, SUVs, Honda Odyssey, Everything To, Santa Fe, Good Car, Cherokee, Best Cars, Know When, What Is, Purchasing, Family-Friendly Cars, Chrysler Pacifica, Toyota, Cars, Kia, Family Cars, Magic Slide, Top, Toyota Safety, Jeep, Space, Offers, Smart Features, Love, Here, Sense, Moms Will, Best Family, Honda, Hyundai Palisade, Source, Kia Telluride, Top Picks, Safety, Chrysler, Kia Carnival, SUV, Hyundai"
42,which car brands are family-friendly,https://www.caranddriver.com/rankings/best-family-cars,,"Toyota Sienna, Honda CR-V, Known, Provides, Several, SUVs, Honda Odyssey, Everything To, Santa Fe, Good Car, Cherokee, Best Cars, Know When, What Is, Purchasing, Family-Friendly Cars, Chrysler Pacifica, Toyota, Cars, Kia, Family Cars, Magic Slide, Top, Toyota Safety, Jeep, Space, Offers, Smart Features, Love, Here, Sense, Moms Will, Best Family, Honda, Hyundai Palisade, Source, Kia Telluride, Top Picks, Safety, Chrysler, Kia Carnival, SUV, Hyundai"
42,which car brands are family-friendly,https://www.thecarmomofficial.com/blog-3/best-cars-for-families,,"Toyota Sienna, Honda CR-V, Known, Provides, Several, SUVs, Honda Odyssey, Everything To, Santa Fe, Good Car, Cherokee, Best Cars, Know When, What Is, Purchasing, Family-Friendly Cars, Chrysler Pacifica, Toyota, Cars, Kia, Family Cars, Magic Slide, Top, Toyota Safety, Jeep, Space, Offers, Smart Features, Love, Here, Sense, Moms Will, Best Family, Honda, Hyundai Palisade, Source, Kia Telluride, Top Picks, Safety, Chrysler, Kia Carnival, SUV, Hyundai"
42,which car brands are family-friendly,https://www.whatcar.com/best/family-cars/n27171,,"Toyota Sienna, Honda CR-V, Known, Provides, Several, SUVs, Honda Odyssey, Everything To, Santa Fe, Good Car, Cherokee, Best Cars, Know When, What Is, Purchasing, Family-Friendly Cars, Chrysler Pacifica, Toyota, Cars, Kia, Family Cars, Magic Slide, Top, Toyota Safety, Jeep, Space, Offers, Smart Features, Love, Here, Sense, Moms Will, Best Family, Honda, Hyundai Palisade, Source, Kia Telluride, Top Picks, Safety, Chrysler, Kia Carnival, SUV, Hyundai"
42,which car brands are family-friendly,https://www.boredmom.com/creative-living/what-is-a-good-car-for-moms-top-10-family-friendly-cars-moms-will-love,,"Toyota Sienna, Honda CR-V, Known, Provides, Several, SUVs, Honda Odyssey, Everything To, Santa Fe, Good Car, Cherokee, Best Cars, Know When, What Is, Purchasing, Family-Friendly Cars, Chrysler Pacifica, Toyota, Cars, Kia, Family Cars, Magic Slide, Top, Toyota Safety, Jeep, Space, Offers, Smart Features, Love, Here, Sense, Moms Will, Best Family, Honda, Hyundai Palisade, Source, Kia Telluride, Top Picks, Safety, Chrysler, Kia Carnival, SUV, Hyundai"
42,which car brands are family-friendly,,n.a,"Toyota Sienna, Honda CR-V, Known, Provides, Several, SUVs, Honda Odyssey, Everything To, Santa Fe, Good Car, Cherokee, Best Cars, Know When, What Is, Purchasing, Family-Friendly Cars, Chrysler Pacifica, Toyota, Cars, Kia, Family Cars, Magic Slide, Top, Toyota Safety, Jeep, Space, Offers, Smart Features, Love, Here, Sense, Moms Will, Best Family, Honda, Hyundai Palisade, Source, Kia Telluride, Top Picks, Safety, Chrysler, Kia Carnival, SUV, Hyundai"
42,which car brands are family-friendly,,n.a,"Toyota Sienna, Honda CR-V, Known, Provides, Several, SUVs, Honda Odyssey, Everything To, Santa Fe, Good Car, Cherokee, Best Cars, Know When, What Is, Purchasing, Family-Friendly Cars, Chrysler Pacifica, Toyota, Cars, Kia, Family Cars, Magic Slide, Top, Toyota Safety, Jeep, Space, Offers, Smart Features, Love, Here, Sense, Moms Will, Best Family, Honda, Hyundai Palisade, Source, Kia Telluride, Top Picks, Safety, Chrysler, Kia Carnival, SUV, Hyundai"
42,which car brands are family-friendly,,n.a,"Toyota Sienna, Honda CR-V, Known, Provides, Several, SUVs, Honda Odyssey, Everything To, Santa Fe, Good Car, Cherokee, Best Cars, Know When, What Is, Purchasing, Family-Friendly Cars, Chrysler Pacifica, Toyota, Cars, Kia, Family Cars, Magic Slide, Top, Toyota Safety, Jeep, Space, Offers, Smart Features, Love, Here, Sense, Moms Will, Best Family, Honda, Hyundai Palisade, Source, Kia Telluride, Top Picks, Safety, Chrysler, Kia Carnival, SUV, Hyundai"
42,which car brands are family-friendly,,n.a,"Toyota Sienna, Honda CR-V, Known, Provides, Several, SUVs, Honda Odyssey, Everything To, Santa Fe, Good Car, Cherokee, Best Cars, Know When, What Is, Purchasing, Family-Friendly Cars, Chrysler Pacifica, Toyota, Cars, Kia, Family Cars, Magic Slide, Top, Toyota Safety, Jeep, Space, Offers, Smart Features, Love, Here, Sense, Moms Will, Best Family, Honda, Hyundai Palisade, Source, Kia Telluride, Top Picks, Safety, Chrysler, Kia Carnival, SUV, Hyundai"
42,which car brands are family-friendly,,n.a,"Toyota Sienna, Honda CR-V, Known, Provides, Several, SUVs, Honda Odyssey, Everything To, Santa Fe, Good Car, Cherokee, Best Cars, Know When, What Is, Purchasing, Family-Friendly Cars, Chrysler Pacifica, Toyota, Cars, Kia, Family Cars, Magic Slide, Top, Toyota Safety, Jeep, Space, Offers, Smart Features, Love, Here, Sense, Moms Will, Best Family, Honda, Hyundai Palisade, Source, Kia Telluride, Top Picks, Safety, Chrysler, Kia Carnival, SUV, Hyundai"
42,which car brands are family-friendly,,n.a,"Toyota Sienna, Honda CR-V, Known, Provides, Several, SUVs, Honda Odyssey, Everything To, Santa Fe, Good Car, Cherokee, Best Cars, Know When, What Is, Purchasing, Family-Friendly Cars, Chrysler Pacifica, Toyota, Cars, Kia, Family Cars, Magic Slide, Top, Toyota Safety, Jeep, Space, Offers, Smart Features, Love, Here, Sense, Moms Will, Best Family, Honda, Hyundai Palisade, Source, Kia Telluride, Top Picks, Safety, Chrysler, Kia Carnival, SUV, Hyundai"
42,which car brands are family-friendly,,n.a,"Toyota Sienna, Honda CR-V, Known, Provides, Several, SUVs, Honda Odyssey, Everything To, Santa Fe, Good Car, Cherokee, Best Cars, Know When, What Is, Purchasing, Family-Friendly Cars, Chrysler Pacifica, Toyota, Cars, Kia, Family Cars, Magic Slide, Top, Toyota Safety, Jeep, Space, Offers, Smart Features, Love, Here, Sense, Moms Will, Best Family, Honda, Hyundai Palisade, Source, Kia Telluride, Top Picks, Safety, Chrysler, Kia Carnival, SUV, Hyundai"
43,what car brands are budget-friendly,https://www.kbb.com/best-cars/cheapest-new-cars/,,"Driver, Cheapest Cars, Known, Impreza, Several, SUVs, Nissan Kicks, Sources, Nissan Versa, Models, Subaru, However, Models Best, Kelley Blue, Kia, Kia Soul, Hyundai Elantra, Nissan, Here, Similar, Middle-Class Income, New Cars, Book, Those Earning, Hyundai Venue, NASDAQ, Less Than, Hyundai, Car"
43,what car brands are budget-friendly,https://www.caranddriver.com/rankings/best-sedans/cheapest,,"Driver, Cheapest Cars, Known, Impreza, Several, SUVs, Nissan Kicks, Sources, Nissan Versa, Models, Subaru, However, Models Best, Kelley Blue, Kia, Kia Soul, Hyundai Elantra, Nissan, Here, Similar, Middle-Class Income, New Cars, Book, Those Earning, Hyundai Venue, NASDAQ, Less Than, Hyundai, Car"
43,what car brands are budget-friendly,https://www.nasdaq.com/articles/7-affordable-car-brands-and-models-best-those-earning-less-middle-class-income,,"Driver, Cheapest Cars, Known, Impreza, Several, SUVs, Nissan Kicks, Sources, Nissan Versa, Models, Subaru, However, Models Best, Kelley Blue, Kia, Kia Soul, Hyundai Elantra, Nissan, Here, Similar, Middle-Class Income, New Cars, Book, Those Earning, Hyundai Venue, NASDAQ, Less Than, Hyundai, Car"
43,what car brands are budget-friendly,https://www.consumerreports.org/cars/cheap-cars-recommended-by-consumer-reports-a1059266229/,,"Driver, Cheapest Cars, Known, Impreza, Several, SUVs, Nissan Kicks, Sources, Nissan Versa, Models, Subaru, However, Models Best, Kelley Blue, Kia, Kia Soul, Hyundai Elantra, Nissan, Here, Similar, Middle-Class Income, New Cars, Book, Those Earning, Hyundai Venue, NASDAQ, Less Than, Hyundai, Car"
43,what car brands are budget-friendly,https://www.cars.com/articles/here-are-the-10-cheapest-new-cars-you-can-buy-right-now-421309/,,"Driver, Cheapest Cars, Known, Impreza, Several, SUVs, Nissan Kicks, Sources, Nissan Versa, Models, Subaru, However, Models Best, Kelley Blue, Kia, Kia Soul, Hyundai Elantra, Nissan, Here, Similar, Middle-Class Income, New Cars, Book, Those Earning, Hyundai Venue, NASDAQ, Less Than, Hyundai, Car"
43,what car brands are budget-friendly,,n.a,"Driver, Cheapest Cars, Known, Impreza, Several, SUVs, Nissan Kicks, Sources, Nissan Versa, Models, Subaru, However, Models Best, Kelley Blue, Kia, Kia Soul, Hyundai Elantra, Nissan, Here, Similar, Middle-Class Income, New Cars, Book, Those Earning, Hyundai Venue, NASDAQ, Less Than, Hyundai, Car"
43,what car brands are budget-friendly,,n.a,"Driver, Cheapest Cars, Known, Impreza, Several, SUVs, Nissan Kicks, Sources, Nissan Versa, Models, Subaru, However, Models Best, Kelley Blue, Kia, Kia Soul, Hyundai Elantra, Nissan, Here, Similar, Middle-Class Income, New Cars, Book, Those Earning, Hyundai Venue, NASDAQ, Less Than, Hyundai, Car"
43,what car brands are budget-friendly,,n.a,"Driver, Cheapest Cars, Known, Impreza, Several, SUVs, Nissan Kicks, Sources, Nissan Versa, Models, Subaru, However, Models Best, Kelley Blue, Kia, Kia Soul, Hyundai Elantra, Nissan, Here, Similar, Middle-Class Income, New Cars, Book, Those Earning, Hyundai Venue, NASDAQ, Less Than, Hyundai, Car"
43,what car brands are budget-friendly,,n.a,"Driver, Cheapest Cars, Known, Impreza, Several, SUVs, Nissan Kicks, Sources, Nissan Versa, Models, Subaru, However, Models Best, Kelley Blue, Kia, Kia Soul, Hyundai Elantra, Nissan, Here, Similar, Middle-Class Income, New Cars, Book, Those Earning, Hyundai Venue, NASDAQ, Less Than, Hyundai, Car"
44,which car brands are most loved by millennials,https://www.phillipschevy.com/blog/2024/september/6/chevrolet-is-most-popular-car-brand-for-gen-x-and-millennials.htm,,"Honda, Chevrolet, It, Millennials, Jetta, Tiguan, Malibu, Lexus, East Coast, Built, Volkswagen, Models, Here, Toyota, Chevrolets, Passat, Silverado"
44,which car brands are most loved by millennials,https://www.visualcapitalist.com/americas-favorite-car-brands-by-generation/,,"Honda, Chevrolet, It, Millennials, Jetta, Tiguan, Malibu, Lexus, East Coast, Built, Volkswagen, Models, Here, Toyota, Chevrolets, Passat, Silverado"
44,which car brands are most loved by millennials,https://www.nasdaq.com/articles/heres-most-popular-car-brand-among-millennials-each-state,,"Honda, Chevrolet, It, Millennials, Jetta, Tiguan, Malibu, Lexus, East Coast, Built, Volkswagen, Models, Here, Toyota, Chevrolets, Passat, Silverado"
44,which car brands are most loved by millennials,https://insurify.com/car-insurance/insights/most-popular-cars-by-generation/,,"Honda, Chevrolet, It, Millennials, Jetta, Tiguan, Malibu, Lexus, East Coast, Built, Volkswagen, Models, Here, Toyota, Chevrolets, Passat, Silverado"
44,which car brands are most loved by millennials,https://247wallst.com/companies-and-brands/2024/04/30/15-most-popular-car-makers-according-to-millennials-ranked/,,"Honda, Chevrolet, It, Millennials, Jetta, Tiguan, Malibu, Lexus, East Coast, Built, Volkswagen, Models, Here, Toyota, Chevrolets, Passat, Silverado"
44,which car brands are most loved by millennials,,n.a,"Honda, Chevrolet, It, Millennials, Jetta, Tiguan, Malibu, Lexus, East Coast, Built, Volkswagen, Models, Here, Toyota, Chevrolets, Passat, Silverado"
44,which car brands are most loved by millennials,,n.a,"Honda, Chevrolet, It, Millennials, Jetta, Tiguan, Malibu, Lexus, East Coast, Built, Volkswagen, Models, Here, Toyota, Chevrolets, Passat, Silverado"
44,which car brands are most loved by millennials,,n.a,"Honda, Chevrolet, It, Millennials, Jetta, Tiguan, Malibu, Lexus, East Coast, Built, Volkswagen, Models, Here, Toyota, Chevrolets, Passat, Silverado"
45,what car brands are most commonly leased,https://cartelligent.com/which-car-brands-are-most-often-leased/,,"Honda, Honda CR-V, Additionally, SUVs, Based, Cartelligent, CR-V, United States, Experian, Hondas"
45,what car brands are most commonly leased,https://www.experian.com/blogs/ask-experian/what-are-the-most-commonly-leased-vehicles/,,"Honda, Honda CR-V, Additionally, SUVs, Based, Cartelligent, CR-V, United States, Experian, Hondas"
45,what car brands are most commonly leased,https://www.powernationtv.com/post/10-most-popular-leased-vehicles,,"Honda, Honda CR-V, Additionally, SUVs, Based, Cartelligent, CR-V, United States, Experian, Hondas"
45,what car brands are most commonly leased,https://cartelligent.com/which-vehicles-are-most-often-leased/,,"Honda, Honda CR-V, Additionally, SUVs, Based, Cartelligent, CR-V, United States, Experian, Hondas"
45,what car brands are most commonly leased,https://learn.leaseend.com/10-leased-cars-that-retain-the-most-equity,,"Honda, Honda CR-V, Additionally, SUVs, Based, Cartelligent, CR-V, United States, Experian, Hondas"
45,what car brands are most commonly leased,,n.a,"Honda, Honda CR-V, Additionally, SUVs, Based, Cartelligent, CR-V, United States, Experian, Hondas"
45,what car brands are most commonly leased,,n.a,"Honda, Honda CR-V, Additionally, SUVs, Based, Cartelligent, CR-V, United States, Experian, Hondas"
45,what car brands are most commonly leased,,n.a,"Honda, Honda CR-V, Additionally, SUVs, Based, Cartelligent, CR-V, United States, Experian, Hondas"
45,what car brands are most commonly leased,,n.a,"Honda, Honda CR-V, Additionally, SUVs, Based, Cartelligent, CR-V, United States, Experian, Hondas"
45,what car brands are most commonly leased,,n.a,"Honda, Honda CR-V, Additionally, SUVs, Based, Cartelligent, CR-V, United States, Experian, Hondas"
45,what car brands are most commonly leased,,n.a,"Honda, Honda CR-V, Additionally, SUVs, Based, Cartelligent, CR-V, United States, Experian, Hondas"
46,which car brands have the best infotainment systems,https://www.whatcar.com/news/best-car-infotainment-systems-tested-and-rated/n21269,,"GB, Mercedes-Benz User, Hyperscreen, Several, OLED, No Name, User Experience, BMW, Mercedes-Benz, MBUX, It, Lincoln, Amazon, Operating System, Kia, EQ, Experience, UX, System, Here, Cadillac CUE, This, Mercedes-Benz MBUX, Cadillac, Lucid, Apple CarPlay, Tesla, Alexa, EQS SUV, CUE, Digital Infotainment, Hyundai"
46,which car brands have the best infotainment systems,https://www.roadandtrack.com/rankings/g63285338/cars-best-infotainment-screen/,,"GB, Mercedes-Benz User, Hyperscreen, Several, OLED, No Name, User Experience, BMW, Mercedes-Benz, MBUX, It, Lincoln, Amazon, Operating System, Kia, EQ, Experience, UX, System, Here, Cadillac CUE, This, Mercedes-Benz MBUX, Cadillac, Lucid, Apple CarPlay, Tesla, Alexa, EQS SUV, CUE, Digital Infotainment, Hyundai"
46,which car brands have the best infotainment systems,https://www.kbb.com/car-advice/best-infotainment-systems/,,"GB, Mercedes-Benz User, Hyperscreen, Several, OLED, No Name, User Experience, BMW, Mercedes-Benz, MBUX, It, Lincoln, Amazon, Operating System, Kia, EQ, Experience, UX, System, Here, Cadillac CUE, This, Mercedes-Benz MBUX, Cadillac, Lucid, Apple CarPlay, Tesla, Alexa, EQS SUV, CUE, Digital Infotainment, Hyundai"
46,which car brands have the best infotainment systems,https://www.caranddriver.com/news/g41952683/car-infotainment-systems-roundup/,,"GB, Mercedes-Benz User, Hyperscreen, Several, OLED, No Name, User Experience, BMW, Mercedes-Benz, MBUX, It, Lincoln, Amazon, Operating System, Kia, EQ, Experience, UX, System, Here, Cadillac CUE, This, Mercedes-Benz MBUX, Cadillac, Lucid, Apple CarPlay, Tesla, Alexa, EQS SUV, CUE, Digital Infotainment, Hyundai"
46,which car brands have the best infotainment systems,https://www.buyacar.co.uk/guides/best-infotainment-systems/,,"GB, Mercedes-Benz User, Hyperscreen, Several, OLED, No Name, User Experience, BMW, Mercedes-Benz, MBUX, It, Lincoln, Amazon, Operating System, Kia, EQ, Experience, UX, System, Here, Cadillac CUE, This, Mercedes-Benz MBUX, Cadillac, Lucid, Apple CarPlay, Tesla, Alexa, EQS SUV, CUE, Digital Infotainment, Hyundai"
46,which car brands have the best infotainment systems,,n.a,"GB, Mercedes-Benz User, Hyperscreen, Several, OLED, No Name, User Experience, BMW, Mercedes-Benz, MBUX, It, Lincoln, Amazon, Operating System, Kia, EQ, Experience, UX, System, Here, Cadillac CUE, This, Mercedes-Benz MBUX, Cadillac, Lucid, Apple CarPlay, Tesla, Alexa, EQS SUV, CUE, Digital Infotainment, Hyundai"
46,which car brands have the best infotainment systems,,n.a,"GB, Mercedes-Benz User, Hyperscreen, Several, OLED, No Name, User Experience, BMW, Mercedes-Benz, MBUX, It, Lincoln, Amazon, Operating System, Kia, EQ, Experience, UX, System, Here, Cadillac CUE, This, Mercedes-Benz MBUX, Cadillac, Lucid, Apple CarPlay, Tesla, Alexa, EQS SUV, CUE, Digital Infotainment, Hyundai"
46,which car brands have the best infotainment systems,,n.a,"GB, Mercedes-Benz User, Hyperscreen, Several, OLED, No Name, User Experience, BMW, Mercedes-Benz, MBUX, It, Lincoln, Amazon, Operating System, Kia, EQ, Experience, UX, System, Here, Cadillac CUE, This, Mercedes-Benz MBUX, Cadillac, Lucid, Apple CarPlay, Tesla, Alexa, EQS SUV, CUE, Digital Infotainment, Hyundai"
46,which car brands have the best infotainment systems,,n.a,"GB, Mercedes-Benz User, Hyperscreen, Several, OLED, No Name, User Experience, BMW, Mercedes-Benz, MBUX, It, Lincoln, Amazon, Operating System, Kia, EQ, Experience, UX, System, Here, Cadillac CUE, This, Mercedes-Benz MBUX, Cadillac, Lucid, Apple CarPlay, Tesla, Alexa, EQS SUV, CUE, Digital Infotainment, Hyundai"
47,what car brands are trending in 2025,https://www.kbb.com/cars/,,"Elantra, Honda, SUV, Volkswagen Tiguan, Known, Lexus, Several, Hyundai, Buick, Mazda, Honda Civic, Volkswagen, Subaru, Volvo, Subaru Impreza, Toyota, Camry"
47,what car brands are trending in 2025,https://www.caranddriver.com/features/a62988657/10best-cars-2025/,,"Elantra, Honda, SUV, Volkswagen Tiguan, Known, Lexus, Several, Hyundai, Buick, Mazda, Honda Civic, Volkswagen, Subaru, Volvo, Subaru Impreza, Toyota, Camry"
47,what car brands are trending in 2025,https://www.consumerreports.org/cars/best-cars-of-the-year-10-top-picks-of-2025-a1930591024/,,"Elantra, Honda, SUV, Volkswagen Tiguan, Known, Lexus, Several, Hyundai, Buick, Mazda, Honda Civic, Volkswagen, Subaru, Volvo, Subaru Impreza, Toyota, Camry"
47,what car brands are trending in 2025,https://www.visualcapitalist.com/ranked-the-most-reliable-car-brands-in-2025/,,"Elantra, Honda, SUV, Volkswagen Tiguan, Known, Lexus, Several, Hyundai, Buick, Mazda, Honda Civic, Volkswagen, Subaru, Volvo, Subaru Impreza, Toyota, Camry"
47,what car brands are trending in 2025,https://www.consumerreports.org/cars/new-cars-on-the-horizon-a1920770135/,,"Elantra, Honda, SUV, Volkswagen Tiguan, Known, Lexus, Several, Hyundai, Buick, Mazda, Honda Civic, Volkswagen, Subaru, Volvo, Subaru Impreza, Toyota, Camry"
47,what car brands are trending in 2025,,n.a,"Elantra, Honda, SUV, Volkswagen Tiguan, Known, Lexus, Several, Hyundai, Buick, Mazda, Honda Civic, Volkswagen, Subaru, Volvo, Subaru Impreza, Toyota, Camry"
47,what car brands are trending in 2025,,n.a,"Elantra, Honda, SUV, Volkswagen Tiguan, Known, Lexus, Several, Hyundai, Buick, Mazda, Honda Civic, Volkswagen, Subaru, Volvo, Subaru Impreza, Toyota, Camry"
47,what car brands are trending in 2025,,n.a,"Elantra, Honda, SUV, Volkswagen Tiguan, Known, Lexus, Several, Hyundai, Buick, Mazda, Honda Civic, Volkswagen, Subaru, Volvo, Subaru Impreza, Toyota, Camry"
47,what car brands are trending in 2025,,n.a,"Elantra, Honda, SUV, Volkswagen Tiguan, Known, Lexus, Several, Hyundai, Buick, Mazda, Honda Civic, Volkswagen, Subaru, Volvo, Subaru Impreza, Toyota, Camry"
47,what car brands are trending in 2025,,n.a,"Elantra, Honda, SUV, Volkswagen Tiguan, Known, Lexus, Several, Hyundai, Buick, Mazda, Honda Civic, Volkswagen, Subaru, Volvo, Subaru Impreza, Toyota, Camry"
47,what car brands are trending in 2025,,n.a,"Elantra, Honda, SUV, Volkswagen Tiguan, Known, Lexus, Several, Hyundai, Buick, Mazda, Honda Civic, Volkswagen, Subaru, Volvo, Subaru Impreza, Toyota, Camry"
47,what car brands are trending in 2025,,n.a,"Elantra, Honda, SUV, Volkswagen Tiguan, Known, Lexus, Several, Hyundai, Buick, Mazda, Honda Civic, Volkswagen, Subaru, Volvo, Subaru Impreza, Toyota, Camry"
48,what car brands are declining in popularity,https://www.youtube.com/watch?v=WxI4g03cuds,,"Several, Stellantis, Subaru, BMW, Stelvio, America, Alfa Romeo, It, CVT, Toyota, Maserati, Nissan, Sales, Jaguar, Giulia, Here, This, Fiat, Mini, United States"
48,what car brands are declining in popularity,https://caredge.com/guides/automakers-going-out-of-business,,"Several, Stellantis, Subaru, BMW, Stelvio, America, Alfa Romeo, It, CVT, Toyota, Maserati, Nissan, Sales, Jaguar, Giulia, Here, This, Fiat, Mini, United States"
48,what car brands are declining in popularity,https://www.youtube.com/watch?v=U7gnsdWxtEM,,"Several, Stellantis, Subaru, BMW, Stelvio, America, Alfa Romeo, It, CVT, Toyota, Maserati, Nissan, Sales, Jaguar, Giulia, Here, This, Fiat, Mini, United States"
48,what car brands are declining in popularity,https://ktvz.com/stacker-money/2023/10/04/these-used-car-brands-saw-the-biggest-drop-in-value-since-the-pandemics-peak/,,"Several, Stellantis, Subaru, BMW, Stelvio, America, Alfa Romeo, It, CVT, Toyota, Maserati, Nissan, Sales, Jaguar, Giulia, Here, This, Fiat, Mini, United States"
48,what car brands are declining in popularity,https://www.carpro.com/blog/national-auto-sales-numbers-for-all-automakers-in-2023,,"Several, Stellantis, Subaru, BMW, Stelvio, America, Alfa Romeo, It, CVT, Toyota, Maserati, Nissan, Sales, Jaguar, Giulia, Here, This, Fiat, Mini, United States"
48,what car brands are declining in popularity,,n.a,"Several, Stellantis, Subaru, BMW, Stelvio, America, Alfa Romeo, It, CVT, Toyota, Maserati, Nissan, Sales, Jaguar, Giulia, Here, This, Fiat, Mini, United States"
48,what car brands are declining in popularity,,n.a,"Several, Stellantis, Subaru, BMW, Stelvio, America, Alfa Romeo, It, CVT, Toyota, Maserati, Nissan, Sales, Jaguar, Giulia, Here, This, Fiat, Mini, United States"
48,what car brands are declining in popularity,,n.a,"Several, Stellantis, Subaru, BMW, Stelvio, America, Alfa Romeo, It, CVT, Toyota, Maserati, Nissan, Sales, Jaguar, Giulia, Here, This, Fiat, Mini, United States"
48,what car brands are declining in popularity,,n.a,"Several, Stellantis, Subaru, BMW, Stelvio, America, Alfa Romeo, It, CVT, Toyota, Maserati, Nissan, Sales, Jaguar, Giulia, Here, This, Fiat, Mini, United States"
48,what car brands are declining in popularity,,n.a,"Several, Stellantis, Subaru, BMW, Stelvio, America, Alfa Romeo, It, CVT, Toyota, Maserati, Nissan, Sales, Jaguar, Giulia, Here, This, Fiat, Mini, United States"
49,which car brands have the best online configurators,https://vagon.io/blog/best-car-configurators-and-how-to-boost-your-sales-conversions,,"McLaren Technology, It, Pagani, Several, Audi, Ferrari, Although, Genesis, Centre, Users, McLaren, Here, Mercedes-Benz, Panamera GTS"
49,which car brands have the best online configurators,https://www.goodwood.com/grr/road/news/the-best-car-configurators-to-burn-infinite-money/,,"McLaren Technology, It, Pagani, Several, Audi, Ferrari, Although, Genesis, Centre, Users, McLaren, Here, Mercedes-Benz, Panamera GTS"
49,which car brands have the best online configurators,https://www.pistonheads.com/gassing/topic.asp?h=0&f=255&t=2022087,,"McLaren Technology, It, Pagani, Several, Audi, Ferrari, Although, Genesis, Centre, Users, McLaren, Here, Mercedes-Benz, Panamera GTS"
49,which car brands have the best online configurators,https://driving.ca/features/feature-story/youll-want-to-spend-hours-on-these-5-online-car-configurators,,"McLaren Technology, It, Pagani, Several, Audi, Ferrari, Although, Genesis, Centre, Users, McLaren, Here, Mercedes-Benz, Panamera GTS"
49,which car brands have the best online configurators,https://dreamerzlab.com/blog-post/details/top-10-brands-boost-sales-with-3d-configurator62168,,"McLaren Technology, It, Pagani, Several, Audi, Ferrari, Although, Genesis, Centre, Users, McLaren, Here, Mercedes-Benz, Panamera GTS"
49,which car brands have the best online configurators,,n.a,"McLaren Technology, It, Pagani, Several, Audi, Ferrari, Although, Genesis, Centre, Users, McLaren, Here, Mercedes-Benz, Panamera GTS"
49,which car brands have the best online configurators,,n.a,"McLaren Technology, It, Pagani, Several, Audi, Ferrari, Although, Genesis, Centre, Users, McLaren, Here, Mercedes-Benz, Panamera GTS"
49,which car brands have the best online configurators,,n.a,"McLaren Technology, It, Pagani, Several, Audi, Ferrari, Although, Genesis, Centre, Users, McLaren, Here, Mercedes-Benz, Panamera GTS"
49,which car brands have the best online configurators,,n.a,"McLaren Technology, It, Pagani, Several, Audi, Ferrari, Although, Genesis, Centre, Users, McLaren, Here, Mercedes-Benz, Panamera GTS"
49,which car brands have the best online configurators,,n.a,"McLaren Technology, It, Pagani, Several, Audi, Ferrari, Although, Genesis, Centre, Users, McLaren, Here, Mercedes-Benz, Panamera GTS"
50,what car brands have the highest brand loyalty,https://www.sfgate.com/news/article/highest-ranking-brands-in-the-2024-j-d-power-19813415.php,,"Honda, Ranks, Additionally, Power, Based, Subaru, Loyalty Study, SUV, However, Toyota, Rivian"
50,what car brands have the highest brand loyalty,https://www.jdpower.com/business/press-releases/2024-us-automotive-brand-loyalty-study,,"Honda, Ranks, Additionally, Power, Based, Subaru, Loyalty Study, SUV, However, Toyota, Rivian"
50,what car brands have the highest brand loyalty,https://www.carmax.com/articles/car-brands-with-most-loyal-owners-2024,,"Honda, Ranks, Additionally, Power, Based, Subaru, Loyalty Study, SUV, However, Toyota, Rivian"
50,what car brands have the highest brand loyalty,https://www.visualcapitalist.com/charted-car-brand-loyalty-in-2024/,,"Honda, Ranks, Additionally, Power, Based, Subaru, Loyalty Study, SUV, However, Toyota, Rivian"
50,what car brands have the highest brand loyalty,https://www.jdpower.com/business/press-releases/2023-us-automotive-brand-loyalty-study,,"Honda, Ranks, Additionally, Power, Based, Subaru, Loyalty Study, SUV, However, Toyota, Rivian"
50,what car brands have the highest brand loyalty,,n.a,"Honda, Ranks, Additionally, Power, Based, Subaru, Loyalty Study, SUV, However, Toyota, Rivian"
50,what car brands have the highest brand loyalty,,n.a,"Honda, Ranks, Additionally, Power, Based, Subaru, Loyalty Study, SUV, However, Toyota, Rivian"
50,what car brands have the highest brand loyalty,,n.a,"Honda, Ranks, Additionally, Power, Based, Subaru, Loyalty Study, SUV, However, Toyota, Rivian"
50,what car brands have the highest brand loyalty,,n.a,"Honda, Ranks, Additionally, Power, Based, Subaru, Loyalty Study, SUV, However, Toyota, Rivian"
50,what car brands have the highest brand loyalty,,n.a,"Honda, Ranks, Additionally, Power, Based, Subaru, Loyalty Study, SUV, However, Toyota, Rivian"
51,which car brands have the most stylish designs,https://www.caranddriver.com/features/g15383134/most-beautiful-cars/,,"LC, Known, Lexus, Several, Machine, Sources, Edmunds, Models, BMW, Mercedes-Benz, GLC, GLE, XE, Representing, Clement Pre-Owned, While, Top, Bentley, Phantom, F-PACE, S-Class, Series, Jaguar, Here, Bentayga, Best Luxury, BumbleAuto, Ultimate Driving, XF, Continental GT, Rolls-Royce, Stylish Cars"
51,which car brands have the most stylish designs,https://bumbleauto.com/blog/top-10-stylish-cars,,"LC, Known, Lexus, Several, Machine, Sources, Edmunds, Models, BMW, Mercedes-Benz, GLC, GLE, XE, Representing, Clement Pre-Owned, While, Top, Bentley, Phantom, F-PACE, S-Class, Series, Jaguar, Here, Bentayga, Best Luxury, BumbleAuto, Ultimate Driving, XF, Continental GT, Rolls-Royce, Stylish Cars"
51,which car brands have the most stylish designs,https://clementpreowned.com/blog/best-luxury-car-brands,,"LC, Known, Lexus, Several, Machine, Sources, Edmunds, Models, BMW, Mercedes-Benz, GLC, GLE, XE, Representing, Clement Pre-Owned, While, Top, Bentley, Phantom, F-PACE, S-Class, Series, Jaguar, Here, Bentayga, Best Luxury, BumbleAuto, Ultimate Driving, XF, Continental GT, Rolls-Royce, Stylish Cars"
51,which car brands have the most stylish designs,https://tunedbyai.io/blog/sleek_and_chic_the_most_stylish_new_car_designs_of_2023.php,,"LC, Known, Lexus, Several, Machine, Sources, Edmunds, Models, BMW, Mercedes-Benz, GLC, GLE, XE, Representing, Clement Pre-Owned, While, Top, Bentley, Phantom, F-PACE, S-Class, Series, Jaguar, Here, Bentayga, Best Luxury, BumbleAuto, Ultimate Driving, XF, Continental GT, Rolls-Royce, Stylish Cars"
51,which car brands have the most stylish designs,https://www.edmunds.com/car-buying/luxury-car-brands.html,,"LC, Known, Lexus, Several, Machine, Sources, Edmunds, Models, BMW, Mercedes-Benz, GLC, GLE, XE, Representing, Clement Pre-Owned, While, Top, Bentley, Phantom, F-PACE, S-Class, Series, Jaguar, Here, Bentayga, Best Luxury, BumbleAuto, Ultimate Driving, XF, Continental GT, Rolls-Royce, Stylish Cars"
51,which car brands have the most stylish designs,,n.a,"LC, Known, Lexus, Several, Machine, Sources, Edmunds, Models, BMW, Mercedes-Benz, GLC, GLE, XE, Representing, Clement Pre-Owned, While, Top, Bentley, Phantom, F-PACE, S-Class, Series, Jaguar, Here, Bentayga, Best Luxury, BumbleAuto, Ultimate Driving, XF, Continental GT, Rolls-Royce, Stylish Cars"
51,which car brands have the most stylish designs,,n.a,"LC, Known, Lexus, Several, Machine, Sources, Edmunds, Models, BMW, Mercedes-Benz, GLC, GLE, XE, Representing, Clement Pre-Owned, While, Top, Bentley, Phantom, F-PACE, S-Class, Series, Jaguar, Here, Bentayga, Best Luxury, BumbleAuto, Ultimate Driving, XF, Continental GT, Rolls-Royce, Stylish Cars"
51,which car brands have the most stylish designs,,n.a,"LC, Known, Lexus, Several, Machine, Sources, Edmunds, Models, BMW, Mercedes-Benz, GLC, GLE, XE, Representing, Clement Pre-Owned, While, Top, Bentley, Phantom, F-PACE, S-Class, Series, Jaguar, Here, Bentayga, Best Luxury, BumbleAuto, Ultimate Driving, XF, Continental GT, Rolls-Royce, Stylish Cars"
51,which car brands have the most stylish designs,,n.a,"LC, Known, Lexus, Several, Machine, Sources, Edmunds, Models, BMW, Mercedes-Benz, GLC, GLE, XE, Representing, Clement Pre-Owned, While, Top, Bentley, Phantom, F-PACE, S-Class, Series, Jaguar, Here, Bentayga, Best Luxury, BumbleAuto, Ultimate Driving, XF, Continental GT, Rolls-Royce, Stylish Cars"
52,Which car brands are best for snowy climates,https://www.kbb.com/best-cars/driving-in-snow/,,"Combines, Known, Several, Equipped, Audi, Traverse, Subaru, Nissan Altima, Quattro, FWD, It, Banks, Toyota Camry, Subaru Outback, Altima, Toyota, Features HTRAC, Camry, Chevrolet SUVs, Chevrolet Traverse, AWD, While, Nissan, LED, Here, Co-, Chevrolet, Falken Wildpeak, Hyundai Tucson, Although, Features, Volvo, Hyundai, Available"
52,Which car brands are best for snowy climates,https://www.cargurus.com/Cars/articles/best-cars-for-snow,,"Combines, Known, Several, Equipped, Audi, Traverse, Subaru, Nissan Altima, Quattro, FWD, It, Banks, Toyota Camry, Subaru Outback, Altima, Toyota, Features HTRAC, Camry, Chevrolet SUVs, Chevrolet Traverse, AWD, While, Nissan, LED, Here, Co-, Chevrolet, Falken Wildpeak, Hyundai Tucson, Although, Features, Volvo, Hyundai, Available"
52,Which car brands are best for snowy climates,https://www.thethingaboutcars.com/the-best-cars-for-winter/,,"Combines, Known, Several, Equipped, Audi, Traverse, Subaru, Nissan Altima, Quattro, FWD, It, Banks, Toyota Camry, Subaru Outback, Altima, Toyota, Features HTRAC, Camry, Chevrolet SUVs, Chevrolet Traverse, AWD, While, Nissan, LED, Here, Co-, Chevrolet, Falken Wildpeak, Hyundai Tucson, Although, Features, Volvo, Hyundai, Available"
52,Which car brands are best for snowy climates,https://pedalcommander.com/blogs/garage/10-best-cars-for-driving-in-snow,,"Combines, Known, Several, Equipped, Audi, Traverse, Subaru, Nissan Altima, Quattro, FWD, It, Banks, Toyota Camry, Subaru Outback, Altima, Toyota, Features HTRAC, Camry, Chevrolet SUVs, Chevrolet Traverse, AWD, While, Nissan, LED, Here, Co-, Chevrolet, Falken Wildpeak, Hyundai Tucson, Although, Features, Volvo, Hyundai, Available"
52,Which car brands are best for snowy climates,https://carbuzz.com/features/best-cars-for-snow-10-top-rated-vehicles-for-snowy-climates/,,"Combines, Known, Several, Equipped, Audi, Traverse, Subaru, Nissan Altima, Quattro, FWD, It, Banks, Toyota Camry, Subaru Outback, Altima, Toyota, Features HTRAC, Camry, Chevrolet SUVs, Chevrolet Traverse, AWD, While, Nissan, LED, Here, Co-, Chevrolet, Falken Wildpeak, Hyundai Tucson, Although, Features, Volvo, Hyundai, Available"
52,Which car brands are best for snowy climates,,n.a,"Combines, Known, Several, Equipped, Audi, Traverse, Subaru, Nissan Altima, Quattro, FWD, It, Banks, Toyota Camry, Subaru Outback, Altima, Toyota, Features HTRAC, Camry, Chevrolet SUVs, Chevrolet Traverse, AWD, While, Nissan, LED, Here, Co-, Chevrolet, Falken Wildpeak, Hyundai Tucson, Although, Features, Volvo, Hyundai, Available"
52,Which car brands are best for snowy climates,,n.a,"Combines, Known, Several, Equipped, Audi, Traverse, Subaru, Nissan Altima, Quattro, FWD, It, Banks, Toyota Camry, Subaru Outback, Altima, Toyota, Features HTRAC, Camry, Chevrolet SUVs, Chevrolet Traverse, AWD, While, Nissan, LED, Here, Co-, Chevrolet, Falken Wildpeak, Hyundai Tucson, Although, Features, Volvo, Hyundai, Available"
52,Which car brands are best for snowy climates,,n.a,"Combines, Known, Several, Equipped, Audi, Traverse, Subaru, Nissan Altima, Quattro, FWD, It, Banks, Toyota Camry, Subaru Outback, Altima, Toyota, Features HTRAC, Camry, Chevrolet SUVs, Chevrolet Traverse, AWD, While, Nissan, LED, Here, Co-, Chevrolet, Falken Wildpeak, Hyundai Tucson, Although, Features, Volvo, Hyundai, Available"
52,Which car brands are best for snowy climates,,n.a,"Combines, Known, Several, Equipped, Audi, Traverse, Subaru, Nissan Altima, Quattro, FWD, It, Banks, Toyota Camry, Subaru Outback, Altima, Toyota, Features HTRAC, Camry, Chevrolet SUVs, Chevrolet Traverse, AWD, While, Nissan, LED, Here, Co-, Chevrolet, Falken Wildpeak, Hyundai Tucson, Although, Features, Volvo, Hyundai, Available"
52,Which car brands are best for snowy climates,,n.a,"Combines, Known, Several, Equipped, Audi, Traverse, Subaru, Nissan Altima, Quattro, FWD, It, Banks, Toyota Camry, Subaru Outback, Altima, Toyota, Features HTRAC, Camry, Chevrolet SUVs, Chevrolet Traverse, AWD, While, Nissan, LED, Here, Co-, Chevrolet, Falken Wildpeak, Hyundai Tucson, Although, Features, Volvo, Hyundai, Available"
53,Which car brands have the lowest maintenance costs,https://caredge.com/ranks/maintenance,,"Prius, CarEdge, Based, Tesla, Buick, Toyota, Toyota Prius"
53,Which car brands have the lowest maintenance costs,https://www.consumerreports.org/cars/car-maintenance/the-cost-of-car-ownership-a1854979198/,,"Prius, CarEdge, Based, Tesla, Buick, Toyota, Toyota Prius"
53,Which car brands have the lowest maintenance costs,https://www.kbb.com/car-news/consumer-reports-names-cheapest-cars-to-maintain/,,"Prius, CarEdge, Based, Tesla, Buick, Toyota, Toyota Prius"
53,Which car brands have the lowest maintenance costs,https://www.cioccawesterndivision.com/blog/2025/january/17/what-cars-are-cheapest-to-maintain.htm,,"Prius, CarEdge, Based, Tesla, Buick, Toyota, Toyota Prius"
53,Which car brands have the lowest maintenance costs,https://www.autolist.com/guides/cheapest-most-expensive-cars-maintain,,"Prius, CarEdge, Based, Tesla, Buick, Toyota, Toyota Prius"
53,Which car brands have the lowest maintenance costs,,n.a,"Prius, CarEdge, Based, Tesla, Buick, Toyota, Toyota Prius"
53,Which car brands have the lowest maintenance costs,,n.a,"Prius, CarEdge, Based, Tesla, Buick, Toyota, Toyota Prius"
53,Which car brands have the lowest maintenance costs,,n.a,"Prius, CarEdge, Based, Tesla, Buick, Toyota, Toyota Prius"
53,Which car brands have the lowest maintenance costs,,n.a,"Prius, CarEdge, Based, Tesla, Buick, Toyota, Toyota Prius"
53,Which car brands have the lowest maintenance costs,,n.a,"Prius, CarEdge, Based, Tesla, Buick, Toyota, Toyota Prius"
53,Which car brands have the lowest maintenance costs,,n.a,"Prius, CarEdge, Based, Tesla, Buick, Toyota, Toyota Prius"
54,Which car brands are best for towing and hauling,https://www.edmunds.com/car-reviews/top-10/top-10-vehicles-for-towing.html,,"Driver, F-, Towing Vehicle, HD, Toyota Tundra, Vehicles, Several, Sources, Towing, Edmunds, Subaru, Ascent Touring, Quadrasteer, Duty, GMC Sierra, Armada, TFL Car, Sierra Denali, Toyota, Best Towing, Top, Rubicon, Jeep, Ram HD, Nissan, Recommendations, Capacity, Ram, Wrangler, Here, Chat, GMC, Silverado EV, Chevrolet, Towing Cars, Chevrolet Silverado, SUV, Car, Trucks"
54,Which car brands are best for towing and hauling,https://www.caranddriver.com/rankings/best-pickup-trucks/towing,,"Driver, F-, Towing Vehicle, HD, Toyota Tundra, Vehicles, Several, Sources, Towing, Edmunds, Subaru, Ascent Touring, Quadrasteer, Duty, GMC Sierra, Armada, TFL Car, Sierra Denali, Toyota, Best Towing, Top, Rubicon, Jeep, Ram HD, Nissan, Recommendations, Capacity, Ram, Wrangler, Here, Chat, GMC, Silverado EV, Chevrolet, Towing Cars, Chevrolet Silverado, SUV, Car, Trucks"
54,Which car brands are best for towing and hauling,https://www.youtube.com/watch?v=Epzd2Na_eKA,,"Driver, F-, Towing Vehicle, HD, Toyota Tundra, Vehicles, Several, Sources, Towing, Edmunds, Subaru, Ascent Touring, Quadrasteer, Duty, GMC Sierra, Armada, TFL Car, Sierra Denali, Toyota, Best Towing, Top, Rubicon, Jeep, Ram HD, Nissan, Recommendations, Capacity, Ram, Wrangler, Here, Chat, GMC, Silverado EV, Chevrolet, Towing Cars, Chevrolet Silverado, SUV, Car, Trucks"
54,Which car brands are best for towing and hauling,https://www.forestriverforums.com/threads/towing-vehicle-recommendations.405024/,,"Driver, F-, Towing Vehicle, HD, Toyota Tundra, Vehicles, Several, Sources, Towing, Edmunds, Subaru, Ascent Touring, Quadrasteer, Duty, GMC Sierra, Armada, TFL Car, Sierra Denali, Toyota, Best Towing, Top, Rubicon, Jeep, Ram HD, Nissan, Recommendations, Capacity, Ram, Wrangler, Here, Chat, GMC, Silverado EV, Chevrolet, Towing Cars, Chevrolet Silverado, SUV, Car, Trucks"
54,Which car brands are best for towing and hauling,https://www.motormatcher.com.au/car-research/top-10-vehicles-towing-power-and-performance-you-can-rely,,"Driver, F-, Towing Vehicle, HD, Toyota Tundra, Vehicles, Several, Sources, Towing, Edmunds, Subaru, Ascent Touring, Quadrasteer, Duty, GMC Sierra, Armada, TFL Car, Sierra Denali, Toyota, Best Towing, Top, Rubicon, Jeep, Ram HD, Nissan, Recommendations, Capacity, Ram, Wrangler, Here, Chat, GMC, Silverado EV, Chevrolet, Towing Cars, Chevrolet Silverado, SUV, Car, Trucks"
54,Which car brands are best for towing and hauling,,n.a,"Driver, F-, Towing Vehicle, HD, Toyota Tundra, Vehicles, Several, Sources, Towing, Edmunds, Subaru, Ascent Touring, Quadrasteer, Duty, GMC Sierra, Armada, TFL Car, Sierra Denali, Toyota, Best Towing, Top, Rubicon, Jeep, Ram HD, Nissan, Recommendations, Capacity, Ram, Wrangler, Here, Chat, GMC, Silverado EV, Chevrolet, Towing Cars, Chevrolet Silverado, SUV, Car, Trucks"
54,Which car brands are best for towing and hauling,,n.a,"Driver, F-, Towing Vehicle, HD, Toyota Tundra, Vehicles, Several, Sources, Towing, Edmunds, Subaru, Ascent Touring, Quadrasteer, Duty, GMC Sierra, Armada, TFL Car, Sierra Denali, Toyota, Best Towing, Top, Rubicon, Jeep, Ram HD, Nissan, Recommendations, Capacity, Ram, Wrangler, Here, Chat, GMC, Silverado EV, Chevrolet, Towing Cars, Chevrolet Silverado, SUV, Car, Trucks"
54,Which car brands are best for towing and hauling,,n.a,"Driver, F-, Towing Vehicle, HD, Toyota Tundra, Vehicles, Several, Sources, Towing, Edmunds, Subaru, Ascent Touring, Quadrasteer, Duty, GMC Sierra, Armada, TFL Car, Sierra Denali, Toyota, Best Towing, Top, Rubicon, Jeep, Ram HD, Nissan, Recommendations, Capacity, Ram, Wrangler, Here, Chat, GMC, Silverado EV, Chevrolet, Towing Cars, Chevrolet Silverado, SUV, Car, Trucks"
54,Which car brands are best for towing and hauling,,n.a,"Driver, F-, Towing Vehicle, HD, Toyota Tundra, Vehicles, Several, Sources, Towing, Edmunds, Subaru, Ascent Touring, Quadrasteer, Duty, GMC Sierra, Armada, TFL Car, Sierra Denali, Toyota, Best Towing, Top, Rubicon, Jeep, Ram HD, Nissan, Recommendations, Capacity, Ram, Wrangler, Here, Chat, GMC, Silverado EV, Chevrolet, Towing Cars, Chevrolet Silverado, SUV, Car, Trucks"
54,Which car brands are best for towing and hauling,,n.a,"Driver, F-, Towing Vehicle, HD, Toyota Tundra, Vehicles, Several, Sources, Towing, Edmunds, Subaru, Ascent Touring, Quadrasteer, Duty, GMC Sierra, Armada, TFL Car, Sierra Denali, Toyota, Best Towing, Top, Rubicon, Jeep, Ram HD, Nissan, Recommendations, Capacity, Ram, Wrangler, Here, Chat, GMC, Silverado EV, Chevrolet, Towing Cars, Chevrolet Silverado, SUV, Car, Trucks"
55,Which car brands are ideal for young professionals,https://www.autostoday.com/blog/best-cars-for-young-professionals,,"Mustang Mach-E, Impreza, Golf GTI, Several, Mazda, Subaru, EyeSight Driver, Elantra, It, Assist Technology, Toyota, Kia, Volkswagen, Dodge, MPG, Dart, Here, Hyundai SmartSense, Apple CarPlay, Additionally, Hyundai"
55,Which car brands are ideal for young professionals,https://www.autoweb.com/10-best-cars-for-young-professionals,,"Mustang Mach-E, Impreza, Golf GTI, Several, Mazda, Subaru, EyeSight Driver, Elantra, It, Assist Technology, Toyota, Kia, Volkswagen, Dodge, MPG, Dart, Here, Hyundai SmartSense, Apple CarPlay, Additionally, Hyundai"
55,Which car brands are ideal for young professionals,https://www.cars.com/articles/10-cars-for-graduates-and-young-professionals-1420695528408/,,"Mustang Mach-E, Impreza, Golf GTI, Several, Mazda, Subaru, EyeSight Driver, Elantra, It, Assist Technology, Toyota, Kia, Volkswagen, Dodge, MPG, Dart, Here, Hyundai SmartSense, Apple CarPlay, Additionally, Hyundai"
55,Which car brands are ideal for young professionals,https://auto.howstuffworks.com/the-10-best-first-cars-for-young-drivers.htm,,"Mustang Mach-E, Impreza, Golf GTI, Several, Mazda, Subaru, EyeSight Driver, Elantra, It, Assist Technology, Toyota, Kia, Volkswagen, Dodge, MPG, Dart, Here, Hyundai SmartSense, Apple CarPlay, Additionally, Hyundai"
55,Which car brands are ideal for young professionals,,n.a,"Mustang Mach-E, Impreza, Golf GTI, Several, Mazda, Subaru, EyeSight Driver, Elantra, It, Assist Technology, Toyota, Kia, Volkswagen, Dodge, MPG, Dart, Here, Hyundai SmartSense, Apple CarPlay, Additionally, Hyundai"
55,Which car brands are ideal for young professionals,,n.a,"Mustang Mach-E, Impreza, Golf GTI, Several, Mazda, Subaru, EyeSight Driver, Elantra, It, Assist Technology, Toyota, Kia, Volkswagen, Dodge, MPG, Dart, Here, Hyundai SmartSense, Apple CarPlay, Additionally, Hyundai"
56,Which car brands offer the quietest ride,https://www.caranddriver.com/research/a31608803/quietest-cars/,,"Toyota Avalon, Lexus, Several, Audi, XJ, Mercedes-Benz, Enclave, Harshness, Tucson, Vibration, Noise, Genesis, British, Jaguar, NVH, Buick, ES, Volvo, Hyundai"
56,Which car brands offer the quietest ride,https://www.carsoup.com/blog/2024/04/23/untitled-374/,,"Toyota Avalon, Lexus, Several, Audi, XJ, Mercedes-Benz, Enclave, Harshness, Tucson, Vibration, Noise, Genesis, British, Jaguar, NVH, Buick, ES, Volvo, Hyundai"
56,Which car brands offer the quietest ride,https://forum.leasehackr.com/t/ideas-for-vehicles-with-smooth-ride-quality-and-quiet-cabin/637612,,"Toyota Avalon, Lexus, Several, Audi, XJ, Mercedes-Benz, Enclave, Harshness, Tucson, Vibration, Noise, Genesis, British, Jaguar, NVH, Buick, ES, Volvo, Hyundai"
56,Which car brands offer the quietest ride,https://getcybertrucked.com/blog/13-luxury-vehicles-that-offer-the-quietest-rides-whisper-like-luxury,,"Toyota Avalon, Lexus, Several, Audi, XJ, Mercedes-Benz, Enclave, Harshness, Tucson, Vibration, Noise, Genesis, British, Jaguar, NVH, Buick, ES, Volvo, Hyundai"
56,Which car brands offer the quietest ride,https://www.youtube.com/watch?v=c06LsffjVAw,,"Toyota Avalon, Lexus, Several, Audi, XJ, Mercedes-Benz, Enclave, Harshness, Tucson, Vibration, Noise, Genesis, British, Jaguar, NVH, Buick, ES, Volvo, Hyundai"
56,Which car brands offer the quietest ride,,n.a,"Toyota Avalon, Lexus, Several, Audi, XJ, Mercedes-Benz, Enclave, Harshness, Tucson, Vibration, Noise, Genesis, British, Jaguar, NVH, Buick, ES, Volvo, Hyundai"
56,Which car brands offer the quietest ride,,n.a,"Toyota Avalon, Lexus, Several, Audi, XJ, Mercedes-Benz, Enclave, Harshness, Tucson, Vibration, Noise, Genesis, British, Jaguar, NVH, Buick, ES, Volvo, Hyundai"
56,Which car brands offer the quietest ride,,n.a,"Toyota Avalon, Lexus, Several, Audi, XJ, Mercedes-Benz, Enclave, Harshness, Tucson, Vibration, Noise, Genesis, British, Jaguar, NVH, Buick, ES, Volvo, Hyundai"
56,Which car brands offer the quietest ride,,n.a,"Toyota Avalon, Lexus, Several, Audi, XJ, Mercedes-Benz, Enclave, Harshness, Tucson, Vibration, Noise, Genesis, British, Jaguar, NVH, Buick, ES, Volvo, Hyundai"
56,Which car brands offer the quietest ride,,n.a,"Toyota Avalon, Lexus, Several, Audi, XJ, Mercedes-Benz, Enclave, Harshness, Tucson, Vibration, Noise, Genesis, British, Jaguar, NVH, Buick, ES, Volvo, Hyundai"
56,Which car brands offer the quietest ride,,n.a,"Toyota Avalon, Lexus, Several, Audi, XJ, Mercedes-Benz, Enclave, Harshness, Tucson, Vibration, Noise, Genesis, British, Jaguar, NVH, Buick, ES, Volvo, Hyundai"
57,Which car brands have the best adaptive cruise control,https://www.consumerreports.org/cars/car-safety/active-driving-assistance-systems-review-a2103632203/,,"GT, Lexus, Several, Audi, Mercedes-Benz, Toyota, ACC, While, BlueCruise, Here, Ease, Detailed Comparison, Audi RS, Tesla, Tesla Model, Toyota ACC, Model, Use, Features, Conclusion"
57,Which car brands have the best adaptive cruise control,https://www.truecar.com/best-cars-trucks/cars/cruise-control-adaptive/,,"GT, Lexus, Several, Audi, Mercedes-Benz, Toyota, ACC, While, BlueCruise, Here, Ease, Detailed Comparison, Audi RS, Tesla, Tesla Model, Toyota ACC, Model, Use, Features, Conclusion"
57,Which car brands have the best adaptive cruise control,https://www.carparisonleasing.co.uk/blog/which-cars-have-adaptive-cruise-control,,"GT, Lexus, Several, Audi, Mercedes-Benz, Toyota, ACC, While, BlueCruise, Here, Ease, Detailed Comparison, Audi RS, Tesla, Tesla Model, Toyota ACC, Model, Use, Features, Conclusion"
57,Which car brands have the best adaptive cruise control,https://www.whatcar.com/news/self-driving-cars-tested/n25624,,"GT, Lexus, Several, Audi, Mercedes-Benz, Toyota, ACC, While, BlueCruise, Here, Ease, Detailed Comparison, Audi RS, Tesla, Tesla Model, Toyota ACC, Model, Use, Features, Conclusion"
57,Which car brands have the best adaptive cruise control,https://forum.leasehackr.com/t/best-overall-adaptive-cruise-system/391340/18,,"GT, Lexus, Several, Audi, Mercedes-Benz, Toyota, ACC, While, BlueCruise, Here, Ease, Detailed Comparison, Audi RS, Tesla, Tesla Model, Toyota ACC, Model, Use, Features, Conclusion"
57,Which car brands have the best adaptive cruise control,,n.a,"GT, Lexus, Several, Audi, Mercedes-Benz, Toyota, ACC, While, BlueCruise, Here, Ease, Detailed Comparison, Audi RS, Tesla, Tesla Model, Toyota ACC, Model, Use, Features, Conclusion"
57,Which car brands have the best adaptive cruise control,,n.a,"GT, Lexus, Several, Audi, Mercedes-Benz, Toyota, ACC, While, BlueCruise, Here, Ease, Detailed Comparison, Audi RS, Tesla, Tesla Model, Toyota ACC, Model, Use, Features, Conclusion"
57,Which car brands have the best adaptive cruise control,,n.a,"GT, Lexus, Several, Audi, Mercedes-Benz, Toyota, ACC, While, BlueCruise, Here, Ease, Detailed Comparison, Audi RS, Tesla, Tesla Model, Toyota ACC, Model, Use, Features, Conclusion"
57,Which car brands have the best adaptive cruise control,,n.a,"GT, Lexus, Several, Audi, Mercedes-Benz, Toyota, ACC, While, BlueCruise, Here, Ease, Detailed Comparison, Audi RS, Tesla, Tesla Model, Toyota ACC, Model, Use, Features, Conclusion"
57,Which car brands have the best adaptive cruise control,,n.a,"GT, Lexus, Several, Audi, Mercedes-Benz, Toyota, ACC, While, BlueCruise, Here, Ease, Detailed Comparison, Audi RS, Tesla, Tesla Model, Toyota ACC, Model, Use, Features, Conclusion"
58,Which car brands are best for rural driving,https://www.autospeedmarket.com/reviews-view/when-every-mile-matters-choosing-a-reputable-car-brand-for-rural-living,,"Cruiser, Honda, It, Jeep, Known, SUVs, Cherokee, Subaru Outback, Models, Subaru, CR-V, Wrangler, Here, Toyota, Range Rover"
58,Which car brands are best for rural driving,https://slapdashmom.com/the-best-cars-for-comfortable-countryside-driving/,,"Cruiser, Honda, It, Jeep, Known, SUVs, Cherokee, Subaru Outback, Models, Subaru, CR-V, Wrangler, Here, Toyota, Range Rover"
58,Which car brands are best for rural driving,https://www.ruralmailtalk.com/threads/compatible-vehicle-for-rural-route.7280/,,"Cruiser, Honda, It, Jeep, Known, SUVs, Cherokee, Subaru Outback, Models, Subaru, CR-V, Wrangler, Here, Toyota, Range Rover"
58,Which car brands are best for rural driving,https://www.pistonheads.com/gassing/topic.asp?h=0&f=255&t=2076555,,"Cruiser, Honda, It, Jeep, Known, SUVs, Cherokee, Subaru Outback, Models, Subaru, CR-V, Wrangler, Here, Toyota, Range Rover"
58,Which car brands are best for rural driving,https://www.finehomesandliving.com/featured/feature-packed-vehicles-for-rural-family-drivers/article_7040503e-b5f9-11ec-b147-775d310952e1.html,,"Cruiser, Honda, It, Jeep, Known, SUVs, Cherokee, Subaru Outback, Models, Subaru, CR-V, Wrangler, Here, Toyota, Range Rover"
58,Which car brands are best for rural driving,,n.a,"Cruiser, Honda, It, Jeep, Known, SUVs, Cherokee, Subaru Outback, Models, Subaru, CR-V, Wrangler, Here, Toyota, Range Rover"
58,Which car brands are best for rural driving,,n.a,"Cruiser, Honda, It, Jeep, Known, SUVs, Cherokee, Subaru Outback, Models, Subaru, CR-V, Wrangler, Here, Toyota, Range Rover"
58,Which car brands are best for rural driving,,n.a,"Cruiser, Honda, It, Jeep, Known, SUVs, Cherokee, Subaru Outback, Models, Subaru, CR-V, Wrangler, Here, Toyota, Range Rover"
58,Which car brands are best for rural driving,,n.a,"Cruiser, Honda, It, Jeep, Known, SUVs, Cherokee, Subaru Outback, Models, Subaru, CR-V, Wrangler, Here, Toyota, Range Rover"
59,Which car brands make the best plug-in hybrids,https://www.caranddriver.com/rankings/best-plug-in-hybrids,,"Golf, Driver, Volvo, Known, Best Plug-In, Hybrid EVs, Several, SUVs, Mazda, Sources, Edmunds, Recharge, BMW, Each, Hybrid, Best Hybrid, Hybrid Vehicles, Prius Prime, Prime, Toyota, Cars, Kia, CX-, Niro Hybrid, Volkswagen, Here, Hybrid Cars, Best, SUV, CNET, What Car, Car"
59,Which car brands make the best plug-in hybrids,https://www.whatcar.com/best/plug-in-hybrid-cars/n22743,,"Golf, Driver, Volvo, Known, Best Plug-In, Hybrid EVs, Several, SUVs, Mazda, Sources, Edmunds, Recharge, BMW, Each, Hybrid, Best Hybrid, Hybrid Vehicles, Prius Prime, Prime, Toyota, Cars, Kia, CX-, Niro Hybrid, Volkswagen, Here, Hybrid Cars, Best, SUV, CNET, What Car, Car"
59,Which car brands make the best plug-in hybrids,https://www.consumerreports.org/cars/plug-in-hybrids/best-plug-in-hybrid-cars-and-suvs-a1332421875/,,"Golf, Driver, Volvo, Known, Best Plug-In, Hybrid EVs, Several, SUVs, Mazda, Sources, Edmunds, Recharge, BMW, Each, Hybrid, Best Hybrid, Hybrid Vehicles, Prius Prime, Prime, Toyota, Cars, Kia, CX-, Niro Hybrid, Volkswagen, Here, Hybrid Cars, Best, SUV, CNET, What Car, Car"
59,Which car brands make the best plug-in hybrids,https://www.cnet.com/home/electric-vehicles/best-plug-in-hybrid-evs/,,"Golf, Driver, Volvo, Known, Best Plug-In, Hybrid EVs, Several, SUVs, Mazda, Sources, Edmunds, Recharge, BMW, Each, Hybrid, Best Hybrid, Hybrid Vehicles, Prius Prime, Prime, Toyota, Cars, Kia, CX-, Niro Hybrid, Volkswagen, Here, Hybrid Cars, Best, SUV, CNET, What Car, Car"
59,Which car brands make the best plug-in hybrids,https://www.edmunds.com/hybrid/,,"Golf, Driver, Volvo, Known, Best Plug-In, Hybrid EVs, Several, SUVs, Mazda, Sources, Edmunds, Recharge, BMW, Each, Hybrid, Best Hybrid, Hybrid Vehicles, Prius Prime, Prime, Toyota, Cars, Kia, CX-, Niro Hybrid, Volkswagen, Here, Hybrid Cars, Best, SUV, CNET, What Car, Car"
59,Which car brands make the best plug-in hybrids,,n.a,"Golf, Driver, Volvo, Known, Best Plug-In, Hybrid EVs, Several, SUVs, Mazda, Sources, Edmunds, Recharge, BMW, Each, Hybrid, Best Hybrid, Hybrid Vehicles, Prius Prime, Prime, Toyota, Cars, Kia, CX-, Niro Hybrid, Volkswagen, Here, Hybrid Cars, Best, SUV, CNET, What Car, Car"
59,Which car brands make the best plug-in hybrids,,n.a,"Golf, Driver, Volvo, Known, Best Plug-In, Hybrid EVs, Several, SUVs, Mazda, Sources, Edmunds, Recharge, BMW, Each, Hybrid, Best Hybrid, Hybrid Vehicles, Prius Prime, Prime, Toyota, Cars, Kia, CX-, Niro Hybrid, Volkswagen, Here, Hybrid Cars, Best, SUV, CNET, What Car, Car"
59,Which car brands make the best plug-in hybrids,,n.a,"Golf, Driver, Volvo, Known, Best Plug-In, Hybrid EVs, Several, SUVs, Mazda, Sources, Edmunds, Recharge, BMW, Each, Hybrid, Best Hybrid, Hybrid Vehicles, Prius Prime, Prime, Toyota, Cars, Kia, CX-, Niro Hybrid, Volkswagen, Here, Hybrid Cars, Best, SUV, CNET, What Car, Car"
59,Which car brands make the best plug-in hybrids,,n.a,"Golf, Driver, Volvo, Known, Best Plug-In, Hybrid EVs, Several, SUVs, Mazda, Sources, Edmunds, Recharge, BMW, Each, Hybrid, Best Hybrid, Hybrid Vehicles, Prius Prime, Prime, Toyota, Cars, Kia, CX-, Niro Hybrid, Volkswagen, Here, Hybrid Cars, Best, SUV, CNET, What Car, Car"
59,Which car brands make the best plug-in hybrids,,n.a,"Golf, Driver, Volvo, Known, Best Plug-In, Hybrid EVs, Several, SUVs, Mazda, Sources, Edmunds, Recharge, BMW, Each, Hybrid, Best Hybrid, Hybrid Vehicles, Prius Prime, Prime, Toyota, Cars, Kia, CX-, Niro Hybrid, Volkswagen, Here, Hybrid Cars, Best, SUV, CNET, What Car, Car"
59,Which car brands make the best plug-in hybrids,,n.a,"Golf, Driver, Volvo, Known, Best Plug-In, Hybrid EVs, Several, SUVs, Mazda, Sources, Edmunds, Recharge, BMW, Each, Hybrid, Best Hybrid, Hybrid Vehicles, Prius Prime, Prime, Toyota, Cars, Kia, CX-, Niro Hybrid, Volkswagen, Here, Hybrid Cars, Best, SUV, CNET, What Car, Car"
59,Which car brands make the best plug-in hybrids,,n.a,"Golf, Driver, Volvo, Known, Best Plug-In, Hybrid EVs, Several, SUVs, Mazda, Sources, Edmunds, Recharge, BMW, Each, Hybrid, Best Hybrid, Hybrid Vehicles, Prius Prime, Prime, Toyota, Cars, Kia, CX-, Niro Hybrid, Volkswagen, Here, Hybrid Cars, Best, SUV, CNET, What Car, Car"
59,Which car brands make the best plug-in hybrids,,n.a,"Golf, Driver, Volvo, Known, Best Plug-In, Hybrid EVs, Several, SUVs, Mazda, Sources, Edmunds, Recharge, BMW, Each, Hybrid, Best Hybrid, Hybrid Vehicles, Prius Prime, Prime, Toyota, Cars, Kia, CX-, Niro Hybrid, Volkswagen, Here, Hybrid Cars, Best, SUV, CNET, What Car, Car"
60,Which car brands offer the most customization options,https://www.caranddriver.com/research/a32811308/best-cars-to-customize/,,"Golf, Several, WRX, Subaru, GTI, Owners, It, WRX STI, Hellcat Redeye, High-end, Toyota, Camaro, Supra, Maserati, Bentley, SXT, Volkswagen, Dodge, Beetle, Here, ECU, Chevrolet, Additionally, Jailbreak, Ad Personam, Exclusive Manufaktur, Clients, Challenger"
60,Which car brands offer the most customization options,https://www.cofi.ai/resources/the-customization-of-high-end-luxury-cars,,"Golf, Several, WRX, Subaru, GTI, Owners, It, WRX STI, Hellcat Redeye, High-end, Toyota, Camaro, Supra, Maserati, Bentley, SXT, Volkswagen, Dodge, Beetle, Here, ECU, Chevrolet, Additionally, Jailbreak, Ad Personam, Exclusive Manufaktur, Clients, Challenger"
60,Which car brands offer the most customization options,https://douradocars.com/list-of-luxury-car-brands-superior/,,"Golf, Several, WRX, Subaru, GTI, Owners, It, WRX STI, Hellcat Redeye, High-end, Toyota, Camaro, Supra, Maserati, Bentley, SXT, Volkswagen, Dodge, Beetle, Here, ECU, Chevrolet, Additionally, Jailbreak, Ad Personam, Exclusive Manufaktur, Clients, Challenger"
60,Which car brands offer the most customization options,https://getcybertrucked.com/blog/24-cars-known-for-their-incredible-customization-options-personalize-your-ride,,"Golf, Several, WRX, Subaru, GTI, Owners, It, WRX STI, Hellcat Redeye, High-end, Toyota, Camaro, Supra, Maserati, Bentley, SXT, Volkswagen, Dodge, Beetle, Here, ECU, Chevrolet, Additionally, Jailbreak, Ad Personam, Exclusive Manufaktur, Clients, Challenger"
60,Which car brands offer the most customization options,https://www.drivingline.com/articles/americas-6-most-customizable-vehicles/,,"Golf, Several, WRX, Subaru, GTI, Owners, It, WRX STI, Hellcat Redeye, High-end, Toyota, Camaro, Supra, Maserati, Bentley, SXT, Volkswagen, Dodge, Beetle, Here, ECU, Chevrolet, Additionally, Jailbreak, Ad Personam, Exclusive Manufaktur, Clients, Challenger"
60,Which car brands offer the most customization options,,n.a,"Golf, Several, WRX, Subaru, GTI, Owners, It, WRX STI, Hellcat Redeye, High-end, Toyota, Camaro, Supra, Maserati, Bentley, SXT, Volkswagen, Dodge, Beetle, Here, ECU, Chevrolet, Additionally, Jailbreak, Ad Personam, Exclusive Manufaktur, Clients, Challenger"
60,Which car brands offer the most customization options,,n.a,"Golf, Several, WRX, Subaru, GTI, Owners, It, WRX STI, Hellcat Redeye, High-end, Toyota, Camaro, Supra, Maserati, Bentley, SXT, Volkswagen, Dodge, Beetle, Here, ECU, Chevrolet, Additionally, Jailbreak, Ad Personam, Exclusive Manufaktur, Clients, Challenger"
60,Which car brands offer the most customization options,,n.a,"Golf, Several, WRX, Subaru, GTI, Owners, It, WRX STI, Hellcat Redeye, High-end, Toyota, Camaro, Supra, Maserati, Bentley, SXT, Volkswagen, Dodge, Beetle, Here, ECU, Chevrolet, Additionally, Jailbreak, Ad Personam, Exclusive Manufaktur, Clients, Challenger"
60,Which car brands offer the most customization options,,n.a,"Golf, Several, WRX, Subaru, GTI, Owners, It, WRX STI, Hellcat Redeye, High-end, Toyota, Camaro, Supra, Maserati, Bentley, SXT, Volkswagen, Dodge, Beetle, Here, ECU, Chevrolet, Additionally, Jailbreak, Ad Personam, Exclusive Manufaktur, Clients, Challenger"
60,Which car brands offer the most customization options,,n.a,"Golf, Several, WRX, Subaru, GTI, Owners, It, WRX STI, Hellcat Redeye, High-end, Toyota, Camaro, Supra, Maserati, Bentley, SXT, Volkswagen, Dodge, Beetle, Here, ECU, Chevrolet, Additionally, Jailbreak, Ad Personam, Exclusive Manufaktur, Clients, Challenger"
60,Which car brands offer the most customization options,,n.a,"Golf, Several, WRX, Subaru, GTI, Owners, It, WRX STI, Hellcat Redeye, High-end, Toyota, Camaro, Supra, Maserati, Bentley, SXT, Volkswagen, Dodge, Beetle, Here, ECU, Chevrolet, Additionally, Jailbreak, Ad Personam, Exclusive Manufaktur, Clients, Challenger"
60,Which car brands offer the most customization options,,n.a,"Golf, Several, WRX, Subaru, GTI, Owners, It, WRX STI, Hellcat Redeye, High-end, Toyota, Camaro, Supra, Maserati, Bentley, SXT, Volkswagen, Dodge, Beetle, Here, ECU, Chevrolet, Additionally, Jailbreak, Ad Personam, Exclusive Manufaktur, Clients, Challenger"
60,Which car brands offer the most customization options,,n.a,"Golf, Several, WRX, Subaru, GTI, Owners, It, WRX STI, Hellcat Redeye, High-end, Toyota, Camaro, Supra, Maserati, Bentley, SXT, Volkswagen, Dodge, Beetle, Here, ECU, Chevrolet, Additionally, Jailbreak, Ad Personam, Exclusive Manufaktur, Clients, Challenger"
60,Which car brands offer the most customization options,,n.a,"Golf, Several, WRX, Subaru, GTI, Owners, It, WRX STI, Hellcat Redeye, High-end, Toyota, Camaro, Supra, Maserati, Bentley, SXT, Volkswagen, Dodge, Beetle, Here, ECU, Chevrolet, Additionally, Jailbreak, Ad Personam, Exclusive Manufaktur, Clients, Challenger"
60,Which car brands offer the most customization options,,n.a,"Golf, Several, WRX, Subaru, GTI, Owners, It, WRX STI, Hellcat Redeye, High-end, Toyota, Camaro, Supra, Maserati, Bentley, SXT, Volkswagen, Dodge, Beetle, Here, ECU, Chevrolet, Additionally, Jailbreak, Ad Personam, Exclusive Manufaktur, Clients, Challenger"
60,Which car brands offer the most customization options,,n.a,"Golf, Several, WRX, Subaru, GTI, Owners, It, WRX STI, Hellcat Redeye, High-end, Toyota, Camaro, Supra, Maserati, Bentley, SXT, Volkswagen, Dodge, Beetle, Here, ECU, Chevrolet, Additionally, Jailbreak, Ad Personam, Exclusive Manufaktur, Clients, Challenger"
61,Which car brands are most popular in South America,https://www.globalfleet.com/en/manufacturers/latin-america/analysis/best-selling-cars-latin-america-top-5-markets,,"Brazil, Detailed Market, Country, It, Chevrolet, Regtransfers, Argentina, Share, Popular Car, South America, Chile, List, Sources, Latin American, Suzuki, Toyota, Fiat, Wikipedia"
61,Which car brands are most popular in South America,https://www.focus2move.com/latin-america-best-selling-cars/,,"Brazil, Detailed Market, Country, It, Chevrolet, Regtransfers, Argentina, Share, Popular Car, South America, Chile, List, Sources, Latin American, Suzuki, Toyota, Fiat, Wikipedia"
61,Which car brands are most popular in South America,https://www.statista.com/statistics/976619/best-selling-cars-latin-america-model/,,"Brazil, Detailed Market, Country, It, Chevrolet, Regtransfers, Argentina, Share, Popular Car, South America, Chile, List, Sources, Latin American, Suzuki, Toyota, Fiat, Wikipedia"
61,Which car brands are most popular in South America,https://www.regtransfers.co.uk/content/worlds-top-selling-car-manufacturers-country,,"Brazil, Detailed Market, Country, It, Chevrolet, Regtransfers, Argentina, Share, Popular Car, South America, Chile, List, Sources, Latin American, Suzuki, Toyota, Fiat, Wikipedia"
61,Which car brands are most popular in South America,https://en.wikipedia.org/wiki/List_of_Latin_American_automobile_manufacturers,,"Brazil, Detailed Market, Country, It, Chevrolet, Regtransfers, Argentina, Share, Popular Car, South America, Chile, List, Sources, Latin American, Suzuki, Toyota, Fiat, Wikipedia"
61,Which car brands are most popular in South America,,n.a,"Brazil, Detailed Market, Country, It, Chevrolet, Regtransfers, Argentina, Share, Popular Car, South America, Chile, List, Sources, Latin American, Suzuki, Toyota, Fiat, Wikipedia"
61,Which car brands are most popular in South America,,n.a,"Brazil, Detailed Market, Country, It, Chevrolet, Regtransfers, Argentina, Share, Popular Car, South America, Chile, List, Sources, Latin American, Suzuki, Toyota, Fiat, Wikipedia"
61,Which car brands are most popular in South America,,n.a,"Brazil, Detailed Market, Country, It, Chevrolet, Regtransfers, Argentina, Share, Popular Car, South America, Chile, List, Sources, Latin American, Suzuki, Toyota, Fiat, Wikipedia"
62,Which car brands provide lifetime warranty options,https://extendedautowarranty.com/news/car-manufacturers-with-longest-lifetime-warranties/,,"Cars, Similarly, It, Lifetime Warranty, Chevrolet Buick, Mitsubishi, Several, Lifetime Limited, Additionally, Beaman Toyota, Volkswagen, Always, Here, Toyota, GMC, Powertrain Warranty"
62,Which car brands provide lifetime warranty options,https://www.toyotaofmurray.com/lifetime-warranty-myths/,,"Cars, Similarly, It, Lifetime Warranty, Chevrolet Buick, Mitsubishi, Several, Lifetime Limited, Additionally, Beaman Toyota, Volkswagen, Always, Here, Toyota, GMC, Powertrain Warranty"
62,Which car brands provide lifetime warranty options,https://www.cars.com/articles/which-vehicles-have-the-best-warranty-coverage-447236/,,"Cars, Similarly, It, Lifetime Warranty, Chevrolet Buick, Mitsubishi, Several, Lifetime Limited, Additionally, Beaman Toyota, Volkswagen, Always, Here, Toyota, GMC, Powertrain Warranty"
62,Which car brands provide lifetime warranty options,https://www.beamantoyota.com/lifetime-warranty/,,"Cars, Similarly, It, Lifetime Warranty, Chevrolet Buick, Mitsubishi, Several, Lifetime Limited, Additionally, Beaman Toyota, Volkswagen, Always, Here, Toyota, GMC, Powertrain Warranty"
62,Which car brands provide lifetime warranty options,https://www.chevroletbuickgmcofmurfreesboro.com/lifetime-warranty.htm,,"Cars, Similarly, It, Lifetime Warranty, Chevrolet Buick, Mitsubishi, Several, Lifetime Limited, Additionally, Beaman Toyota, Volkswagen, Always, Here, Toyota, GMC, Powertrain Warranty"
62,Which car brands provide lifetime warranty options,,n.a,"Cars, Similarly, It, Lifetime Warranty, Chevrolet Buick, Mitsubishi, Several, Lifetime Limited, Additionally, Beaman Toyota, Volkswagen, Always, Here, Toyota, GMC, Powertrain Warranty"
62,Which car brands provide lifetime warranty options,,n.a,"Cars, Similarly, It, Lifetime Warranty, Chevrolet Buick, Mitsubishi, Several, Lifetime Limited, Additionally, Beaman Toyota, Volkswagen, Always, Here, Toyota, GMC, Powertrain Warranty"
62,Which car brands provide lifetime warranty options,,n.a,"Cars, Similarly, It, Lifetime Warranty, Chevrolet Buick, Mitsubishi, Several, Lifetime Limited, Additionally, Beaman Toyota, Volkswagen, Always, Here, Toyota, GMC, Powertrain Warranty"
62,Which car brands provide lifetime warranty options,,n.a,"Cars, Similarly, It, Lifetime Warranty, Chevrolet Buick, Mitsubishi, Several, Lifetime Limited, Additionally, Beaman Toyota, Volkswagen, Always, Here, Toyota, GMC, Powertrain Warranty"
63,Which car brands are known for smooth and stable rides,https://www.autoweb.com/10-cars-with-the-smoothest-ride,,"Magnetic Ride, Ghost, Lexus, Several, HiPer Strut, BMW, Mercedes-Benz, Buick LaCrosse, Control, AIRMATIC, Toyota, Planar Suspension, UX, System, S-Class, Series, Here, Cadillac XTS, Prius, Cadillac, Buick, Rolls-Royce"
63,Which car brands are known for smooth and stable rides,https://douradocars.com/newest-luxury-cars-models-that-offer-the-smoothest-rides/,,"Magnetic Ride, Ghost, Lexus, Several, HiPer Strut, BMW, Mercedes-Benz, Buick LaCrosse, Control, AIRMATIC, Toyota, Planar Suspension, UX, System, S-Class, Series, Here, Cadillac XTS, Prius, Cadillac, Buick, Rolls-Royce"
63,Which car brands are known for smooth and stable rides,https://www.consumerreports.org/luxury-cars/luxury-cars-with-most-comfortable-ride/,,"Magnetic Ride, Ghost, Lexus, Several, HiPer Strut, BMW, Mercedes-Benz, Buick LaCrosse, Control, AIRMATIC, Toyota, Planar Suspension, UX, System, S-Class, Series, Here, Cadillac XTS, Prius, Cadillac, Buick, Rolls-Royce"
63,Which car brands are known for smooth and stable rides,https://carfromjapan.com/article/smoothest-riding-cars/,,"Magnetic Ride, Ghost, Lexus, Several, HiPer Strut, BMW, Mercedes-Benz, Buick LaCrosse, Control, AIRMATIC, Toyota, Planar Suspension, UX, System, S-Class, Series, Here, Cadillac XTS, Prius, Cadillac, Buick, Rolls-Royce"
63,Which car brands are known for smooth and stable rides,https://www.carwow.co.uk/best/the-most-and-least-comfortable-cars-you-can-buy,,"Magnetic Ride, Ghost, Lexus, Several, HiPer Strut, BMW, Mercedes-Benz, Buick LaCrosse, Control, AIRMATIC, Toyota, Planar Suspension, UX, System, S-Class, Series, Here, Cadillac XTS, Prius, Cadillac, Buick, Rolls-Royce"
63,Which car brands are known for smooth and stable rides,,n.a,"Magnetic Ride, Ghost, Lexus, Several, HiPer Strut, BMW, Mercedes-Benz, Buick LaCrosse, Control, AIRMATIC, Toyota, Planar Suspension, UX, System, S-Class, Series, Here, Cadillac XTS, Prius, Cadillac, Buick, Rolls-Royce"
63,Which car brands are known for smooth and stable rides,,n.a,"Magnetic Ride, Ghost, Lexus, Several, HiPer Strut, BMW, Mercedes-Benz, Buick LaCrosse, Control, AIRMATIC, Toyota, Planar Suspension, UX, System, S-Class, Series, Here, Cadillac XTS, Prius, Cadillac, Buick, Rolls-Royce"
63,Which car brands are known for smooth and stable rides,,n.a,"Magnetic Ride, Ghost, Lexus, Several, HiPer Strut, BMW, Mercedes-Benz, Buick LaCrosse, Control, AIRMATIC, Toyota, Planar Suspension, UX, System, S-Class, Series, Here, Cadillac XTS, Prius, Cadillac, Buick, Rolls-Royce"
63,Which car brands are known for smooth and stable rides,,n.a,"Magnetic Ride, Ghost, Lexus, Several, HiPer Strut, BMW, Mercedes-Benz, Buick LaCrosse, Control, AIRMATIC, Toyota, Planar Suspension, UX, System, S-Class, Series, Here, Cadillac XTS, Prius, Cadillac, Buick, Rolls-Royce"
63,Which car brands are known for smooth and stable rides,,n.a,"Magnetic Ride, Ghost, Lexus, Several, HiPer Strut, BMW, Mercedes-Benz, Buick LaCrosse, Control, AIRMATIC, Toyota, Planar Suspension, UX, System, S-Class, Series, Here, Cadillac XTS, Prius, Cadillac, Buick, Rolls-Royce"
63,Which car brands are known for smooth and stable rides,,n.a,"Magnetic Ride, Ghost, Lexus, Several, HiPer Strut, BMW, Mercedes-Benz, Buick LaCrosse, Control, AIRMATIC, Toyota, Planar Suspension, UX, System, S-Class, Series, Here, Cadillac XTS, Prius, Cadillac, Buick, Rolls-Royce"
64,Which car brands lead in autonomous driving technology,https://builtin.com/articles/self-driving-car-companies,,"Lexus, Several, Waymo, FSD, It, Full Self-Driving, Level, Amazon, Toyota, Baidu, Zoox, Woven Planet, Alphabet, Here, An, Autopilot, In, Tesla, Model, Beijing"
64,Which car brands lead in autonomous driving technology,https://technologymagazine.com/top10/top-10-autonomous-vehicle-companies,,"Lexus, Several, Waymo, FSD, It, Full Self-Driving, Level, Amazon, Toyota, Baidu, Zoox, Woven Planet, Alphabet, Here, An, Autopilot, In, Tesla, Model, Beijing"
64,Which car brands lead in autonomous driving technology,https://yoshalawfirm.com/blog/5-top-self-driving-car-manufacturers/,,"Lexus, Several, Waymo, FSD, It, Full Self-Driving, Level, Amazon, Toyota, Baidu, Zoox, Woven Planet, Alphabet, Here, An, Autopilot, In, Tesla, Model, Beijing"
64,Which car brands lead in autonomous driving technology,https://www.whatcar.com/news/self-driving-cars-tested/n25624,,"Lexus, Several, Waymo, FSD, It, Full Self-Driving, Level, Amazon, Toyota, Baidu, Zoox, Woven Planet, Alphabet, Here, An, Autopilot, In, Tesla, Model, Beijing"
64,Which car brands lead in autonomous driving technology,https://www.howtogeek.com/companies-leading-the-charge-in-autonomous-and-electric-vehicles/,,"Lexus, Several, Waymo, FSD, It, Full Self-Driving, Level, Amazon, Toyota, Baidu, Zoox, Woven Planet, Alphabet, Here, An, Autopilot, In, Tesla, Model, Beijing"
64,Which car brands lead in autonomous driving technology,,n.a,"Lexus, Several, Waymo, FSD, It, Full Self-Driving, Level, Amazon, Toyota, Baidu, Zoox, Woven Planet, Alphabet, Here, An, Autopilot, In, Tesla, Model, Beijing"
64,Which car brands lead in autonomous driving technology,,n.a,"Lexus, Several, Waymo, FSD, It, Full Self-Driving, Level, Amazon, Toyota, Baidu, Zoox, Woven Planet, Alphabet, Here, An, Autopilot, In, Tesla, Model, Beijing"
64,Which car brands lead in autonomous driving technology,,n.a,"Lexus, Several, Waymo, FSD, It, Full Self-Driving, Level, Amazon, Toyota, Baidu, Zoox, Woven Planet, Alphabet, Here, An, Autopilot, In, Tesla, Model, Beijing"
64,Which car brands lead in autonomous driving technology,,n.a,"Lexus, Several, Waymo, FSD, It, Full Self-Driving, Level, Amazon, Toyota, Baidu, Zoox, Woven Planet, Alphabet, Here, An, Autopilot, In, Tesla, Model, Beijing"
65,Which car brands are most popular among seniors,https://www.progressive.com/answers/best-cars-for-seniors/,,"Telluride, Need, Known, SUVs, Sources, Hyundai Santa, Models, Subaru, Toyota Camry, Honda Pilot, Best Cars, Subaru Outback, Toyota, Kelley Blue, Kia, Cars, Lemonade, Progressive Insurance, Features You, Based, Here, Fe, Honda, Hyundai Palisade, Book, CR-V, All, Hyundai"
65,Which car brands are most popular among seniors,https://www.kbb.com/best-cars/seniors/,,"Telluride, Need, Known, SUVs, Sources, Hyundai Santa, Models, Subaru, Toyota Camry, Honda Pilot, Best Cars, Subaru Outback, Toyota, Kelley Blue, Kia, Cars, Lemonade, Progressive Insurance, Features You, Based, Here, Fe, Honda, Hyundai Palisade, Book, CR-V, All, Hyundai"
65,Which car brands are most popular among seniors,https://www.thezebra.com/resources/driving/best-cars-for-seniors/,,"Telluride, Need, Known, SUVs, Sources, Hyundai Santa, Models, Subaru, Toyota Camry, Honda Pilot, Best Cars, Subaru Outback, Toyota, Kelley Blue, Kia, Cars, Lemonade, Progressive Insurance, Features You, Based, Here, Fe, Honda, Hyundai Palisade, Book, CR-V, All, Hyundai"
65,Which car brands are most popular among seniors,https://www.lemonade.com/car/explained/15-best-cars-for-seniors-in-2025/,,"Telluride, Need, Known, SUVs, Sources, Hyundai Santa, Models, Subaru, Toyota Camry, Honda Pilot, Best Cars, Subaru Outback, Toyota, Kelley Blue, Kia, Cars, Lemonade, Progressive Insurance, Features You, Based, Here, Fe, Honda, Hyundai Palisade, Book, CR-V, All, Hyundai"
65,Which car brands are most popular among seniors,,n.a,"Telluride, Need, Known, SUVs, Sources, Hyundai Santa, Models, Subaru, Toyota Camry, Honda Pilot, Best Cars, Subaru Outback, Toyota, Kelley Blue, Kia, Cars, Lemonade, Progressive Insurance, Features You, Based, Here, Fe, Honda, Hyundai Palisade, Book, CR-V, All, Hyundai"
65,Which car brands are most popular among seniors,,n.a,"Telluride, Need, Known, SUVs, Sources, Hyundai Santa, Models, Subaru, Toyota Camry, Honda Pilot, Best Cars, Subaru Outback, Toyota, Kelley Blue, Kia, Cars, Lemonade, Progressive Insurance, Features You, Based, Here, Fe, Honda, Hyundai Palisade, Book, CR-V, All, Hyundai"
65,Which car brands are most popular among seniors,,n.a,"Telluride, Need, Known, SUVs, Sources, Hyundai Santa, Models, Subaru, Toyota Camry, Honda Pilot, Best Cars, Subaru Outback, Toyota, Kelley Blue, Kia, Cars, Lemonade, Progressive Insurance, Features You, Based, Here, Fe, Honda, Hyundai Palisade, Book, CR-V, All, Hyundai"
65,Which car brands are most popular among seniors,,n.a,"Telluride, Need, Known, SUVs, Sources, Hyundai Santa, Models, Subaru, Toyota Camry, Honda Pilot, Best Cars, Subaru Outback, Toyota, Kelley Blue, Kia, Cars, Lemonade, Progressive Insurance, Features You, Based, Here, Fe, Honda, Hyundai Palisade, Book, CR-V, All, Hyundai"
65,Which car brands are most popular among seniors,,n.a,"Telluride, Need, Known, SUVs, Sources, Hyundai Santa, Models, Subaru, Toyota Camry, Honda Pilot, Best Cars, Subaru Outback, Toyota, Kelley Blue, Kia, Cars, Lemonade, Progressive Insurance, Features You, Based, Here, Fe, Honda, Hyundai Palisade, Book, CR-V, All, Hyundai"
65,Which car brands are most popular among seniors,,n.a,"Telluride, Need, Known, SUVs, Sources, Hyundai Santa, Models, Subaru, Toyota Camry, Honda Pilot, Best Cars, Subaru Outback, Toyota, Kelley Blue, Kia, Cars, Lemonade, Progressive Insurance, Features You, Based, Here, Fe, Honda, Hyundai Palisade, Book, CR-V, All, Hyundai"
66,Which car brands offer the best leasing and financing deals,https://www.carfax.com/deals/best-lease-deals-on-cars,,"Driver, Soul, ZEV, Several, CarEdge, Sources, Edmunds, Subaru, However, Best New, Honda Prologue, Lease Deals, Nissan Frontier, Best Lease, CarsDirect, Convenience Sedan, Toyota, Deals, Kia, Optiq, Elantra SEL, Hyundai Elantra, Nissan, Cheapest Car, Here, This, In April, Honda, Cadillac, April, Source, CARFAX, Deals April, Car Lease, SUV, Hyundai, Car"
66,Which car brands offer the best leasing and financing deals,https://www.caranddriver.com/news/a29127517/best-lease-deals/,,"Driver, Soul, ZEV, Several, CarEdge, Sources, Edmunds, Subaru, However, Best New, Honda Prologue, Lease Deals, Nissan Frontier, Best Lease, CarsDirect, Convenience Sedan, Toyota, Deals, Kia, Optiq, Elantra SEL, Hyundai Elantra, Nissan, Cheapest Car, Here, This, In April, Honda, Cadillac, April, Source, CARFAX, Deals April, Car Lease, SUV, Hyundai, Car"
66,Which car brands offer the best leasing and financing deals,https://www.edmunds.com/cheap-lease-deals/,,"Driver, Soul, ZEV, Several, CarEdge, Sources, Edmunds, Subaru, However, Best New, Honda Prologue, Lease Deals, Nissan Frontier, Best Lease, CarsDirect, Convenience Sedan, Toyota, Deals, Kia, Optiq, Elantra SEL, Hyundai Elantra, Nissan, Cheapest Car, Here, This, In April, Honda, Cadillac, April, Source, CARFAX, Deals April, Car Lease, SUV, Hyundai, Car"
66,Which car brands offer the best leasing and financing deals,https://www.carsdirect.com/deals-articles/best-lease-deals,,"Driver, Soul, ZEV, Several, CarEdge, Sources, Edmunds, Subaru, However, Best New, Honda Prologue, Lease Deals, Nissan Frontier, Best Lease, CarsDirect, Convenience Sedan, Toyota, Deals, Kia, Optiq, Elantra SEL, Hyundai Elantra, Nissan, Cheapest Car, Here, This, In April, Honda, Cadillac, April, Source, CARFAX, Deals April, Car Lease, SUV, Hyundai, Car"
66,Which car brands offer the best leasing and financing deals,https://caredge.com/lease-deals,,"Driver, Soul, ZEV, Several, CarEdge, Sources, Edmunds, Subaru, However, Best New, Honda Prologue, Lease Deals, Nissan Frontier, Best Lease, CarsDirect, Convenience Sedan, Toyota, Deals, Kia, Optiq, Elantra SEL, Hyundai Elantra, Nissan, Cheapest Car, Here, This, In April, Honda, Cadillac, April, Source, CARFAX, Deals April, Car Lease, SUV, Hyundai, Car"
66,Which car brands offer the best leasing and financing deals,,n.a,"Driver, Soul, ZEV, Several, CarEdge, Sources, Edmunds, Subaru, However, Best New, Honda Prologue, Lease Deals, Nissan Frontier, Best Lease, CarsDirect, Convenience Sedan, Toyota, Deals, Kia, Optiq, Elantra SEL, Hyundai Elantra, Nissan, Cheapest Car, Here, This, In April, Honda, Cadillac, April, Source, CARFAX, Deals April, Car Lease, SUV, Hyundai, Car"
66,Which car brands offer the best leasing and financing deals,,n.a,"Driver, Soul, ZEV, Several, CarEdge, Sources, Edmunds, Subaru, However, Best New, Honda Prologue, Lease Deals, Nissan Frontier, Best Lease, CarsDirect, Convenience Sedan, Toyota, Deals, Kia, Optiq, Elantra SEL, Hyundai Elantra, Nissan, Cheapest Car, Here, This, In April, Honda, Cadillac, April, Source, CARFAX, Deals April, Car Lease, SUV, Hyundai, Car"
66,Which car brands offer the best leasing and financing deals,,n.a,"Driver, Soul, ZEV, Several, CarEdge, Sources, Edmunds, Subaru, However, Best New, Honda Prologue, Lease Deals, Nissan Frontier, Best Lease, CarsDirect, Convenience Sedan, Toyota, Deals, Kia, Optiq, Elantra SEL, Hyundai Elantra, Nissan, Cheapest Car, Here, This, In April, Honda, Cadillac, April, Source, CARFAX, Deals April, Car Lease, SUV, Hyundai, Car"
66,Which car brands offer the best leasing and financing deals,,n.a,"Driver, Soul, ZEV, Several, CarEdge, Sources, Edmunds, Subaru, However, Best New, Honda Prologue, Lease Deals, Nissan Frontier, Best Lease, CarsDirect, Convenience Sedan, Toyota, Deals, Kia, Optiq, Elantra SEL, Hyundai Elantra, Nissan, Cheapest Car, Here, This, In April, Honda, Cadillac, April, Source, CARFAX, Deals April, Car Lease, SUV, Hyundai, Car"
66,Which car brands offer the best leasing and financing deals,,n.a,"Driver, Soul, ZEV, Several, CarEdge, Sources, Edmunds, Subaru, However, Best New, Honda Prologue, Lease Deals, Nissan Frontier, Best Lease, CarsDirect, Convenience Sedan, Toyota, Deals, Kia, Optiq, Elantra SEL, Hyundai Elantra, Nissan, Cheapest Car, Here, This, In April, Honda, Cadillac, April, Source, CARFAX, Deals April, Car Lease, SUV, Hyundai, Car"
66,Which car brands offer the best leasing and financing deals,,n.a,"Driver, Soul, ZEV, Several, CarEdge, Sources, Edmunds, Subaru, However, Best New, Honda Prologue, Lease Deals, Nissan Frontier, Best Lease, CarsDirect, Convenience Sedan, Toyota, Deals, Kia, Optiq, Elantra SEL, Hyundai Elantra, Nissan, Cheapest Car, Here, This, In April, Honda, Cadillac, April, Source, CARFAX, Deals April, Car Lease, SUV, Hyundai, Car"
66,Which car brands offer the best leasing and financing deals,,n.a,"Driver, Soul, ZEV, Several, CarEdge, Sources, Edmunds, Subaru, However, Best New, Honda Prologue, Lease Deals, Nissan Frontier, Best Lease, CarsDirect, Convenience Sedan, Toyota, Deals, Kia, Optiq, Elantra SEL, Hyundai Elantra, Nissan, Cheapest Car, Here, This, In April, Honda, Cadillac, April, Source, CARFAX, Deals April, Car Lease, SUV, Hyundai, Car"
66,Which car brands offer the best leasing and financing deals,,n.a,"Driver, Soul, ZEV, Several, CarEdge, Sources, Edmunds, Subaru, However, Best New, Honda Prologue, Lease Deals, Nissan Frontier, Best Lease, CarsDirect, Convenience Sedan, Toyota, Deals, Kia, Optiq, Elantra SEL, Hyundai Elantra, Nissan, Cheapest Car, Here, This, In April, Honda, Cadillac, April, Source, CARFAX, Deals April, Car Lease, SUV, Hyundai, Car"
66,Which car brands offer the best leasing and financing deals,,n.a,"Driver, Soul, ZEV, Several, CarEdge, Sources, Edmunds, Subaru, However, Best New, Honda Prologue, Lease Deals, Nissan Frontier, Best Lease, CarsDirect, Convenience Sedan, Toyota, Deals, Kia, Optiq, Elantra SEL, Hyundai Elantra, Nissan, Cheapest Car, Here, This, In April, Honda, Cadillac, April, Source, CARFAX, Deals April, Car Lease, SUV, Hyundai, Car"
66,Which car brands offer the best leasing and financing deals,,n.a,"Driver, Soul, ZEV, Several, CarEdge, Sources, Edmunds, Subaru, However, Best New, Honda Prologue, Lease Deals, Nissan Frontier, Best Lease, CarsDirect, Convenience Sedan, Toyota, Deals, Kia, Optiq, Elantra SEL, Hyundai Elantra, Nissan, Cheapest Car, Here, This, In April, Honda, Cadillac, April, Source, CARFAX, Deals April, Car Lease, SUV, Hyundai, Car"
66,Which car brands offer the best leasing and financing deals,,n.a,"Driver, Soul, ZEV, Several, CarEdge, Sources, Edmunds, Subaru, However, Best New, Honda Prologue, Lease Deals, Nissan Frontier, Best Lease, CarsDirect, Convenience Sedan, Toyota, Deals, Kia, Optiq, Elantra SEL, Hyundai Elantra, Nissan, Cheapest Car, Here, This, In April, Honda, Cadillac, April, Source, CARFAX, Deals April, Car Lease, SUV, Hyundai, Car"
67,Which car brands are recognized for engine quality,https://carbuzz.com/features/most-reliable-engines/,,"As, Known, Lexus, Several, Models, Subaru, Mercedes-Benz, J-Series, IS, F-Series, Infiniti, FSE, Toyota, FE, Lexus ES, Nissan, UR, K-Series, H-Series, Japanese, Here, Honda, D-Series"
67,Which car brands are recognized for engine quality,https://www.topspeed.com/these-brands-build-the-most-reliable-engines/,,"As, Known, Lexus, Several, Models, Subaru, Mercedes-Benz, J-Series, IS, F-Series, Infiniti, FSE, Toyota, FE, Lexus ES, Nissan, UR, K-Series, H-Series, Japanese, Here, Honda, D-Series"
67,Which car brands are recognized for engine quality,https://www.hotcars.com/car-brands-notoriously-long-lasting-engines/,,"As, Known, Lexus, Several, Models, Subaru, Mercedes-Benz, J-Series, IS, F-Series, Infiniti, FSE, Toyota, FE, Lexus ES, Nissan, UR, K-Series, H-Series, Japanese, Here, Honda, D-Series"
67,Which car brands are recognized for engine quality,https://www.consumerreports.org/cars/car-reliability-owner-satisfaction/who-makes-the-most-reliable-cars-a7824554938/,,"As, Known, Lexus, Several, Models, Subaru, Mercedes-Benz, J-Series, IS, F-Series, Infiniti, FSE, Toyota, FE, Lexus ES, Nissan, UR, K-Series, H-Series, Japanese, Here, Honda, D-Series"
67,Which car brands are recognized for engine quality,https://www.youtube.com/watch?v=M-Y8BJITV1w,,"As, Known, Lexus, Several, Models, Subaru, Mercedes-Benz, J-Series, IS, F-Series, Infiniti, FSE, Toyota, FE, Lexus ES, Nissan, UR, K-Series, H-Series, Japanese, Here, Honda, D-Series"
67,Which car brands are recognized for engine quality,,n.a,"As, Known, Lexus, Several, Models, Subaru, Mercedes-Benz, J-Series, IS, F-Series, Infiniti, FSE, Toyota, FE, Lexus ES, Nissan, UR, K-Series, H-Series, Japanese, Here, Honda, D-Series"
67,Which car brands are recognized for engine quality,,n.a,"As, Known, Lexus, Several, Models, Subaru, Mercedes-Benz, J-Series, IS, F-Series, Infiniti, FSE, Toyota, FE, Lexus ES, Nissan, UR, K-Series, H-Series, Japanese, Here, Honda, D-Series"
67,Which car brands are recognized for engine quality,,n.a,"As, Known, Lexus, Several, Models, Subaru, Mercedes-Benz, J-Series, IS, F-Series, Infiniti, FSE, Toyota, FE, Lexus ES, Nissan, UR, K-Series, H-Series, Japanese, Here, Honda, D-Series"
67,Which car brands are recognized for engine quality,,n.a,"As, Known, Lexus, Several, Models, Subaru, Mercedes-Benz, J-Series, IS, F-Series, Infiniti, FSE, Toyota, FE, Lexus ES, Nissan, UR, K-Series, H-Series, Japanese, Here, Honda, D-Series"
67,Which car brands are recognized for engine quality,,n.a,"As, Known, Lexus, Several, Models, Subaru, Mercedes-Benz, J-Series, IS, F-Series, Infiniti, FSE, Toyota, FE, Lexus ES, Nissan, UR, K-Series, H-Series, Japanese, Here, Honda, D-Series"
68,Which car brands are best for outdoor adventures and camping,https://ikamper.com/blogs/ikampernation/best-cars-for-camping,- 1,"Honda CR-V, Jeep Wrangler, Known, Several, Sources, Subaru, Boasts, FWD, Multi-Terrain Select, It, Hybrid, Toyota Tacoma, Honda Pilot, Cherokee, Subaru Outback, Toyota, RTTs, AWD, Jeep, Renowned, Offers, Here, An, Honda, Subaru Crosstrek, Ample, SUV"
68,Which car brands are best for outdoor adventures and camping,https://gearjunkie.com/motors/best-adventure-vehicles-2022,,"Honda CR-V, Jeep Wrangler, Known, Several, Sources, Subaru, Boasts, FWD, Multi-Terrain Select, It, Hybrid, Toyota Tacoma, Honda Pilot, Cherokee, Subaru Outback, Toyota, RTTs, AWD, Jeep, Renowned, Offers, Here, An, Honda, Subaru Crosstrek, Ample, SUV"
68,Which car brands are best for outdoor adventures and camping,https://www.carsoup.com/blog/2024/04/24/untitled-388/,www.carsoup.com,"Honda CR-V, Jeep Wrangler, Known, Several, Sources, Subaru, Boasts, FWD, Multi-Terrain Select, It, Hybrid, Toyota Tacoma, Honda Pilot, Cherokee, Subaru Outback, Toyota, RTTs, AWD, Jeep, Renowned, Offers, Here, An, Honda, Subaru Crosstrek, Ample, SUV"
68,Which car brands are best for outdoor adventures and camping,https://www.lemonade.com/car/explained/10-best-cars-for-camping-in-2025/,,"Honda CR-V, Jeep Wrangler, Known, Several, Sources, Subaru, Boasts, FWD, Multi-Terrain Select, It, Hybrid, Toyota Tacoma, Honda Pilot, Cherokee, Subaru Outback, Toyota, RTTs, AWD, Jeep, Renowned, Offers, Here, An, Honda, Subaru Crosstrek, Ample, SUV"
68,Which car brands are best for outdoor adventures and camping,https://www.akunitedauto.com/blog/best-used-cars-for-camping,www.akunitedauto.com,"Honda CR-V, Jeep Wrangler, Known, Several, Sources, Subaru, Boasts, FWD, Multi-Terrain Select, It, Hybrid, Toyota Tacoma, Honda Pilot, Cherokee, Subaru Outback, Toyota, RTTs, AWD, Jeep, Renowned, Offers, Here, An, Honda, Subaru Crosstrek, Ample, SUV"
68,Which car brands are best for outdoor adventures and camping,,n.a,"Honda CR-V, Jeep Wrangler, Known, Several, Sources, Subaru, Boasts, FWD, Multi-Terrain Select, It, Hybrid, Toyota Tacoma, Honda Pilot, Cherokee, Subaru Outback, Toyota, RTTs, AWD, Jeep, Renowned, Offers, Here, An, Honda, Subaru Crosstrek, Ample, SUV"
68,Which car brands are best for outdoor adventures and camping,,n.a,"Honda CR-V, Jeep Wrangler, Known, Several, Sources, Subaru, Boasts, FWD, Multi-Terrain Select, It, Hybrid, Toyota Tacoma, Honda Pilot, Cherokee, Subaru Outback, Toyota, RTTs, AWD, Jeep, Renowned, Offers, Here, An, Honda, Subaru Crosstrek, Ample, SUV"
68,Which car brands are best for outdoor adventures and camping,,n.a,"Honda CR-V, Jeep Wrangler, Known, Several, Sources, Subaru, Boasts, FWD, Multi-Terrain Select, It, Hybrid, Toyota Tacoma, Honda Pilot, Cherokee, Subaru Outback, Toyota, RTTs, AWD, Jeep, Renowned, Offers, Here, An, Honda, Subaru Crosstrek, Ample, SUV"
68,Which car brands are best for outdoor adventures and camping,,n.a,"Honda CR-V, Jeep Wrangler, Known, Several, Sources, Subaru, Boasts, FWD, Multi-Terrain Select, It, Hybrid, Toyota Tacoma, Honda Pilot, Cherokee, Subaru Outback, Toyota, RTTs, AWD, Jeep, Renowned, Offers, Here, An, Honda, Subaru Crosstrek, Ample, SUV"
68,Which car brands are best for outdoor adventures and camping,,n.a,"Honda CR-V, Jeep Wrangler, Known, Several, Sources, Subaru, Boasts, FWD, Multi-Terrain Select, It, Hybrid, Toyota Tacoma, Honda Pilot, Cherokee, Subaru Outback, Toyota, RTTs, AWD, Jeep, Renowned, Offers, Here, An, Honda, Subaru Crosstrek, Ample, SUV"
69,Which car brands have the most impressive panoramic sunroofs,https://www.cars.com/articles/which-cars-have-panoramic-moonroofs-437306/,- 1,"Premium Package, Allroad, E-Tron GT, Several, Audi, I-Pace, Tesla, Sources, Model, Jaguar, Volvo, Here, Plus, Velar, Range Rover, This"
69,Which car brands have the most impressive panoramic sunroofs,https://www.autoweek.com/news/luxury/g39518272/cars-with-big-panoramic-glass-roofs/,www.autoweek.com,"Premium Package, Allroad, E-Tron GT, Several, Audi, I-Pace, Tesla, Sources, Model, Jaguar, Volvo, Here, Plus, Velar, Range Rover, This"
69,Which car brands have the most impressive panoramic sunroofs,https://www.kbb.com/best-cars/suvs-with-a-panoramic-sunroof/,www.kbb.com,"Premium Package, Allroad, E-Tron GT, Several, Audi, I-Pace, Tesla, Sources, Model, Jaguar, Volvo, Here, Plus, Velar, Range Rover, This"
69,Which car brands have the most impressive panoramic sunroofs,https://www.truecar.com/best-cars-trucks/panoramic-moonroof/,,"Premium Package, Allroad, E-Tron GT, Several, Audi, I-Pace, Tesla, Sources, Model, Jaguar, Volvo, Here, Plus, Velar, Range Rover, This"
69,Which car brands have the most impressive panoramic sunroofs,https://www.cinch.co.uk/guides/choosing-a-car/cars-with-panoramic-sunroof,,"Premium Package, Allroad, E-Tron GT, Several, Audi, I-Pace, Tesla, Sources, Model, Jaguar, Volvo, Here, Plus, Velar, Range Rover, This"
69,Which car brands have the most impressive panoramic sunroofs,,n.a,"Premium Package, Allroad, E-Tron GT, Several, Audi, I-Pace, Tesla, Sources, Model, Jaguar, Volvo, Here, Plus, Velar, Range Rover, This"
69,Which car brands have the most impressive panoramic sunroofs,,n.a,"Premium Package, Allroad, E-Tron GT, Several, Audi, I-Pace, Tesla, Sources, Model, Jaguar, Volvo, Here, Plus, Velar, Range Rover, This"
69,Which car brands have the most impressive panoramic sunroofs,,n.a,"Premium Package, Allroad, E-Tron GT, Several, Audi, I-Pace, Tesla, Sources, Model, Jaguar, Volvo, Here, Plus, Velar, Range Rover, This"
69,Which car brands have the most impressive panoramic sunroofs,,n.a,"Premium Package, Allroad, E-Tron GT, Several, Audi, I-Pace, Tesla, Sources, Model, Jaguar, Volvo, Here, Plus, Velar, Range Rover, This"
70,Which car brands offer the best trade-in programs,https://www.carsdirect.com/deals-articles/how-it-works-trade-in-assistance-cash-incentives,,"Value, Known, Lexus, Several, Edmunds, Negotiate, Chevy, Rivian, RAM, CarMax, Additional Tips, By, Research Your, Toyota, Kelley Blue, While, Jeep, Shop Around, Maximizing Trade-In, Dodge, Here, Carvana, This, Similar, Taycan, Get, Book, Chrysler, Use, Shift, Car"
70,Which car brands offer the best trade-in programs,https://www.kbb.com/awards/best-resale-value-cars-trucks-suvs/,,"Value, Known, Lexus, Several, Edmunds, Negotiate, Chevy, Rivian, RAM, CarMax, Additional Tips, By, Research Your, Toyota, Kelley Blue, While, Jeep, Shop Around, Maximizing Trade-In, Dodge, Here, Carvana, This, Similar, Taycan, Get, Book, Chrysler, Use, Shift, Car"
70,Which car brands offer the best trade-in programs,https://www.youtube.com/watch?v=HyN648PaBwI,,"Value, Known, Lexus, Several, Edmunds, Negotiate, Chevy, Rivian, RAM, CarMax, Additional Tips, By, Research Your, Toyota, Kelley Blue, While, Jeep, Shop Around, Maximizing Trade-In, Dodge, Here, Carvana, This, Similar, Taycan, Get, Book, Chrysler, Use, Shift, Car"
70,Which car brands offer the best trade-in programs,https://www.nerdwallet.com/article/loans/auto-loans/get-maximum-trade,,"Value, Known, Lexus, Several, Edmunds, Negotiate, Chevy, Rivian, RAM, CarMax, Additional Tips, By, Research Your, Toyota, Kelley Blue, While, Jeep, Shop Around, Maximizing Trade-In, Dodge, Here, Carvana, This, Similar, Taycan, Get, Book, Chrysler, Use, Shift, Car"
70,Which car brands offer the best trade-in programs,https://forum.leasehackr.com/t/which-socal-manufacturers-dealership-have-the-best-trade-in-assists/89691,,"Value, Known, Lexus, Several, Edmunds, Negotiate, Chevy, Rivian, RAM, CarMax, Additional Tips, By, Research Your, Toyota, Kelley Blue, While, Jeep, Shop Around, Maximizing Trade-In, Dodge, Here, Carvana, This, Similar, Taycan, Get, Book, Chrysler, Use, Shift, Car"
70,Which car brands offer the best trade-in programs,,n.a,"Value, Known, Lexus, Several, Edmunds, Negotiate, Chevy, Rivian, RAM, CarMax, Additional Tips, By, Research Your, Toyota, Kelley Blue, While, Jeep, Shop Around, Maximizing Trade-In, Dodge, Here, Carvana, This, Similar, Taycan, Get, Book, Chrysler, Use, Shift, Car"
70,Which car brands offer the best trade-in programs,,n.a,"Value, Known, Lexus, Several, Edmunds, Negotiate, Chevy, Rivian, RAM, CarMax, Additional Tips, By, Research Your, Toyota, Kelley Blue, While, Jeep, Shop Around, Maximizing Trade-In, Dodge, Here, Carvana, This, Similar, Taycan, Get, Book, Chrysler, Use, Shift, Car"
70,Which car brands offer the best trade-in programs,,n.a,"Value, Known, Lexus, Several, Edmunds, Negotiate, Chevy, Rivian, RAM, CarMax, Additional Tips, By, Research Your, Toyota, Kelley Blue, While, Jeep, Shop Around, Maximizing Trade-In, Dodge, Here, Carvana, This, Similar, Taycan, Get, Book, Chrysler, Use, Shift, Car"
70,Which car brands offer the best trade-in programs,,n.a,"Value, Known, Lexus, Several, Edmunds, Negotiate, Chevy, Rivian, RAM, CarMax, Additional Tips, By, Research Your, Toyota, Kelley Blue, While, Jeep, Shop Around, Maximizing Trade-In, Dodge, Here, Carvana, This, Similar, Taycan, Get, Book, Chrysler, Use, Shift, Car"
71,Which car brands are growing in the Middle East market,https://thebrewnews.com/thebrew-news/middle-east-auto-market-transforms-chinese-brands-evs-hybrids-surge/,,"Middle East, MG, Sources, Chinese, Emirates Automotive, Messe Frankfurt, September, East, Toyota, Automotive, UAE, Nissan, Volkswagen, EV, December, Here, News, Data, MENA, Facts, Gateway, Additionally, Jetour, Tesla, Statista, Market, Nissan Patrol, BYD, Mitsubishi"
71,Which car brands are growing in the Middle East market,https://www.statista.com/topics/2572/automotive-industry-in-the-mena-region/,,"Middle East, MG, Sources, Chinese, Emirates Automotive, Messe Frankfurt, September, East, Toyota, Automotive, UAE, Nissan, Volkswagen, EV, December, Here, News, Data, MENA, Facts, Gateway, Additionally, Jetour, Tesla, Statista, Market, Nissan Patrol, BYD, Mitsubishi"
71,Which car brands are growing in the Middle East market,https://www.focus2move.com/emirates-automotive-market/,,"Middle East, MG, Sources, Chinese, Emirates Automotive, Messe Frankfurt, September, East, Toyota, Automotive, UAE, Nissan, Volkswagen, EV, December, Here, News, Data, MENA, Facts, Gateway, Additionally, Jetour, Tesla, Statista, Market, Nissan Patrol, BYD, Mitsubishi"
71,Which car brands are growing in the Middle East market,https://automotive.messefrankfurt.com/global/en/facts-figures/market-uae.html,,"Middle East, MG, Sources, Chinese, Emirates Automotive, Messe Frankfurt, September, East, Toyota, Automotive, UAE, Nissan, Volkswagen, EV, December, Here, News, Data, MENA, Facts, Gateway, Additionally, Jetour, Tesla, Statista, Market, Nissan Patrol, BYD, Mitsubishi"
71,Which car brands are growing in the Middle East market,https://www.6wresearch.com/market-takeaways-view/top-companies-in-middle-east-connected-car-market,,"Middle East, MG, Sources, Chinese, Emirates Automotive, Messe Frankfurt, September, East, Toyota, Automotive, UAE, Nissan, Volkswagen, EV, December, Here, News, Data, MENA, Facts, Gateway, Additionally, Jetour, Tesla, Statista, Market, Nissan Patrol, BYD, Mitsubishi"
71,Which car brands are growing in the Middle East market,,n.a,"Middle East, MG, Sources, Chinese, Emirates Automotive, Messe Frankfurt, September, East, Toyota, Automotive, UAE, Nissan, Volkswagen, EV, December, Here, News, Data, MENA, Facts, Gateway, Additionally, Jetour, Tesla, Statista, Market, Nissan Patrol, BYD, Mitsubishi"
71,Which car brands are growing in the Middle East market,,n.a,"Middle East, MG, Sources, Chinese, Emirates Automotive, Messe Frankfurt, September, East, Toyota, Automotive, UAE, Nissan, Volkswagen, EV, December, Here, News, Data, MENA, Facts, Gateway, Additionally, Jetour, Tesla, Statista, Market, Nissan Patrol, BYD, Mitsubishi"
71,Which car brands are growing in the Middle East market,,n.a,"Middle East, MG, Sources, Chinese, Emirates Automotive, Messe Frankfurt, September, East, Toyota, Automotive, UAE, Nissan, Volkswagen, EV, December, Here, News, Data, MENA, Facts, Gateway, Additionally, Jetour, Tesla, Statista, Market, Nissan Patrol, BYD, Mitsubishi"
71,Which car brands are growing in the Middle East market,,n.a,"Middle East, MG, Sources, Chinese, Emirates Automotive, Messe Frankfurt, September, East, Toyota, Automotive, UAE, Nissan, Volkswagen, EV, December, Here, News, Data, MENA, Facts, Gateway, Additionally, Jetour, Tesla, Statista, Market, Nissan Patrol, BYD, Mitsubishi"
71,Which car brands are growing in the Middle East market,,n.a,"Middle East, MG, Sources, Chinese, Emirates Automotive, Messe Frankfurt, September, East, Toyota, Automotive, UAE, Nissan, Volkswagen, EV, December, Here, News, Data, MENA, Facts, Gateway, Additionally, Jetour, Tesla, Statista, Market, Nissan Patrol, BYD, Mitsubishi"
72,Which car brands are favored by celebrities,https://www.toc.edu.my/automotiveandmotorsports-hub/celebrity-car-endorsements,,"Known, A-listers, Audi, Will Smith, BMW, Quattro, Mercedes-Benz, Mark Ruffalo, G-Wagon, Sylvester Stallone, Zoey Deschanel, Justin Bieber, Series, Here, Ben Affleck, Britney Spears, Celebrities, Tesla, Buick, Model, Simon Cowell, Neal, Drake, Shaquille"
72,Which car brands are favored by celebrities,https://www.moneybeach.co.uk/the-boardwalk/most-popular-celebrity-cars/,,"Known, A-listers, Audi, Will Smith, BMW, Quattro, Mercedes-Benz, Mark Ruffalo, G-Wagon, Sylvester Stallone, Zoey Deschanel, Justin Bieber, Series, Here, Ben Affleck, Britney Spears, Celebrities, Tesla, Buick, Model, Simon Cowell, Neal, Drake, Shaquille"
72,Which car brands are favored by celebrities,https://morningcarpool.com/luxury-car-brands-wealth-symbol/,,"Known, A-listers, Audi, Will Smith, BMW, Quattro, Mercedes-Benz, Mark Ruffalo, G-Wagon, Sylvester Stallone, Zoey Deschanel, Justin Bieber, Series, Here, Ben Affleck, Britney Spears, Celebrities, Tesla, Buick, Model, Simon Cowell, Neal, Drake, Shaquille"
72,Which car brands are favored by celebrities,https://douradocars.com/long-luxury-cars-the-influence-of-celebrity-endorsements/,,"Known, A-listers, Audi, Will Smith, BMW, Quattro, Mercedes-Benz, Mark Ruffalo, G-Wagon, Sylvester Stallone, Zoey Deschanel, Justin Bieber, Series, Here, Ben Affleck, Britney Spears, Celebrities, Tesla, Buick, Model, Simon Cowell, Neal, Drake, Shaquille"
72,Which car brands are favored by celebrities,https://www.nyegmc.com/buick-and-the-stars-celebrities-and-their-beloved-buicks/,,"Known, A-listers, Audi, Will Smith, BMW, Quattro, Mercedes-Benz, Mark Ruffalo, G-Wagon, Sylvester Stallone, Zoey Deschanel, Justin Bieber, Series, Here, Ben Affleck, Britney Spears, Celebrities, Tesla, Buick, Model, Simon Cowell, Neal, Drake, Shaquille"
72,Which car brands are favored by celebrities,,n.a,"Known, A-listers, Audi, Will Smith, BMW, Quattro, Mercedes-Benz, Mark Ruffalo, G-Wagon, Sylvester Stallone, Zoey Deschanel, Justin Bieber, Series, Here, Ben Affleck, Britney Spears, Celebrities, Tesla, Buick, Model, Simon Cowell, Neal, Drake, Shaquille"
72,Which car brands are favored by celebrities,,n.a,"Known, A-listers, Audi, Will Smith, BMW, Quattro, Mercedes-Benz, Mark Ruffalo, G-Wagon, Sylvester Stallone, Zoey Deschanel, Justin Bieber, Series, Here, Ben Affleck, Britney Spears, Celebrities, Tesla, Buick, Model, Simon Cowell, Neal, Drake, Shaquille"
72,Which car brands are favored by celebrities,,n.a,"Known, A-listers, Audi, Will Smith, BMW, Quattro, Mercedes-Benz, Mark Ruffalo, G-Wagon, Sylvester Stallone, Zoey Deschanel, Justin Bieber, Series, Here, Ben Affleck, Britney Spears, Celebrities, Tesla, Buick, Model, Simon Cowell, Neal, Drake, Shaquille"
73,Which car brands dominate the African automotive market,https://africa.businessinsider.com/local/markets/top-automobile-manufacturers-in-africa/ze2lyz1,,"Known, Africa, Sources, Models, Most Popular, Driving, Mercedes-Benz, Top Car, Its, German, Flash, Toyota, Isuzu, Automotive Market, Kia, South Africa, Automotive, What, African, Hilux, Nissan, Volkswagen, Polo, Here, Polo Vivo, VW, East Africa, Market, Hyundai"
73,Which car brands dominate the African automotive market,https://www.auto24.rw/blog/east-africas-most-popular-vehicle-brands-whats-driving-the-market,,"Known, Africa, Sources, Models, Most Popular, Driving, Mercedes-Benz, Top Car, Its, German, Flash, Toyota, Isuzu, Automotive Market, Kia, South Africa, Automotive, What, African, Hilux, Nissan, Volkswagen, Polo, Here, Polo Vivo, VW, East Africa, Market, Hyundai"
73,Which car brands dominate the African automotive market,https://www.marklines.com/en/statistics/flash_sales/automotive-sales-in-southafrica-by-month,,"Known, Africa, Sources, Models, Most Popular, Driving, Mercedes-Benz, Top Car, Its, German, Flash, Toyota, Isuzu, Automotive Market, Kia, South Africa, Automotive, What, African, Hilux, Nissan, Volkswagen, Polo, Here, Polo Vivo, VW, East Africa, Market, Hyundai"
73,Which car brands dominate the African automotive market,https://www.africanexponent.com/top-10-local-car-manufacturers-making-a-difference-in-africa-2025/,,"Known, Africa, Sources, Models, Most Popular, Driving, Mercedes-Benz, Top Car, Its, German, Flash, Toyota, Isuzu, Automotive Market, Kia, South Africa, Automotive, What, African, Hilux, Nissan, Volkswagen, Polo, Here, Polo Vivo, VW, East Africa, Market, Hyundai"
73,Which car brands dominate the African automotive market,https://imotonews.co.za/2024/09/22/top-car-brands-dominating-south-africas-automotive-market/,,"Known, Africa, Sources, Models, Most Popular, Driving, Mercedes-Benz, Top Car, Its, German, Flash, Toyota, Isuzu, Automotive Market, Kia, South Africa, Automotive, What, African, Hilux, Nissan, Volkswagen, Polo, Here, Polo Vivo, VW, East Africa, Market, Hyundai"
73,Which car brands dominate the African automotive market,,n.a,"Known, Africa, Sources, Models, Most Popular, Driving, Mercedes-Benz, Top Car, Its, German, Flash, Toyota, Isuzu, Automotive Market, Kia, South Africa, Automotive, What, African, Hilux, Nissan, Volkswagen, Polo, Here, Polo Vivo, VW, East Africa, Market, Hyundai"
73,Which car brands dominate the African automotive market,,n.a,"Known, Africa, Sources, Models, Most Popular, Driving, Mercedes-Benz, Top Car, Its, German, Flash, Toyota, Isuzu, Automotive Market, Kia, South Africa, Automotive, What, African, Hilux, Nissan, Volkswagen, Polo, Here, Polo Vivo, VW, East Africa, Market, Hyundai"
73,Which car brands dominate the African automotive market,,n.a,"Known, Africa, Sources, Models, Most Popular, Driving, Mercedes-Benz, Top Car, Its, German, Flash, Toyota, Isuzu, Automotive Market, Kia, South Africa, Automotive, What, African, Hilux, Nissan, Volkswagen, Polo, Here, Polo Vivo, VW, East Africa, Market, Hyundai"
73,Which car brands dominate the African automotive market,,n.a,"Known, Africa, Sources, Models, Most Popular, Driving, Mercedes-Benz, Top Car, Its, German, Flash, Toyota, Isuzu, Automotive Market, Kia, South Africa, Automotive, What, African, Hilux, Nissan, Volkswagen, Polo, Here, Polo Vivo, VW, East Africa, Market, Hyundai"
74,Which car brands have the strongest reputation for build quality,https://www.consumerreports.org/cars/cars-driving/which-car-brands-make-the-best-vehicles-a6159221985/,,"Make, Known, Lexus, Several, SUVs, Audi, Sources, Despite, Praised, Which, Best Cars, Toyota, Rankings, Civic, Here, CarBuzz, Tempus Logix, Reviews, Honda, Market"
74,Which car brands have the strongest reputation for build quality,https://www.consumerreports.org/cars/car-reliability-owner-satisfaction/who-makes-the-most-reliable-cars-a7824554938/,,"Make, Known, Lexus, Several, SUVs, Audi, Sources, Despite, Praised, Which, Best Cars, Toyota, Rankings, Civic, Here, CarBuzz, Tempus Logix, Reviews, Honda, Market"
74,Which car brands have the strongest reputation for build quality,https://carbuzz.com/thread/which-manufacturers-have-best-build-quality/,,"Make, Known, Lexus, Several, SUVs, Audi, Sources, Despite, Praised, Which, Best Cars, Toyota, Rankings, Civic, Here, CarBuzz, Tempus Logix, Reviews, Honda, Market"
74,Which car brands have the strongest reputation for build quality,https://www.whatcar.com/news/reliability-survey-most-reliable-cars-brands/n26159,,"Make, Known, Lexus, Several, SUVs, Audi, Sources, Despite, Praised, Which, Best Cars, Toyota, Rankings, Civic, Here, CarBuzz, Tempus Logix, Reviews, Honda, Market"
74,Which car brands have the strongest reputation for build quality,https://tempuslogix.com/the-best-car-brands/,,"Make, Known, Lexus, Several, SUVs, Audi, Sources, Despite, Praised, Which, Best Cars, Toyota, Rankings, Civic, Here, CarBuzz, Tempus Logix, Reviews, Honda, Market"
74,Which car brands have the strongest reputation for build quality,,n.a,"Make, Known, Lexus, Several, SUVs, Audi, Sources, Despite, Praised, Which, Best Cars, Toyota, Rankings, Civic, Here, CarBuzz, Tempus Logix, Reviews, Honda, Market"
74,Which car brands have the strongest reputation for build quality,,n.a,"Make, Known, Lexus, Several, SUVs, Audi, Sources, Despite, Praised, Which, Best Cars, Toyota, Rankings, Civic, Here, CarBuzz, Tempus Logix, Reviews, Honda, Market"
74,Which car brands have the strongest reputation for build quality,,n.a,"Make, Known, Lexus, Several, SUVs, Audi, Sources, Despite, Praised, Which, Best Cars, Toyota, Rankings, Civic, Here, CarBuzz, Tempus Logix, Reviews, Honda, Market"
74,Which car brands have the strongest reputation for build quality,,n.a,"Make, Known, Lexus, Several, SUVs, Audi, Sources, Despite, Praised, Which, Best Cars, Toyota, Rankings, Civic, Here, CarBuzz, Tempus Logix, Reviews, Honda, Market"
74,Which car brands have the strongest reputation for build quality,,n.a,"Make, Known, Lexus, Several, SUVs, Audi, Sources, Despite, Praised, Which, Best Cars, Toyota, Rankings, Civic, Here, CarBuzz, Tempus Logix, Reviews, Honda, Market"
74,Which car brands have the strongest reputation for build quality,,n.a,"Make, Known, Lexus, Several, SUVs, Audi, Sources, Despite, Praised, Which, Best Cars, Toyota, Rankings, Civic, Here, CarBuzz, Tempus Logix, Reviews, Honda, Market"
75,Which car brands are best suited for car-sharing platforms,https://www.nerdwallet.com/article/travel/airbnb-for-cars-best-app-rent-peoples-cars,,"Audis, Rental, SUVs, Sources, BMW, USA, Zipcar, BMWs, Car Sharing, Car-sharing, Sharing Programs, Mobile Apps, Carsharing, Getaround, Top, Mobindustry, Offers, Share Now, Here, Operates, ICE Mercedes-Benz, Prius, Mini, Mini Coopers, Clean Fleet, Features, Sixt, Local Car, Best Car"
75,Which car brands are best suited for car-sharing platforms,https://www.zipcar.com,,"Audis, Rental, SUVs, Sources, BMW, USA, Zipcar, BMWs, Car Sharing, Car-sharing, Sharing Programs, Mobile Apps, Carsharing, Getaround, Top, Mobindustry, Offers, Share Now, Here, Operates, ICE Mercedes-Benz, Prius, Mini, Mini Coopers, Clean Fleet, Features, Sixt, Local Car, Best Car"
75,Which car brands are best suited for car-sharing platforms,https://cleanfleetreport.com/best-car-sharing/,,"Audis, Rental, SUVs, Sources, BMW, USA, Zipcar, BMWs, Car Sharing, Car-sharing, Sharing Programs, Mobile Apps, Carsharing, Getaround, Top, Mobindustry, Offers, Share Now, Here, Operates, ICE Mercedes-Benz, Prius, Mini, Mini Coopers, Clean Fleet, Features, Sixt, Local Car, Best Car"
75,Which car brands are best suited for car-sharing platforms,https://www.mobindustry.net/blog/top-8-carsharing-mobile-apps/,,"Audis, Rental, SUVs, Sources, BMW, USA, Zipcar, BMWs, Car Sharing, Car-sharing, Sharing Programs, Mobile Apps, Carsharing, Getaround, Top, Mobindustry, Offers, Share Now, Here, Operates, ICE Mercedes-Benz, Prius, Mini, Mini Coopers, Clean Fleet, Features, Sixt, Local Car, Best Car"
75,Which car brands are best suited for car-sharing platforms,https://getaround.com,,"Audis, Rental, SUVs, Sources, BMW, USA, Zipcar, BMWs, Car Sharing, Car-sharing, Sharing Programs, Mobile Apps, Carsharing, Getaround, Top, Mobindustry, Offers, Share Now, Here, Operates, ICE Mercedes-Benz, Prius, Mini, Mini Coopers, Clean Fleet, Features, Sixt, Local Car, Best Car"
75,Which car brands are best suited for car-sharing platforms,,n.a,"Audis, Rental, SUVs, Sources, BMW, USA, Zipcar, BMWs, Car Sharing, Car-sharing, Sharing Programs, Mobile Apps, Carsharing, Getaround, Top, Mobindustry, Offers, Share Now, Here, Operates, ICE Mercedes-Benz, Prius, Mini, Mini Coopers, Clean Fleet, Features, Sixt, Local Car, Best Car"
75,Which car brands are best suited for car-sharing platforms,,n.a,"Audis, Rental, SUVs, Sources, BMW, USA, Zipcar, BMWs, Car Sharing, Car-sharing, Sharing Programs, Mobile Apps, Carsharing, Getaround, Top, Mobindustry, Offers, Share Now, Here, Operates, ICE Mercedes-Benz, Prius, Mini, Mini Coopers, Clean Fleet, Features, Sixt, Local Car, Best Car"
75,Which car brands are best suited for car-sharing platforms,,n.a,"Audis, Rental, SUVs, Sources, BMW, USA, Zipcar, BMWs, Car Sharing, Car-sharing, Sharing Programs, Mobile Apps, Carsharing, Getaround, Top, Mobindustry, Offers, Share Now, Here, Operates, ICE Mercedes-Benz, Prius, Mini, Mini Coopers, Clean Fleet, Features, Sixt, Local Car, Best Car"
75,Which car brands are best suited for car-sharing platforms,,n.a,"Audis, Rental, SUVs, Sources, BMW, USA, Zipcar, BMWs, Car Sharing, Car-sharing, Sharing Programs, Mobile Apps, Carsharing, Getaround, Top, Mobindustry, Offers, Share Now, Here, Operates, ICE Mercedes-Benz, Prius, Mini, Mini Coopers, Clean Fleet, Features, Sixt, Local Car, Best Car"
76,Which car brands offer the most advanced driver-assist systems,https://www.consumerreports.org/cars/car-safety/active-driving-assistance-systems-review-a2103632203/,,"Announced Ultra, Known, Several, BMW, Mercedes-Benz, FSD, GM, Offers Driving, Assistant Plus, Mercedes-Benz Drive, It, ADA, Level, Full Self-Driving, Requires, Cadillac Super, BlueCruise, Pilot, Here, Cadillac, Autopilot, Super Cruise, Detailed Comparison, Tesla, Continuously, Tesla Autopilot, Cruise, Drive Pilot"
76,Which car brands offer the most advanced driver-assist systems,https://techcrunch.com/2023/12/28/how-tesla-bmw-ford-gm-and-mercedes-driver-assist-systems-compare/,,"Announced Ultra, Known, Several, BMW, Mercedes-Benz, FSD, GM, Offers Driving, Assistant Plus, Mercedes-Benz Drive, It, ADA, Level, Full Self-Driving, Requires, Cadillac Super, BlueCruise, Pilot, Here, Cadillac, Autopilot, Super Cruise, Detailed Comparison, Tesla, Continuously, Tesla Autopilot, Cruise, Drive Pilot"
76,Which car brands offer the most advanced driver-assist systems,https://www.caranddriver.com/news/a62586657/every-hands-free-driving-system-2024/,,"Announced Ultra, Known, Several, BMW, Mercedes-Benz, FSD, GM, Offers Driving, Assistant Plus, Mercedes-Benz Drive, It, ADA, Level, Full Self-Driving, Requires, Cadillac Super, BlueCruise, Pilot, Here, Cadillac, Autopilot, Super Cruise, Detailed Comparison, Tesla, Continuously, Tesla Autopilot, Cruise, Drive Pilot"
76,Which car brands offer the most advanced driver-assist systems,https://www.edmunds.com/car-news/hands-free-driving-comparison.html,,"Announced Ultra, Known, Several, BMW, Mercedes-Benz, FSD, GM, Offers Driving, Assistant Plus, Mercedes-Benz Drive, It, ADA, Level, Full Self-Driving, Requires, Cadillac Super, BlueCruise, Pilot, Here, Cadillac, Autopilot, Super Cruise, Detailed Comparison, Tesla, Continuously, Tesla Autopilot, Cruise, Drive Pilot"
76,Which car brands offer the most advanced driver-assist systems,https://www.youtube.com/watch?v=lAhndiYV8vQ,,"Announced Ultra, Known, Several, BMW, Mercedes-Benz, FSD, GM, Offers Driving, Assistant Plus, Mercedes-Benz Drive, It, ADA, Level, Full Self-Driving, Requires, Cadillac Super, BlueCruise, Pilot, Here, Cadillac, Autopilot, Super Cruise, Detailed Comparison, Tesla, Continuously, Tesla Autopilot, Cruise, Drive Pilot"
76,Which car brands offer the most advanced driver-assist systems,,n.a,"Announced Ultra, Known, Several, BMW, Mercedes-Benz, FSD, GM, Offers Driving, Assistant Plus, Mercedes-Benz Drive, It, ADA, Level, Full Self-Driving, Requires, Cadillac Super, BlueCruise, Pilot, Here, Cadillac, Autopilot, Super Cruise, Detailed Comparison, Tesla, Continuously, Tesla Autopilot, Cruise, Drive Pilot"
76,Which car brands offer the most advanced driver-assist systems,,n.a,"Announced Ultra, Known, Several, BMW, Mercedes-Benz, FSD, GM, Offers Driving, Assistant Plus, Mercedes-Benz Drive, It, ADA, Level, Full Self-Driving, Requires, Cadillac Super, BlueCruise, Pilot, Here, Cadillac, Autopilot, Super Cruise, Detailed Comparison, Tesla, Continuously, Tesla Autopilot, Cruise, Drive Pilot"
76,Which car brands offer the most advanced driver-assist systems,,n.a,"Announced Ultra, Known, Several, BMW, Mercedes-Benz, FSD, GM, Offers Driving, Assistant Plus, Mercedes-Benz Drive, It, ADA, Level, Full Self-Driving, Requires, Cadillac Super, BlueCruise, Pilot, Here, Cadillac, Autopilot, Super Cruise, Detailed Comparison, Tesla, Continuously, Tesla Autopilot, Cruise, Drive Pilot"
76,Which car brands offer the most advanced driver-assist systems,,n.a,"Announced Ultra, Known, Several, BMW, Mercedes-Benz, FSD, GM, Offers Driving, Assistant Plus, Mercedes-Benz Drive, It, ADA, Level, Full Self-Driving, Requires, Cadillac Super, BlueCruise, Pilot, Here, Cadillac, Autopilot, Super Cruise, Detailed Comparison, Tesla, Continuously, Tesla Autopilot, Cruise, Drive Pilot"
77,Which car brands are most efficient for city traffic,https://blog.autobidmaster.com/2024/09/best-cars-for-the-city-top-picks-for-urban-driving/,,"Mirage, Mitsubishi Mirage, Known, Several, Mazda, Nissan Versa, It, Hybrid, Toyota Camry, Skyactiv, Toyota, Camry, Kia, While, Hyundai Elantra, Nissan, Here, This, Prius, Although, Hyundai, Toyota Prius, Mitsubishi"
77,Which car brands are most efficient for city traffic,https://www.kbb.com/best-cars/commuter-cars/,,"Mirage, Mitsubishi Mirage, Known, Several, Mazda, Nissan Versa, It, Hybrid, Toyota Camry, Skyactiv, Toyota, Camry, Kia, While, Hyundai Elantra, Nissan, Here, This, Prius, Although, Hyundai, Toyota Prius, Mitsubishi"
77,Which car brands are most efficient for city traffic,https://www.caranddriver.com/rankings/best-sedans/gas-mileage,,"Mirage, Mitsubishi Mirage, Known, Several, Mazda, Nissan Versa, It, Hybrid, Toyota Camry, Skyactiv, Toyota, Camry, Kia, While, Hyundai Elantra, Nissan, Here, This, Prius, Although, Hyundai, Toyota Prius, Mitsubishi"
77,Which car brands are most efficient for city traffic,https://www.consumerreports.org/cro/news/2012/05/best-city-highway-mpg/index.htm,,"Mirage, Mitsubishi Mirage, Known, Several, Mazda, Nissan Versa, It, Hybrid, Toyota Camry, Skyactiv, Toyota, Camry, Kia, While, Hyundai Elantra, Nissan, Here, This, Prius, Although, Hyundai, Toyota Prius, Mitsubishi"
77,Which car brands are most efficient for city traffic,https://www.topspeed.com/cheap-fuel-efficient-cars-for-city-driving/,,"Mirage, Mitsubishi Mirage, Known, Several, Mazda, Nissan Versa, It, Hybrid, Toyota Camry, Skyactiv, Toyota, Camry, Kia, While, Hyundai Elantra, Nissan, Here, This, Prius, Although, Hyundai, Toyota Prius, Mitsubishi"
77,Which car brands are most efficient for city traffic,,n.a,"Mirage, Mitsubishi Mirage, Known, Several, Mazda, Nissan Versa, It, Hybrid, Toyota Camry, Skyactiv, Toyota, Camry, Kia, While, Hyundai Elantra, Nissan, Here, This, Prius, Although, Hyundai, Toyota Prius, Mitsubishi"
77,Which car brands are most efficient for city traffic,,n.a,"Mirage, Mitsubishi Mirage, Known, Several, Mazda, Nissan Versa, It, Hybrid, Toyota Camry, Skyactiv, Toyota, Camry, Kia, While, Hyundai Elantra, Nissan, Here, This, Prius, Although, Hyundai, Toyota Prius, Mitsubishi"
77,Which car brands are most efficient for city traffic,,n.a,"Mirage, Mitsubishi Mirage, Known, Several, Mazda, Nissan Versa, It, Hybrid, Toyota Camry, Skyactiv, Toyota, Camry, Kia, While, Hyundai Elantra, Nissan, Here, This, Prius, Although, Hyundai, Toyota Prius, Mitsubishi"
77,Which car brands are most efficient for city traffic,,n.a,"Mirage, Mitsubishi Mirage, Known, Several, Mazda, Nissan Versa, It, Hybrid, Toyota Camry, Skyactiv, Toyota, Camry, Kia, While, Hyundai Elantra, Nissan, Here, This, Prius, Although, Hyundai, Toyota Prius, Mitsubishi"
78,Which car brands have the roomiest cabins,https://www.cars.com/articles/which-suvs-minivans-and-sedans-have-the-most-cargo-capacity-439514/,,"Cadillac, Lincoln Nautilus, Rover Discovery, Ioniq, Several, Audi, SUVs, Genesis, Tesla, Model, Lincoln, Here, Hyundai, Falcon Wing"
78,Which car brands have the roomiest cabins,https://www.carwow.co.uk/best/cars-most-legroom-0218,,"Cadillac, Lincoln Nautilus, Rover Discovery, Ioniq, Several, Audi, SUVs, Genesis, Tesla, Model, Lincoln, Here, Hyundai, Falcon Wing"
78,Which car brands have the roomiest cabins,https://www.autoweb.com/10-most-spacious-luxury-cars,,"Cadillac, Lincoln Nautilus, Rover Discovery, Ioniq, Several, Audi, SUVs, Genesis, Tesla, Model, Lincoln, Here, Hyundai, Falcon Wing"
78,Which car brands have the roomiest cabins,https://www.kbb.com/best-cars/second-row-legroom/,,"Cadillac, Lincoln Nautilus, Rover Discovery, Ioniq, Several, Audi, SUVs, Genesis, Tesla, Model, Lincoln, Here, Hyundai, Falcon Wing"
78,Which car brands have the roomiest cabins,,n.a,"Cadillac, Lincoln Nautilus, Rover Discovery, Ioniq, Several, Audi, SUVs, Genesis, Tesla, Model, Lincoln, Here, Hyundai, Falcon Wing"
78,Which car brands have the roomiest cabins,,n.a,"Cadillac, Lincoln Nautilus, Rover Discovery, Ioniq, Several, Audi, SUVs, Genesis, Tesla, Model, Lincoln, Here, Hyundai, Falcon Wing"
78,Which car brands have the roomiest cabins,,n.a,"Cadillac, Lincoln Nautilus, Rover Discovery, Ioniq, Several, Audi, SUVs, Genesis, Tesla, Model, Lincoln, Here, Hyundai, Falcon Wing"
78,Which car brands have the roomiest cabins,,n.a,"Cadillac, Lincoln Nautilus, Rover Discovery, Ioniq, Several, Audi, SUVs, Genesis, Tesla, Model, Lincoln, Here, Hyundai, Falcon Wing"
79,Which car brands are best for daily commuting,https://www.kbb.com/best-cars/commuter-cars/,,"Known, Several, It, Toyota Camry, Toyota, Camry, While, Toyota Safety, Hyundai Elantra, Nissan, Honda Civic, Here, Sense, This, Prius, Honda, Sentra, Long Range, EPA-estimated, Apple CarPlay, Tesla, Tesla Model, Hyundai, Toyota Prius, Nissan Sentra"
79,Which car brands are best for daily commuting,https://edenredbenefits.com/the-best-options-for-commuting-to-and-from-work-in-2024/,,"Known, Several, It, Toyota Camry, Toyota, Camry, While, Toyota Safety, Hyundai Elantra, Nissan, Honda Civic, Here, Sense, This, Prius, Honda, Sentra, Long Range, EPA-estimated, Apple CarPlay, Tesla, Tesla Model, Hyundai, Toyota Prius, Nissan Sentra"
79,Which car brands are best for daily commuting,https://www.thestreet.com/personal-finance/25-best-commuter-cars-for-long-commutes-15021847,,"Known, Several, It, Toyota Camry, Toyota, Camry, While, Toyota Safety, Hyundai Elantra, Nissan, Honda Civic, Here, Sense, This, Prius, Honda, Sentra, Long Range, EPA-estimated, Apple CarPlay, Tesla, Tesla Model, Hyundai, Toyota Prius, Nissan Sentra"
79,Which car brands are best for daily commuting,https://www.roanokeford.net/blogs/5583/improving-the-daily-drive-fords-best-commuter-vehicles,,"Known, Several, It, Toyota Camry, Toyota, Camry, While, Toyota Safety, Hyundai Elantra, Nissan, Honda Civic, Here, Sense, This, Prius, Honda, Sentra, Long Range, EPA-estimated, Apple CarPlay, Tesla, Tesla Model, Hyundai, Toyota Prius, Nissan Sentra"
79,Which car brands are best for daily commuting,https://motoraxle.com/best-car-for-commuting-100-miles-per-day/,,"Known, Several, It, Toyota Camry, Toyota, Camry, While, Toyota Safety, Hyundai Elantra, Nissan, Honda Civic, Here, Sense, This, Prius, Honda, Sentra, Long Range, EPA-estimated, Apple CarPlay, Tesla, Tesla Model, Hyundai, Toyota Prius, Nissan Sentra"
79,Which car brands are best for daily commuting,,n.a,"Known, Several, It, Toyota Camry, Toyota, Camry, While, Toyota Safety, Hyundai Elantra, Nissan, Honda Civic, Here, Sense, This, Prius, Honda, Sentra, Long Range, EPA-estimated, Apple CarPlay, Tesla, Tesla Model, Hyundai, Toyota Prius, Nissan Sentra"
79,Which car brands are best for daily commuting,,n.a,"Known, Several, It, Toyota Camry, Toyota, Camry, While, Toyota Safety, Hyundai Elantra, Nissan, Honda Civic, Here, Sense, This, Prius, Honda, Sentra, Long Range, EPA-estimated, Apple CarPlay, Tesla, Tesla Model, Hyundai, Toyota Prius, Nissan Sentra"
79,Which car brands are best for daily commuting,,n.a,"Known, Several, It, Toyota Camry, Toyota, Camry, While, Toyota Safety, Hyundai Elantra, Nissan, Honda Civic, Here, Sense, This, Prius, Honda, Sentra, Long Range, EPA-estimated, Apple CarPlay, Tesla, Tesla Model, Hyundai, Toyota Prius, Nissan Sentra"
79,Which car brands are best for daily commuting,,n.a,"Known, Several, It, Toyota Camry, Toyota, Camry, While, Toyota Safety, Hyundai Elantra, Nissan, Honda Civic, Here, Sense, This, Prius, Honda, Sentra, Long Range, EPA-estimated, Apple CarPlay, Tesla, Tesla Model, Hyundai, Toyota Prius, Nissan Sentra"
79,Which car brands are best for daily commuting,,n.a,"Known, Several, It, Toyota Camry, Toyota, Camry, While, Toyota Safety, Hyundai Elantra, Nissan, Honda Civic, Here, Sense, This, Prius, Honda, Sentra, Long Range, EPA-estimated, Apple CarPlay, Tesla, Tesla Model, Hyundai, Toyota Prius, Nissan Sentra"
79,Which car brands are best for daily commuting,,n.a,"Known, Several, It, Toyota Camry, Toyota, Camry, While, Toyota Safety, Hyundai Elantra, Nissan, Honda Civic, Here, Sense, This, Prius, Honda, Sentra, Long Range, EPA-estimated, Apple CarPlay, Tesla, Tesla Model, Hyundai, Toyota Prius, Nissan Sentra"
80,Which car brands handle off-grid travel best,https://www.jalopnik.com/the-best-cars-for-getting-off-grid-1848035102/,,"F-, Several, Expedition, SUVs, Outback, Subaru, Super Duty, FWD, It, Hybrid, Toyota, RTTs, AWD, Crosstrek, Jeep, Pilot, Pickup, Volkswagen, Here, Honda, SUV"
80,Which car brands handle off-grid travel best,https://ikamper.com/blogs/ikampernation/best-cars-for-camping,,"F-, Several, Expedition, SUVs, Outback, Subaru, Super Duty, FWD, It, Hybrid, Toyota, RTTs, AWD, Crosstrek, Jeep, Pilot, Pickup, Volkswagen, Here, Honda, SUV"
80,Which car brands handle off-grid travel best,https://www.cardealcanada.ca/10-emergency-vehicles-survive-off-grid-ease/,,"F-, Several, Expedition, SUVs, Outback, Subaru, Super Duty, FWD, It, Hybrid, Toyota, RTTs, AWD, Crosstrek, Jeep, Pilot, Pickup, Volkswagen, Here, Honda, SUV"
80,Which car brands handle off-grid travel best,https://www.overlandexpo.com/compass/the-best-vehicle-for-overlanding/,,"F-, Several, Expedition, SUVs, Outback, Subaru, Super Duty, FWD, It, Hybrid, Toyota, RTTs, AWD, Crosstrek, Jeep, Pilot, Pickup, Volkswagen, Here, Honda, SUV"
80,Which car brands handle off-grid travel best,https://www.youtube.com/watch?v=CbAX3j7goU8,,"F-, Several, Expedition, SUVs, Outback, Subaru, Super Duty, FWD, It, Hybrid, Toyota, RTTs, AWD, Crosstrek, Jeep, Pilot, Pickup, Volkswagen, Here, Honda, SUV"
80,Which car brands handle off-grid travel best,,n.a,"F-, Several, Expedition, SUVs, Outback, Subaru, Super Duty, FWD, It, Hybrid, Toyota, RTTs, AWD, Crosstrek, Jeep, Pilot, Pickup, Volkswagen, Here, Honda, SUV"
80,Which car brands handle off-grid travel best,,n.a,"F-, Several, Expedition, SUVs, Outback, Subaru, Super Duty, FWD, It, Hybrid, Toyota, RTTs, AWD, Crosstrek, Jeep, Pilot, Pickup, Volkswagen, Here, Honda, SUV"
80,Which car brands handle off-grid travel best,,n.a,"F-, Several, Expedition, SUVs, Outback, Subaru, Super Duty, FWD, It, Hybrid, Toyota, RTTs, AWD, Crosstrek, Jeep, Pilot, Pickup, Volkswagen, Here, Honda, SUV"
80,Which car brands handle off-grid travel best,,n.a,"F-, Several, Expedition, SUVs, Outback, Subaru, Super Duty, FWD, It, Hybrid, Toyota, RTTs, AWD, Crosstrek, Jeep, Pilot, Pickup, Volkswagen, Here, Honda, SUV"
80,Which car brands handle off-grid travel best,,n.a,"F-, Several, Expedition, SUVs, Outback, Subaru, Super Duty, FWD, It, Hybrid, Toyota, RTTs, AWD, Crosstrek, Jeep, Pilot, Pickup, Volkswagen, Here, Honda, SUV"
81,Which car brands deliver the quickest acceleration,https://www.autoexpress.co.uk/best-cars-vans/99404/fastest-accelerating-cars-world,,"Aspark, McMurtry, Air Sapphire, Speirling, Several, Rimac, Tesla, Model, Plaid, Nevera, Owl, EVs"
81,Which car brands deliver the quickest acceleration,https://en.wikipedia.org/wiki/List_of_fastest_production_cars_by_acceleration,,"Aspark, McMurtry, Air Sapphire, Speirling, Several, Rimac, Tesla, Model, Plaid, Nevera, Owl, EVs"
81,Which car brands deliver the quickest acceleration,https://news.dupontregistry.com/features/fastest-0-60-mph-production-cars/,,"Aspark, McMurtry, Air Sapphire, Speirling, Several, Rimac, Tesla, Model, Plaid, Nevera, Owl, EVs"
81,Which car brands deliver the quickest acceleration,https://www.carwow.co.uk/editorial/best-cars/by-features/fastest-accelerating-cars,,"Aspark, McMurtry, Air Sapphire, Speirling, Several, Rimac, Tesla, Model, Plaid, Nevera, Owl, EVs"
81,Which car brands deliver the quickest acceleration,https://www.autoblog.com/news/fastest-0-60-cars,,"Aspark, McMurtry, Air Sapphire, Speirling, Several, Rimac, Tesla, Model, Plaid, Nevera, Owl, EVs"
81,Which car brands deliver the quickest acceleration,,n.a,"Aspark, McMurtry, Air Sapphire, Speirling, Several, Rimac, Tesla, Model, Plaid, Nevera, Owl, EVs"
81,Which car brands deliver the quickest acceleration,,n.a,"Aspark, McMurtry, Air Sapphire, Speirling, Several, Rimac, Tesla, Model, Plaid, Nevera, Owl, EVs"
81,Which car brands deliver the quickest acceleration,,n.a,"Aspark, McMurtry, Air Sapphire, Speirling, Several, Rimac, Tesla, Model, Plaid, Nevera, Owl, EVs"
81,Which car brands deliver the quickest acceleration,,n.a,"Aspark, McMurtry, Air Sapphire, Speirling, Several, Rimac, Tesla, Model, Plaid, Nevera, Owl, EVs"
81,Which car brands deliver the quickest acceleration,,n.a,"Aspark, McMurtry, Air Sapphire, Speirling, Several, Rimac, Tesla, Model, Plaid, Nevera, Owl, EVs"
81,Which car brands deliver the quickest acceleration,,n.a,"Aspark, McMurtry, Air Sapphire, Speirling, Several, Rimac, Tesla, Model, Plaid, Nevera, Owl, EVs"
82,Which car brands offer top-tier all-wheel-drive performance,https://www.kbb.com/car-finder/best-awd-cars/,,"Driver, AWD Systems, Known, Several, Audi, Sources, Subaru, BMW, Quattro, Mercedes-Benz, Best AWD, Sedans, Have, Hyundai Kona, Kelley Blue, Kia, AWD, XDrive, Car From, Drive Cars, Best All-Wheel, System, Genesis, Here, Of, CarBuzz, Which Automakers, Japan, SlashGear, Book, Best All-Wheel-Drive, Hyundai, Car"
82,Which car brands offer top-tier all-wheel-drive performance,https://www.caranddriver.com/rankings/best-sedans/awd,,"Driver, AWD Systems, Known, Several, Audi, Sources, Subaru, BMW, Quattro, Mercedes-Benz, Best AWD, Sedans, Have, Hyundai Kona, Kelley Blue, Kia, AWD, XDrive, Car From, Drive Cars, Best All-Wheel, System, Genesis, Here, Of, CarBuzz, Which Automakers, Japan, SlashGear, Book, Best All-Wheel-Drive, Hyundai, Car"
82,Which car brands offer top-tier all-wheel-drive performance,https://carfromjapan.com/article/best-awd-systems/,,"Driver, AWD Systems, Known, Several, Audi, Sources, Subaru, BMW, Quattro, Mercedes-Benz, Best AWD, Sedans, Have, Hyundai Kona, Kelley Blue, Kia, AWD, XDrive, Car From, Drive Cars, Best All-Wheel, System, Genesis, Here, Of, CarBuzz, Which Automakers, Japan, SlashGear, Book, Best All-Wheel-Drive, Hyundai, Car"
82,Which car brands offer top-tier all-wheel-drive performance,https://carbuzz.com/cars/awd-sports-cars/,,"Driver, AWD Systems, Known, Several, Audi, Sources, Subaru, BMW, Quattro, Mercedes-Benz, Best AWD, Sedans, Have, Hyundai Kona, Kelley Blue, Kia, AWD, XDrive, Car From, Drive Cars, Best All-Wheel, System, Genesis, Here, Of, CarBuzz, Which Automakers, Japan, SlashGear, Book, Best All-Wheel-Drive, Hyundai, Car"
82,Which car brands offer top-tier all-wheel-drive performance,https://www.slashgear.com/1766645/cars-best-worst-awd-systems/,,"Driver, AWD Systems, Known, Several, Audi, Sources, Subaru, BMW, Quattro, Mercedes-Benz, Best AWD, Sedans, Have, Hyundai Kona, Kelley Blue, Kia, AWD, XDrive, Car From, Drive Cars, Best All-Wheel, System, Genesis, Here, Of, CarBuzz, Which Automakers, Japan, SlashGear, Book, Best All-Wheel-Drive, Hyundai, Car"
82,Which car brands offer top-tier all-wheel-drive performance,,n.a,"Driver, AWD Systems, Known, Several, Audi, Sources, Subaru, BMW, Quattro, Mercedes-Benz, Best AWD, Sedans, Have, Hyundai Kona, Kelley Blue, Kia, AWD, XDrive, Car From, Drive Cars, Best All-Wheel, System, Genesis, Here, Of, CarBuzz, Which Automakers, Japan, SlashGear, Book, Best All-Wheel-Drive, Hyundai, Car"
82,Which car brands offer top-tier all-wheel-drive performance,,n.a,"Driver, AWD Systems, Known, Several, Audi, Sources, Subaru, BMW, Quattro, Mercedes-Benz, Best AWD, Sedans, Have, Hyundai Kona, Kelley Blue, Kia, AWD, XDrive, Car From, Drive Cars, Best All-Wheel, System, Genesis, Here, Of, CarBuzz, Which Automakers, Japan, SlashGear, Book, Best All-Wheel-Drive, Hyundai, Car"
82,Which car brands offer top-tier all-wheel-drive performance,,n.a,"Driver, AWD Systems, Known, Several, Audi, Sources, Subaru, BMW, Quattro, Mercedes-Benz, Best AWD, Sedans, Have, Hyundai Kona, Kelley Blue, Kia, AWD, XDrive, Car From, Drive Cars, Best All-Wheel, System, Genesis, Here, Of, CarBuzz, Which Automakers, Japan, SlashGear, Book, Best All-Wheel-Drive, Hyundai, Car"
82,Which car brands offer top-tier all-wheel-drive performance,,n.a,"Driver, AWD Systems, Known, Several, Audi, Sources, Subaru, BMW, Quattro, Mercedes-Benz, Best AWD, Sedans, Have, Hyundai Kona, Kelley Blue, Kia, AWD, XDrive, Car From, Drive Cars, Best All-Wheel, System, Genesis, Here, Of, CarBuzz, Which Automakers, Japan, SlashGear, Book, Best All-Wheel-Drive, Hyundai, Car"
82,Which car brands offer top-tier all-wheel-drive performance,,n.a,"Driver, AWD Systems, Known, Several, Audi, Sources, Subaru, BMW, Quattro, Mercedes-Benz, Best AWD, Sedans, Have, Hyundai Kona, Kelley Blue, Kia, AWD, XDrive, Car From, Drive Cars, Best All-Wheel, System, Genesis, Here, Of, CarBuzz, Which Automakers, Japan, SlashGear, Book, Best All-Wheel-Drive, Hyundai, Car"
82,Which car brands offer top-tier all-wheel-drive performance,,n.a,"Driver, AWD Systems, Known, Several, Audi, Sources, Subaru, BMW, Quattro, Mercedes-Benz, Best AWD, Sedans, Have, Hyundai Kona, Kelley Blue, Kia, AWD, XDrive, Car From, Drive Cars, Best All-Wheel, System, Genesis, Here, Of, CarBuzz, Which Automakers, Japan, SlashGear, Book, Best All-Wheel-Drive, Hyundai, Car"
82,Which car brands offer top-tier all-wheel-drive performance,,n.a,"Driver, AWD Systems, Known, Several, Audi, Sources, Subaru, BMW, Quattro, Mercedes-Benz, Best AWD, Sedans, Have, Hyundai Kona, Kelley Blue, Kia, AWD, XDrive, Car From, Drive Cars, Best All-Wheel, System, Genesis, Here, Of, CarBuzz, Which Automakers, Japan, SlashGear, Book, Best All-Wheel-Drive, Hyundai, Car"
82,Which car brands offer top-tier all-wheel-drive performance,,n.a,"Driver, AWD Systems, Known, Several, Audi, Sources, Subaru, BMW, Quattro, Mercedes-Benz, Best AWD, Sedans, Have, Hyundai Kona, Kelley Blue, Kia, AWD, XDrive, Car From, Drive Cars, Best All-Wheel, System, Genesis, Here, Of, CarBuzz, Which Automakers, Japan, SlashGear, Book, Best All-Wheel-Drive, Hyundai, Car"
83,Which car brands prioritize sustainable manufacturing,https://www.oxjournal.org/green-or-greed-contrasting-sustainability-in-car-companies/,,"How Car, Several, Sustainablereview, Sources, BMW, Driving Sustainable, GM, Most Eco-Friendly, Toyota, Sustainability, Top Eco-Friendly, Charge, Loginextsolutions, EV, Here, Leading, This, Prius, Car Manufacturers, Companies, Pioneers, Clean Logistics, Tesla"
83,Which car brands prioritize sustainable manufacturing,https://sustainablereview.com/most-eco-friendly-car-manufacturers-leading-the-charge-to-transportation-sustainability/,,"How Car, Several, Sustainablereview, Sources, BMW, Driving Sustainable, GM, Most Eco-Friendly, Toyota, Sustainability, Top Eco-Friendly, Charge, Loginextsolutions, EV, Here, Leading, This, Prius, Car Manufacturers, Companies, Pioneers, Clean Logistics, Tesla"
83,Which car brands prioritize sustainable manufacturing,https://www.bostonbrandmedia.com/news/top-eco-friendly-car-manufacturers-pioneers-in-sustainability-and-green-innovation,,"How Car, Several, Sustainablereview, Sources, BMW, Driving Sustainable, GM, Most Eco-Friendly, Toyota, Sustainability, Top Eco-Friendly, Charge, Loginextsolutions, EV, Here, Leading, This, Prius, Car Manufacturers, Companies, Pioneers, Clean Logistics, Tesla"
83,Which car brands prioritize sustainable manufacturing,https://www.rivervaleleasing.co.uk/blog/posts/greenest-car-manufacturers,,"How Car, Several, Sustainablereview, Sources, BMW, Driving Sustainable, GM, Most Eco-Friendly, Toyota, Sustainability, Top Eco-Friendly, Charge, Loginextsolutions, EV, Here, Leading, This, Prius, Car Manufacturers, Companies, Pioneers, Clean Logistics, Tesla"
83,Which car brands prioritize sustainable manufacturing,https://www.loginextsolutions.com/blog/leading-car-brands-driving-sustainable-automotive-innovation/,,"How Car, Several, Sustainablereview, Sources, BMW, Driving Sustainable, GM, Most Eco-Friendly, Toyota, Sustainability, Top Eco-Friendly, Charge, Loginextsolutions, EV, Here, Leading, This, Prius, Car Manufacturers, Companies, Pioneers, Clean Logistics, Tesla"
83,Which car brands prioritize sustainable manufacturing,,n.a,"How Car, Several, Sustainablereview, Sources, BMW, Driving Sustainable, GM, Most Eco-Friendly, Toyota, Sustainability, Top Eco-Friendly, Charge, Loginextsolutions, EV, Here, Leading, This, Prius, Car Manufacturers, Companies, Pioneers, Clean Logistics, Tesla"
83,Which car brands prioritize sustainable manufacturing,,n.a,"How Car, Several, Sustainablereview, Sources, BMW, Driving Sustainable, GM, Most Eco-Friendly, Toyota, Sustainability, Top Eco-Friendly, Charge, Loginextsolutions, EV, Here, Leading, This, Prius, Car Manufacturers, Companies, Pioneers, Clean Logistics, Tesla"
83,Which car brands prioritize sustainable manufacturing,,n.a,"How Car, Several, Sustainablereview, Sources, BMW, Driving Sustainable, GM, Most Eco-Friendly, Toyota, Sustainability, Top Eco-Friendly, Charge, Loginextsolutions, EV, Here, Leading, This, Prius, Car Manufacturers, Companies, Pioneers, Clean Logistics, Tesla"
83,Which car brands prioritize sustainable manufacturing,,n.a,"How Car, Several, Sustainablereview, Sources, BMW, Driving Sustainable, GM, Most Eco-Friendly, Toyota, Sustainability, Top Eco-Friendly, Charge, Loginextsolutions, EV, Here, Leading, This, Prius, Car Manufacturers, Companies, Pioneers, Clean Logistics, Tesla"
84,Which car brands attract passionate car enthusiasts,https://www.roadandtrack.com/new-cars/g6628/nine-normal-cars-that-will-turn-anyone-into-an-enthusiast/,,"Veyron, TVR, It, Rubicon, Jeep, Known, RX-, Any, Even, Several, Focus RS, Mazda, Chiron, Wrangler, Drift, Here, AWD, Bugatti"
84,Which car brands attract passionate car enthusiasts,https://www.youtube.com/watch?v=dxeyHgosgtI,,"Veyron, TVR, It, Rubicon, Jeep, Known, RX-, Any, Even, Several, Focus RS, Mazda, Chiron, Wrangler, Drift, Here, AWD, Bugatti"
84,Which car brands attract passionate car enthusiasts,https://www.carthrottle.com/post/wm9e6er,,"Veyron, TVR, It, Rubicon, Jeep, Known, RX-, Any, Even, Several, Focus RS, Mazda, Chiron, Wrangler, Drift, Here, AWD, Bugatti"
84,Which car brands attract passionate car enthusiasts,https://mediaboom.com/news/luxury-car-marketing/,,"Veyron, TVR, It, Rubicon, Jeep, Known, RX-, Any, Even, Several, Focus RS, Mazda, Chiron, Wrangler, Drift, Here, AWD, Bugatti"
84,Which car brands attract passionate car enthusiasts,https://www.moderngentlemanmagazine.com/mens-top-car-loyalty/,,"Veyron, TVR, It, Rubicon, Jeep, Known, RX-, Any, Even, Several, Focus RS, Mazda, Chiron, Wrangler, Drift, Here, AWD, Bugatti"
84,Which car brands attract passionate car enthusiasts,,n.a,"Veyron, TVR, It, Rubicon, Jeep, Known, RX-, Any, Even, Several, Focus RS, Mazda, Chiron, Wrangler, Drift, Here, AWD, Bugatti"
84,Which car brands attract passionate car enthusiasts,,n.a,"Veyron, TVR, It, Rubicon, Jeep, Known, RX-, Any, Even, Several, Focus RS, Mazda, Chiron, Wrangler, Drift, Here, AWD, Bugatti"
84,Which car brands attract passionate car enthusiasts,,n.a,"Veyron, TVR, It, Rubicon, Jeep, Known, RX-, Any, Even, Several, Focus RS, Mazda, Chiron, Wrangler, Drift, Here, AWD, Bugatti"
84,Which car brands attract passionate car enthusiasts,,n.a,"Veyron, TVR, It, Rubicon, Jeep, Known, RX-, Any, Even, Several, Focus RS, Mazda, Chiron, Wrangler, Drift, Here, AWD, Bugatti"
84,Which car brands attract passionate car enthusiasts,,n.a,"Veyron, TVR, It, Rubicon, Jeep, Known, RX-, Any, Even, Several, Focus RS, Mazda, Chiron, Wrangler, Drift, Here, AWD, Bugatti"
85,Which car brands produce the best convertibles,https://www.carmax.com/research/convertibles/best-overall,,"Mustang, It, Miata, Chevrolet, MX-, Stingray, Several, Mazda, MPG, C-Class, BMW, Here, Mercedes-Benz, Mercedes-Benz CLE, E-Ray"
85,Which car brands produce the best convertibles,https://www.caranddriver.com/features/g27198629/convertibles/,,"Mustang, It, Miata, Chevrolet, MX-, Stingray, Several, Mazda, MPG, C-Class, BMW, Here, Mercedes-Benz, Mercedes-Benz CLE, E-Ray"
85,Which car brands produce the best convertibles,https://www.autocar.co.uk/car-news/best-cars/top-10-best-convertibles-and-cabriolets,,"Mustang, It, Miata, Chevrolet, MX-, Stingray, Several, Mazda, MPG, C-Class, BMW, Here, Mercedes-Benz, Mercedes-Benz CLE, E-Ray"
85,Which car brands produce the best convertibles,https://www.kbb.com/convertible/,,"Mustang, It, Miata, Chevrolet, MX-, Stingray, Several, Mazda, MPG, C-Class, BMW, Here, Mercedes-Benz, Mercedes-Benz CLE, E-Ray"
85,Which car brands produce the best convertibles,https://www.edmunds.com/convertible/,,"Mustang, It, Miata, Chevrolet, MX-, Stingray, Several, Mazda, MPG, C-Class, BMW, Here, Mercedes-Benz, Mercedes-Benz CLE, E-Ray"
85,Which car brands produce the best convertibles,,n.a,"Mustang, It, Miata, Chevrolet, MX-, Stingray, Several, Mazda, MPG, C-Class, BMW, Here, Mercedes-Benz, Mercedes-Benz CLE, E-Ray"
85,Which car brands produce the best convertibles,,n.a,"Mustang, It, Miata, Chevrolet, MX-, Stingray, Several, Mazda, MPG, C-Class, BMW, Here, Mercedes-Benz, Mercedes-Benz CLE, E-Ray"
85,Which car brands produce the best convertibles,,n.a,"Mustang, It, Miata, Chevrolet, MX-, Stingray, Several, Mazda, MPG, C-Class, BMW, Here, Mercedes-Benz, Mercedes-Benz CLE, E-Ray"
85,Which car brands produce the best convertibles,,n.a,"Mustang, It, Miata, Chevrolet, MX-, Stingray, Several, Mazda, MPG, C-Class, BMW, Here, Mercedes-Benz, Mercedes-Benz CLE, E-Ray"
85,Which car brands produce the best convertibles,,n.a,"Mustang, It, Miata, Chevrolet, MX-, Stingray, Several, Mazda, MPG, C-Class, BMW, Here, Mercedes-Benz, Mercedes-Benz CLE, E-Ray"
86,Which car brands score highest in crash test ratings,https://www.iihs.org/ratings/top-safety-picks,,"NCAP, It, AI-assisted, Specific Models, Several, Audi, SUVs, Tesla, Genesis, Both Audi, Tesla Model, BMW, Subaru, Model, Volvo, Here, This"
86,Which car brands score highest in crash test ratings,https://nexusautotransport.com/what-car-has-the-highest-safety-rating-in-the-us/,,"NCAP, It, AI-assisted, Specific Models, Several, Audi, SUVs, Tesla, Genesis, Both Audi, Tesla Model, BMW, Subaru, Model, Volvo, Here, This"
86,Which car brands score highest in crash test ratings,https://www.consumerreports.org/cars/car-safety/safest-new-cars-of-2024-according-to-iihs-a6646928467/,,"NCAP, It, AI-assisted, Specific Models, Several, Audi, SUVs, Tesla, Genesis, Both Audi, Tesla Model, BMW, Subaru, Model, Volvo, Here, This"
86,Which car brands score highest in crash test ratings,https://www.nhtsa.gov/ratings,,"NCAP, It, AI-assisted, Specific Models, Several, Audi, SUVs, Tesla, Genesis, Both Audi, Tesla Model, BMW, Subaru, Model, Volvo, Here, This"
86,Which car brands score highest in crash test ratings,https://www.carscoops.com/2025/01/volvo-subaru-tesla-lead-study-with-most-5-star-safety-ratings/,,"NCAP, It, AI-assisted, Specific Models, Several, Audi, SUVs, Tesla, Genesis, Both Audi, Tesla Model, BMW, Subaru, Model, Volvo, Here, This"
86,Which car brands score highest in crash test ratings,,n.a,"NCAP, It, AI-assisted, Specific Models, Several, Audi, SUVs, Tesla, Genesis, Both Audi, Tesla Model, BMW, Subaru, Model, Volvo, Here, This"
86,Which car brands score highest in crash test ratings,,n.a,"NCAP, It, AI-assisted, Specific Models, Several, Audi, SUVs, Tesla, Genesis, Both Audi, Tesla Model, BMW, Subaru, Model, Volvo, Here, This"
86,Which car brands score highest in crash test ratings,,n.a,"NCAP, It, AI-assisted, Specific Models, Several, Audi, SUVs, Tesla, Genesis, Both Audi, Tesla Model, BMW, Subaru, Model, Volvo, Here, This"
86,Which car brands score highest in crash test ratings,,n.a,"NCAP, It, AI-assisted, Specific Models, Several, Audi, SUVs, Tesla, Genesis, Both Audi, Tesla Model, BMW, Subaru, Model, Volvo, Here, This"
86,Which car brands score highest in crash test ratings,,n.a,"NCAP, It, AI-assisted, Specific Models, Several, Audi, SUVs, Tesla, Genesis, Both Audi, Tesla Model, BMW, Subaru, Model, Volvo, Here, This"
86,Which car brands score highest in crash test ratings,,n.a,"NCAP, It, AI-assisted, Specific Models, Several, Audi, SUVs, Tesla, Genesis, Both Audi, Tesla Model, BMW, Subaru, Model, Volvo, Here, This"
87,Which car brands are perfect for ride-hailing services,https://www.thezebra.com/resources/car-insurance/10-best-cars-for-uber-and-lyft-drivers/,,"Mitsubishi Mirage, Known, Uber, Lexus, Several, Sources, Lyft Drivers, Toyota Camry, Aspiring Uber, Best Cars, Lyft, Lyft Premier, Discovery, Toyota, Cars, While, Lexus ES, Nissan, Offers, Genesis, Honda Civic, Uber Select, Here, Honda, Five-Star New, Best Used, Toyota Prius, Mitsubishi, Nissan Sentra"
87,Which car brands are perfect for ride-hailing services,https://micromobility.io/industries/ride-hail,,"Mitsubishi Mirage, Known, Uber, Lexus, Several, Sources, Lyft Drivers, Toyota Camry, Aspiring Uber, Best Cars, Lyft, Lyft Premier, Discovery, Toyota, Cars, While, Lexus ES, Nissan, Offers, Genesis, Honda Civic, Uber Select, Here, Honda, Five-Star New, Best Used, Toyota Prius, Mitsubishi, Nissan Sentra"
87,Which car brands are perfect for ride-hailing services,https://www.cars.com/articles/five-star-new-cars-for-aspiring-uber-and-lyft-drivers-1420701419081/,,"Mitsubishi Mirage, Known, Uber, Lexus, Several, Sources, Lyft Drivers, Toyota Camry, Aspiring Uber, Best Cars, Lyft, Lyft Premier, Discovery, Toyota, Cars, While, Lexus ES, Nissan, Offers, Genesis, Honda Civic, Uber Select, Here, Honda, Five-Star New, Best Used, Toyota Prius, Mitsubishi, Nissan Sentra"
87,Which car brands are perfect for ride-hailing services,https://www.consumerreports.org/money/ride-hailing/best-cars-for-uber-and-lyft-drivers-a2180710887/,,"Mitsubishi Mirage, Known, Uber, Lexus, Several, Sources, Lyft Drivers, Toyota Camry, Aspiring Uber, Best Cars, Lyft, Lyft Premier, Discovery, Toyota, Cars, While, Lexus ES, Nissan, Offers, Genesis, Honda Civic, Uber Select, Here, Honda, Five-Star New, Best Used, Toyota Prius, Mitsubishi, Nissan Sentra"
87,Which car brands are perfect for ride-hailing services,,n.a,"Mitsubishi Mirage, Known, Uber, Lexus, Several, Sources, Lyft Drivers, Toyota Camry, Aspiring Uber, Best Cars, Lyft, Lyft Premier, Discovery, Toyota, Cars, While, Lexus ES, Nissan, Offers, Genesis, Honda Civic, Uber Select, Here, Honda, Five-Star New, Best Used, Toyota Prius, Mitsubishi, Nissan Sentra"
87,Which car brands are perfect for ride-hailing services,,n.a,"Mitsubishi Mirage, Known, Uber, Lexus, Several, Sources, Lyft Drivers, Toyota Camry, Aspiring Uber, Best Cars, Lyft, Lyft Premier, Discovery, Toyota, Cars, While, Lexus ES, Nissan, Offers, Genesis, Honda Civic, Uber Select, Here, Honda, Five-Star New, Best Used, Toyota Prius, Mitsubishi, Nissan Sentra"
87,Which car brands are perfect for ride-hailing services,,n.a,"Mitsubishi Mirage, Known, Uber, Lexus, Several, Sources, Lyft Drivers, Toyota Camry, Aspiring Uber, Best Cars, Lyft, Lyft Premier, Discovery, Toyota, Cars, While, Lexus ES, Nissan, Offers, Genesis, Honda Civic, Uber Select, Here, Honda, Five-Star New, Best Used, Toyota Prius, Mitsubishi, Nissan Sentra"
87,Which car brands are perfect for ride-hailing services,,n.a,"Mitsubishi Mirage, Known, Uber, Lexus, Several, Sources, Lyft Drivers, Toyota Camry, Aspiring Uber, Best Cars, Lyft, Lyft Premier, Discovery, Toyota, Cars, While, Lexus ES, Nissan, Offers, Genesis, Honda Civic, Uber Select, Here, Honda, Five-Star New, Best Used, Toyota Prius, Mitsubishi, Nissan Sentra"
88,Which car brands are best for long-term ownership,https://www.carsoup.com/blog/2024/04/25/the-best-cars-for-long-term-ownership-reliability-and-maintenance-costs/,,"As, Known, Lexus, Mazda, Models, Subaru, Study, It, Toyota Camry, Power, Blends, Vehicle Dependability, Toyota, Kia, Offers, Honda Civic, Specific Models, Here, Honda, European, Hyundai"
88,Which car brands are best for long-term ownership,https://www.consumerreports.org/cars/car-reliability-owner-satisfaction/who-makes-the-most-reliable-cars-a7824554938/,,"As, Known, Lexus, Mazda, Models, Subaru, Study, It, Toyota Camry, Power, Blends, Vehicle Dependability, Toyota, Kia, Offers, Honda Civic, Specific Models, Here, Honda, European, Hyundai"
88,Which car brands are best for long-term ownership,https://www.consumerreports.org/cars/car-reliability-owner-satisfaction/10-best-cars-to-get-to-200000-miles-and-beyond-a1051079155/,,"As, Known, Lexus, Mazda, Models, Subaru, Study, It, Toyota Camry, Power, Blends, Vehicle Dependability, Toyota, Kia, Offers, Honda Civic, Specific Models, Here, Honda, European, Hyundai"
88,Which car brands are best for long-term ownership,https://www.jdpower.com/business/press-releases/2024-us-vehicle-dependability-study-vds,,"As, Known, Lexus, Mazda, Models, Subaru, Study, It, Toyota Camry, Power, Blends, Vehicle Dependability, Toyota, Kia, Offers, Honda Civic, Specific Models, Here, Honda, European, Hyundai"
88,Which car brands are best for long-term ownership,https://www.visualcapitalist.com/ranked-the-most-reliable-car-brands-in-2025/,,"As, Known, Lexus, Mazda, Models, Subaru, Study, It, Toyota Camry, Power, Blends, Vehicle Dependability, Toyota, Kia, Offers, Honda Civic, Specific Models, Here, Honda, European, Hyundai"
88,Which car brands are best for long-term ownership,,n.a,"As, Known, Lexus, Mazda, Models, Subaru, Study, It, Toyota Camry, Power, Blends, Vehicle Dependability, Toyota, Kia, Offers, Honda Civic, Specific Models, Here, Honda, European, Hyundai"
88,Which car brands are best for long-term ownership,,n.a,"As, Known, Lexus, Mazda, Models, Subaru, Study, It, Toyota Camry, Power, Blends, Vehicle Dependability, Toyota, Kia, Offers, Honda Civic, Specific Models, Here, Honda, European, Hyundai"
88,Which car brands are best for long-term ownership,,n.a,"As, Known, Lexus, Mazda, Models, Subaru, Study, It, Toyota Camry, Power, Blends, Vehicle Dependability, Toyota, Kia, Offers, Honda Civic, Specific Models, Here, Honda, European, Hyundai"
88,Which car brands are best for long-term ownership,,n.a,"As, Known, Lexus, Mazda, Models, Subaru, Study, It, Toyota Camry, Power, Blends, Vehicle Dependability, Toyota, Kia, Offers, Honda Civic, Specific Models, Here, Honda, European, Hyundai"
88,Which car brands are best for long-term ownership,,n.a,"As, Known, Lexus, Mazda, Models, Subaru, Study, It, Toyota Camry, Power, Blends, Vehicle Dependability, Toyota, Kia, Offers, Honda Civic, Specific Models, Here, Honda, European, Hyundai"
88,Which car brands are best for long-term ownership,,n.a,"As, Known, Lexus, Mazda, Models, Subaru, Study, It, Toyota Camry, Power, Blends, Vehicle Dependability, Toyota, Kia, Offers, Honda Civic, Specific Models, Here, Honda, European, Hyundai"
88,Which car brands are best for long-term ownership,,n.a,"As, Known, Lexus, Mazda, Models, Subaru, Study, It, Toyota Camry, Power, Blends, Vehicle Dependability, Toyota, Kia, Offers, Honda Civic, Specific Models, Here, Honda, European, Hyundai"
88,Which car brands are best for long-term ownership,,n.a,"As, Known, Lexus, Mazda, Models, Subaru, Study, It, Toyota Camry, Power, Blends, Vehicle Dependability, Toyota, Kia, Offers, Honda Civic, Specific Models, Here, Honda, European, Hyundai"
89,Which car brands are known for their futuristic concept cars,https://www.caranddriver.com/features/g62628687/concept-cars-most-like-production-version/,,"Driver, NSX Concept, Known, YouTube, Lexus, Several, Audi, Pro Electric, Sources, BMW, Intact, Mercedes-Benz, Years, Largely, Electrified Concept, COOLEST FUTURE, Track, AI-powered, Road, Concept, Convertible, YOU MUST, TOP, CARS OF, From, Genesis, Concept Cars, SuperVan, Acura, Here, Audi Aicon, MIND-BLOWING CONCEPT, LF-, Past, Vision Next, Honda, Concept IAA, That Translated, Street, SEE, Continuously, CONCEPT CARS, Production, Car"
89,Which car brands are known for their futuristic concept cars,https://www.roadandtrack.com/new-cars/future-cars/g22635258/coolest-recent-concepts/,,"Driver, NSX Concept, Known, YouTube, Lexus, Several, Audi, Pro Electric, Sources, BMW, Intact, Mercedes-Benz, Years, Largely, Electrified Concept, COOLEST FUTURE, Track, AI-powered, Road, Concept, Convertible, YOU MUST, TOP, CARS OF, From, Genesis, Concept Cars, SuperVan, Acura, Here, Audi Aicon, MIND-BLOWING CONCEPT, LF-, Past, Vision Next, Honda, Concept IAA, That Translated, Street, SEE, Continuously, CONCEPT CARS, Production, Car"
89,Which car brands are known for their futuristic concept cars,https://jbrcapital.com/magazine/concept-cars-future-history/,,"Driver, NSX Concept, Known, YouTube, Lexus, Several, Audi, Pro Electric, Sources, BMW, Intact, Mercedes-Benz, Years, Largely, Electrified Concept, COOLEST FUTURE, Track, AI-powered, Road, Concept, Convertible, YOU MUST, TOP, CARS OF, From, Genesis, Concept Cars, SuperVan, Acura, Here, Audi Aicon, MIND-BLOWING CONCEPT, LF-, Past, Vision Next, Honda, Concept IAA, That Translated, Street, SEE, Continuously, CONCEPT CARS, Production, Car"
89,Which car brands are known for their futuristic concept cars,https://www.youtube.com/watch?v=g8lbGlLsg3U,,"Driver, NSX Concept, Known, YouTube, Lexus, Several, Audi, Pro Electric, Sources, BMW, Intact, Mercedes-Benz, Years, Largely, Electrified Concept, COOLEST FUTURE, Track, AI-powered, Road, Concept, Convertible, YOU MUST, TOP, CARS OF, From, Genesis, Concept Cars, SuperVan, Acura, Here, Audi Aicon, MIND-BLOWING CONCEPT, LF-, Past, Vision Next, Honda, Concept IAA, That Translated, Street, SEE, Continuously, CONCEPT CARS, Production, Car"
89,Which car brands are known for their futuristic concept cars,https://www.youtube.com/watch?v=3vKZx4su-7M,,"Driver, NSX Concept, Known, YouTube, Lexus, Several, Audi, Pro Electric, Sources, BMW, Intact, Mercedes-Benz, Years, Largely, Electrified Concept, COOLEST FUTURE, Track, AI-powered, Road, Concept, Convertible, YOU MUST, TOP, CARS OF, From, Genesis, Concept Cars, SuperVan, Acura, Here, Audi Aicon, MIND-BLOWING CONCEPT, LF-, Past, Vision Next, Honda, Concept IAA, That Translated, Street, SEE, Continuously, CONCEPT CARS, Production, Car"
89,Which car brands are known for their futuristic concept cars,,n.a,"Driver, NSX Concept, Known, YouTube, Lexus, Several, Audi, Pro Electric, Sources, BMW, Intact, Mercedes-Benz, Years, Largely, Electrified Concept, COOLEST FUTURE, Track, AI-powered, Road, Concept, Convertible, YOU MUST, TOP, CARS OF, From, Genesis, Concept Cars, SuperVan, Acura, Here, Audi Aicon, MIND-BLOWING CONCEPT, LF-, Past, Vision Next, Honda, Concept IAA, That Translated, Street, SEE, Continuously, CONCEPT CARS, Production, Car"
89,Which car brands are known for their futuristic concept cars,,n.a,"Driver, NSX Concept, Known, YouTube, Lexus, Several, Audi, Pro Electric, Sources, BMW, Intact, Mercedes-Benz, Years, Largely, Electrified Concept, COOLEST FUTURE, Track, AI-powered, Road, Concept, Convertible, YOU MUST, TOP, CARS OF, From, Genesis, Concept Cars, SuperVan, Acura, Here, Audi Aicon, MIND-BLOWING CONCEPT, LF-, Past, Vision Next, Honda, Concept IAA, That Translated, Street, SEE, Continuously, CONCEPT CARS, Production, Car"
89,Which car brands are known for their futuristic concept cars,,n.a,"Driver, NSX Concept, Known, YouTube, Lexus, Several, Audi, Pro Electric, Sources, BMW, Intact, Mercedes-Benz, Years, Largely, Electrified Concept, COOLEST FUTURE, Track, AI-powered, Road, Concept, Convertible, YOU MUST, TOP, CARS OF, From, Genesis, Concept Cars, SuperVan, Acura, Here, Audi Aicon, MIND-BLOWING CONCEPT, LF-, Past, Vision Next, Honda, Concept IAA, That Translated, Street, SEE, Continuously, CONCEPT CARS, Production, Car"
89,Which car brands are known for their futuristic concept cars,,n.a,"Driver, NSX Concept, Known, YouTube, Lexus, Several, Audi, Pro Electric, Sources, BMW, Intact, Mercedes-Benz, Years, Largely, Electrified Concept, COOLEST FUTURE, Track, AI-powered, Road, Concept, Convertible, YOU MUST, TOP, CARS OF, From, Genesis, Concept Cars, SuperVan, Acura, Here, Audi Aicon, MIND-BLOWING CONCEPT, LF-, Past, Vision Next, Honda, Concept IAA, That Translated, Street, SEE, Continuously, CONCEPT CARS, Production, Car"
89,Which car brands are known for their futuristic concept cars,,n.a,"Driver, NSX Concept, Known, YouTube, Lexus, Several, Audi, Pro Electric, Sources, BMW, Intact, Mercedes-Benz, Years, Largely, Electrified Concept, COOLEST FUTURE, Track, AI-powered, Road, Concept, Convertible, YOU MUST, TOP, CARS OF, From, Genesis, Concept Cars, SuperVan, Acura, Here, Audi Aicon, MIND-BLOWING CONCEPT, LF-, Past, Vision Next, Honda, Concept IAA, That Translated, Street, SEE, Continuously, CONCEPT CARS, Production, Car"
90,Which car brands design the most attractive coupes,https://www.autoweb.com/top-10-cars/best-looking-cars/coupes,,"CLE-class, Known, Several, Additionally, Audi, Cayman, CLS, Giulia, Here, Mercedes-Benz, Alfa Romeo"
90,Which car brands design the most attractive coupes,https://www.caranddriver.com/features/g27199030/best-coupes/,,"CLE-class, Known, Several, Additionally, Audi, Cayman, CLS, Giulia, Here, Mercedes-Benz, Alfa Romeo"
90,Which car brands design the most attractive coupes,https://carbuzz.com/most-beautiful-modern-coupes-1980s-today/,,"CLE-class, Known, Several, Additionally, Audi, Cayman, CLS, Giulia, Here, Mercedes-Benz, Alfa Romeo"
90,Which car brands design the most attractive coupes,https://www.topspeed.com/cars-that-prove-the-coupe-body-style-matters/,,"CLE-class, Known, Several, Additionally, Audi, Cayman, CLS, Giulia, Here, Mercedes-Benz, Alfa Romeo"
90,Which car brands design the most attractive coupes,https://www.whichcar.com.au/news/50-sexiest-cars-ever,,"CLE-class, Known, Several, Additionally, Audi, Cayman, CLS, Giulia, Here, Mercedes-Benz, Alfa Romeo"
90,Which car brands design the most attractive coupes,,n.a,"CLE-class, Known, Several, Additionally, Audi, Cayman, CLS, Giulia, Here, Mercedes-Benz, Alfa Romeo"
90,Which car brands design the most attractive coupes,,n.a,"CLE-class, Known, Several, Additionally, Audi, Cayman, CLS, Giulia, Here, Mercedes-Benz, Alfa Romeo"
90,Which car brands design the most attractive coupes,,n.a,"CLE-class, Known, Several, Additionally, Audi, Cayman, CLS, Giulia, Here, Mercedes-Benz, Alfa Romeo"
90,Which car brands design the most attractive coupes,,n.a,"CLE-class, Known, Several, Additionally, Audi, Cayman, CLS, Giulia, Here, Mercedes-Benz, Alfa Romeo"
91,Which car brands are best for pet owners,https://b2b.autotrader.com/resources/2023-best-cars-for-dog-lovers/,,"Both, Known, Several, Kona, Outback, Subaru, It, Hybrid, Toyota, SUV, Jeep, Renegade, Wrangler, Here, Escape, Honda, Tesla, Model, CR-V, Volvo, Dog Mode, Hyundai"
91,Which car brands are best for pet owners,https://www.truecar.com/best-cars-trucks/for-dogs/,,"Both, Known, Several, Kona, Outback, Subaru, It, Hybrid, Toyota, SUV, Jeep, Renegade, Wrangler, Here, Escape, Honda, Tesla, Model, CR-V, Volvo, Dog Mode, Hyundai"
91,Which car brands are best for pet owners,https://www.ovrs.com/blog/5-most-dog-friendly-cars/,,"Both, Known, Several, Kona, Outback, Subaru, It, Hybrid, Toyota, SUV, Jeep, Renegade, Wrangler, Here, Escape, Honda, Tesla, Model, CR-V, Volvo, Dog Mode, Hyundai"
91,Which car brands are best for pet owners,https://pethubusa.com/lifestyle/best-cars-for-pet-owners/,,"Both, Known, Several, Kona, Outback, Subaru, It, Hybrid, Toyota, SUV, Jeep, Renegade, Wrangler, Here, Escape, Honda, Tesla, Model, CR-V, Volvo, Dog Mode, Hyundai"
91,Which car brands are best for pet owners,https://extremedogfence.com/blogs/articles/5-most-pet-friendly-cars,,"Both, Known, Several, Kona, Outback, Subaru, It, Hybrid, Toyota, SUV, Jeep, Renegade, Wrangler, Here, Escape, Honda, Tesla, Model, CR-V, Volvo, Dog Mode, Hyundai"
91,Which car brands are best for pet owners,,n.a,"Both, Known, Several, Kona, Outback, Subaru, It, Hybrid, Toyota, SUV, Jeep, Renegade, Wrangler, Here, Escape, Honda, Tesla, Model, CR-V, Volvo, Dog Mode, Hyundai"
91,Which car brands are best for pet owners,,n.a,"Both, Known, Several, Kona, Outback, Subaru, It, Hybrid, Toyota, SUV, Jeep, Renegade, Wrangler, Here, Escape, Honda, Tesla, Model, CR-V, Volvo, Dog Mode, Hyundai"
91,Which car brands are best for pet owners,,n.a,"Both, Known, Several, Kona, Outback, Subaru, It, Hybrid, Toyota, SUV, Jeep, Renegade, Wrangler, Here, Escape, Honda, Tesla, Model, CR-V, Volvo, Dog Mode, Hyundai"
91,Which car brands are best for pet owners,,n.a,"Both, Known, Several, Kona, Outback, Subaru, It, Hybrid, Toyota, SUV, Jeep, Renegade, Wrangler, Here, Escape, Honda, Tesla, Model, CR-V, Volvo, Dog Mode, Hyundai"
91,Which car brands are best for pet owners,,n.a,"Both, Known, Several, Kona, Outback, Subaru, It, Hybrid, Toyota, SUV, Jeep, Renegade, Wrangler, Here, Escape, Honda, Tesla, Model, CR-V, Volvo, Dog Mode, Hyundai"
92,Which car brands include complimentary maintenance packages,https://www.cars.com/articles/which-new-cars-have-free-maintenance-447261/,,"Lexus, Several, MINI, Electric Vehicles, Subaru, BMW, Mercedes-Benz, Alfa Romeo, Sun Belt, Lincoln, Infiniti, Starting, Toyota, Nissan, Genesis, Jaguar, Acura, Here, GMC, All Genesis, Sedan, Black Label, Honda, Cadillac, Chevrolet, Feb, Selective Regions, Lucid, Buick, SUV, Hyundai, Polestar, Mitsubishi"
92,Which car brands include complimentary maintenance packages,https://www.carsdirect.com/deals-articles/car-brands-that-still-offer-free-maintenance,,"Lexus, Several, MINI, Electric Vehicles, Subaru, BMW, Mercedes-Benz, Alfa Romeo, Sun Belt, Lincoln, Infiniti, Starting, Toyota, Nissan, Genesis, Jaguar, Acura, Here, GMC, All Genesis, Sedan, Black Label, Honda, Cadillac, Chevrolet, Feb, Selective Regions, Lucid, Buick, SUV, Hyundai, Polestar, Mitsubishi"
92,Which car brands include complimentary maintenance packages,https://carbuzz.com/every-car-brand-with-free-maintenance-included/,,"Lexus, Several, MINI, Electric Vehicles, Subaru, BMW, Mercedes-Benz, Alfa Romeo, Sun Belt, Lincoln, Infiniti, Starting, Toyota, Nissan, Genesis, Jaguar, Acura, Here, GMC, All Genesis, Sedan, Black Label, Honda, Cadillac, Chevrolet, Feb, Selective Regions, Lucid, Buick, SUV, Hyundai, Polestar, Mitsubishi"
92,Which car brands include complimentary maintenance packages,https://www.kbb.com/car-news/who_s-got-free-maintenance/,,"Lexus, Several, MINI, Electric Vehicles, Subaru, BMW, Mercedes-Benz, Alfa Romeo, Sun Belt, Lincoln, Infiniti, Starting, Toyota, Nissan, Genesis, Jaguar, Acura, Here, GMC, All Genesis, Sedan, Black Label, Honda, Cadillac, Chevrolet, Feb, Selective Regions, Lucid, Buick, SUV, Hyundai, Polestar, Mitsubishi"
92,Which car brands include complimentary maintenance packages,https://www.cars.com/articles/which-used-cars-still-have-free-maintenance-447262/,,"Lexus, Several, MINI, Electric Vehicles, Subaru, BMW, Mercedes-Benz, Alfa Romeo, Sun Belt, Lincoln, Infiniti, Starting, Toyota, Nissan, Genesis, Jaguar, Acura, Here, GMC, All Genesis, Sedan, Black Label, Honda, Cadillac, Chevrolet, Feb, Selective Regions, Lucid, Buick, SUV, Hyundai, Polestar, Mitsubishi"
92,Which car brands include complimentary maintenance packages,,n.a,"Lexus, Several, MINI, Electric Vehicles, Subaru, BMW, Mercedes-Benz, Alfa Romeo, Sun Belt, Lincoln, Infiniti, Starting, Toyota, Nissan, Genesis, Jaguar, Acura, Here, GMC, All Genesis, Sedan, Black Label, Honda, Cadillac, Chevrolet, Feb, Selective Regions, Lucid, Buick, SUV, Hyundai, Polestar, Mitsubishi"
92,Which car brands include complimentary maintenance packages,,n.a,"Lexus, Several, MINI, Electric Vehicles, Subaru, BMW, Mercedes-Benz, Alfa Romeo, Sun Belt, Lincoln, Infiniti, Starting, Toyota, Nissan, Genesis, Jaguar, Acura, Here, GMC, All Genesis, Sedan, Black Label, Honda, Cadillac, Chevrolet, Feb, Selective Regions, Lucid, Buick, SUV, Hyundai, Polestar, Mitsubishi"
92,Which car brands include complimentary maintenance packages,,n.a,"Lexus, Several, MINI, Electric Vehicles, Subaru, BMW, Mercedes-Benz, Alfa Romeo, Sun Belt, Lincoln, Infiniti, Starting, Toyota, Nissan, Genesis, Jaguar, Acura, Here, GMC, All Genesis, Sedan, Black Label, Honda, Cadillac, Chevrolet, Feb, Selective Regions, Lucid, Buick, SUV, Hyundai, Polestar, Mitsubishi"
92,Which car brands include complimentary maintenance packages,,n.a,"Lexus, Several, MINI, Electric Vehicles, Subaru, BMW, Mercedes-Benz, Alfa Romeo, Sun Belt, Lincoln, Infiniti, Starting, Toyota, Nissan, Genesis, Jaguar, Acura, Here, GMC, All Genesis, Sedan, Black Label, Honda, Cadillac, Chevrolet, Feb, Selective Regions, Lucid, Buick, SUV, Hyundai, Polestar, Mitsubishi"
92,Which car brands include complimentary maintenance packages,,n.a,"Lexus, Several, MINI, Electric Vehicles, Subaru, BMW, Mercedes-Benz, Alfa Romeo, Sun Belt, Lincoln, Infiniti, Starting, Toyota, Nissan, Genesis, Jaguar, Acura, Here, GMC, All Genesis, Sedan, Black Label, Honda, Cadillac, Chevrolet, Feb, Selective Regions, Lucid, Buick, SUV, Hyundai, Polestar, Mitsubishi"
92,Which car brands include complimentary maintenance packages,,n.a,"Lexus, Several, MINI, Electric Vehicles, Subaru, BMW, Mercedes-Benz, Alfa Romeo, Sun Belt, Lincoln, Infiniti, Starting, Toyota, Nissan, Genesis, Jaguar, Acura, Here, GMC, All Genesis, Sedan, Black Label, Honda, Cadillac, Chevrolet, Feb, Selective Regions, Lucid, Buick, SUV, Hyundai, Polestar, Mitsubishi"
92,Which car brands include complimentary maintenance packages,,n.a,"Lexus, Several, MINI, Electric Vehicles, Subaru, BMW, Mercedes-Benz, Alfa Romeo, Sun Belt, Lincoln, Infiniti, Starting, Toyota, Nissan, Genesis, Jaguar, Acura, Here, GMC, All Genesis, Sedan, Black Label, Honda, Cadillac, Chevrolet, Feb, Selective Regions, Lucid, Buick, SUV, Hyundai, Polestar, Mitsubishi"
93,Which car brands suit weekend road trip lifestyles,https://www.thezebra.com/resources/car-insurance/best-cars-for-road-trips/,,"Honda CR-V, Known, Provides, Several, Mazda, Subaru, GTI, Mazda CX-, Its, It, Hybrid, Subaru Outback, Offers, Volkswagen Golf, Volkswagen, Here, Honda, Chevrolet, SUV, Chevrolet Tahoe"
93,Which car brands suit weekend road trip lifestyles,https://www.moderntraveller.ca/home/the-best-cars-for-road-trips-in-2024,,"Honda CR-V, Known, Provides, Several, Mazda, Subaru, GTI, Mazda CX-, Its, It, Hybrid, Subaru Outback, Offers, Volkswagen Golf, Volkswagen, Here, Honda, Chevrolet, SUV, Chevrolet Tahoe"
93,Which car brands suit weekend road trip lifestyles,https://www.cars.com/articles/planning-a-road-trip-here-are-cars-coms-best-road-trip-car-picks-483775/,,"Honda CR-V, Known, Provides, Several, Mazda, Subaru, GTI, Mazda CX-, Its, It, Hybrid, Subaru Outback, Offers, Volkswagen Golf, Volkswagen, Here, Honda, Chevrolet, SUV, Chevrolet Tahoe"
93,Which car brands suit weekend road trip lifestyles,https://www.whatsbestforum.com/threads/looking-for-a-long-distance-trip-vehicle-suggestions.38097/,,"Honda CR-V, Known, Provides, Several, Mazda, Subaru, GTI, Mazda CX-, Its, It, Hybrid, Subaru Outback, Offers, Volkswagen Golf, Volkswagen, Here, Honda, Chevrolet, SUV, Chevrolet Tahoe"
93,Which car brands suit weekend road trip lifestyles,https://alittledelightful.com/10-best-cars-for-road-trips/,,"Honda CR-V, Known, Provides, Several, Mazda, Subaru, GTI, Mazda CX-, Its, It, Hybrid, Subaru Outback, Offers, Volkswagen Golf, Volkswagen, Here, Honda, Chevrolet, SUV, Chevrolet Tahoe"
93,Which car brands suit weekend road trip lifestyles,,n.a,"Honda CR-V, Known, Provides, Several, Mazda, Subaru, GTI, Mazda CX-, Its, It, Hybrid, Subaru Outback, Offers, Volkswagen Golf, Volkswagen, Here, Honda, Chevrolet, SUV, Chevrolet Tahoe"
93,Which car brands suit weekend road trip lifestyles,,n.a,"Honda CR-V, Known, Provides, Several, Mazda, Subaru, GTI, Mazda CX-, Its, It, Hybrid, Subaru Outback, Offers, Volkswagen Golf, Volkswagen, Here, Honda, Chevrolet, SUV, Chevrolet Tahoe"
93,Which car brands suit weekend road trip lifestyles,,n.a,"Honda CR-V, Known, Provides, Several, Mazda, Subaru, GTI, Mazda CX-, Its, It, Hybrid, Subaru Outback, Offers, Volkswagen Golf, Volkswagen, Here, Honda, Chevrolet, SUV, Chevrolet Tahoe"
93,Which car brands suit weekend road trip lifestyles,,n.a,"Honda CR-V, Known, Provides, Several, Mazda, Subaru, GTI, Mazda CX-, Its, It, Hybrid, Subaru Outback, Offers, Volkswagen Golf, Volkswagen, Here, Honda, Chevrolet, SUV, Chevrolet Tahoe"
93,Which car brands suit weekend road trip lifestyles,,n.a,"Honda CR-V, Known, Provides, Several, Mazda, Subaru, GTI, Mazda CX-, Its, It, Hybrid, Subaru Outback, Offers, Volkswagen Golf, Volkswagen, Here, Honda, Chevrolet, SUV, Chevrolet Tahoe"
94,Which car brands appeal most to tech professionals,https://business.yougov.com/content/46079-usgb-top-five-car-brands-leading-in-innovation-and-technology,,"EQ, Its, InControl Touch, Known, Level, Glass Cockpit, Several, Tesla, Jaguar, Pro, BMW, Here, Mercedes-Benz, Drive Pilot, MBUX, This, I-PACE"
94,Which car brands appeal most to tech professionals,https://www.guideautoweb.com/en/articles/71634/these-car-brands-have-the-best-tech-and-infotainment-in-2023/,,"EQ, Its, InControl Touch, Known, Level, Glass Cockpit, Several, Tesla, Jaguar, Pro, BMW, Here, Mercedes-Benz, Drive Pilot, MBUX, This, I-PACE"
94,Which car brands appeal most to tech professionals,https://www.goodwinrecruiting.com/which-car-brands-are-shaking-up-the-auto-industry,,"EQ, Its, InControl Touch, Known, Level, Glass Cockpit, Several, Tesla, Jaguar, Pro, BMW, Here, Mercedes-Benz, Drive Pilot, MBUX, This, I-PACE"
94,Which car brands appeal most to tech professionals,https://douradocars.com/list-of-luxury-car-brands-dynamic/,,"EQ, Its, InControl Touch, Known, Level, Glass Cockpit, Several, Tesla, Jaguar, Pro, BMW, Here, Mercedes-Benz, Drive Pilot, MBUX, This, I-PACE"
94,Which car brands appeal most to tech professionals,https://www.slashgear.com/the-10-car-brands-with-the-best-tech-15702739/,,"EQ, Its, InControl Touch, Known, Level, Glass Cockpit, Several, Tesla, Jaguar, Pro, BMW, Here, Mercedes-Benz, Drive Pilot, MBUX, This, I-PACE"
94,Which car brands appeal most to tech professionals,,n.a,"EQ, Its, InControl Touch, Known, Level, Glass Cockpit, Several, Tesla, Jaguar, Pro, BMW, Here, Mercedes-Benz, Drive Pilot, MBUX, This, I-PACE"
94,Which car brands appeal most to tech professionals,,n.a,"EQ, Its, InControl Touch, Known, Level, Glass Cockpit, Several, Tesla, Jaguar, Pro, BMW, Here, Mercedes-Benz, Drive Pilot, MBUX, This, I-PACE"
94,Which car brands appeal most to tech professionals,,n.a,"EQ, Its, InControl Touch, Known, Level, Glass Cockpit, Several, Tesla, Jaguar, Pro, BMW, Here, Mercedes-Benz, Drive Pilot, MBUX, This, I-PACE"
94,Which car brands appeal most to tech professionals,,n.a,"EQ, Its, InControl Touch, Known, Level, Glass Cockpit, Several, Tesla, Jaguar, Pro, BMW, Here, Mercedes-Benz, Drive Pilot, MBUX, This, I-PACE"
95,Which car brands offer premium rear-seat entertainment,https://www.autonationusa.com/research/articles/top-five-cars-with-rear-entertainment.htm,,"Blu-ray, Dodge Durango, Several, HDMI, LM, Wagoneer, Mercedes-Benz S-Class, BMW, Amazon Fire, Rover Range, It, Lexus LM, Durango, TV, S-Class, LCD, Lexus RX, This, Rover, CD, Passengers, RX, Jaguar XJ, DVD, Range Rover, Mercedes-Maybach S-Class"
95,Which car brands offer premium rear-seat entertainment,https://www.autoweb.com/10-cars-with-tvs-and-rear-entertainment-systems,,"Blu-ray, Dodge Durango, Several, HDMI, LM, Wagoneer, Mercedes-Benz S-Class, BMW, Amazon Fire, Rover Range, It, Lexus LM, Durango, TV, S-Class, LCD, Lexus RX, This, Rover, CD, Passengers, RX, Jaguar XJ, DVD, Range Rover, Mercedes-Maybach S-Class"
95,Which car brands offer premium rear-seat entertainment,https://carbuzz.com/7-spacious-suvs-with-rear-entertainment-systems/,,"Blu-ray, Dodge Durango, Several, HDMI, LM, Wagoneer, Mercedes-Benz S-Class, BMW, Amazon Fire, Rover Range, It, Lexus LM, Durango, TV, S-Class, LCD, Lexus RX, This, Rover, CD, Passengers, RX, Jaguar XJ, DVD, Range Rover, Mercedes-Maybach S-Class"
95,Which car brands offer premium rear-seat entertainment,https://www.jdpower.com/cars-for-sale?coredetails=rear-seat-entertainment,,"Blu-ray, Dodge Durango, Several, HDMI, LM, Wagoneer, Mercedes-Benz S-Class, BMW, Amazon Fire, Rover Range, It, Lexus LM, Durango, TV, S-Class, LCD, Lexus RX, This, Rover, CD, Passengers, RX, Jaguar XJ, DVD, Range Rover, Mercedes-Maybach S-Class"
95,Which car brands offer premium rear-seat entertainment,https://www.icicilombard.com/blogs/car-insurance/mb/best-cars-with-tv-in-back-seat,,"Blu-ray, Dodge Durango, Several, HDMI, LM, Wagoneer, Mercedes-Benz S-Class, BMW, Amazon Fire, Rover Range, It, Lexus LM, Durango, TV, S-Class, LCD, Lexus RX, This, Rover, CD, Passengers, RX, Jaguar XJ, DVD, Range Rover, Mercedes-Maybach S-Class"
95,Which car brands offer premium rear-seat entertainment,,n.a,"Blu-ray, Dodge Durango, Several, HDMI, LM, Wagoneer, Mercedes-Benz S-Class, BMW, Amazon Fire, Rover Range, It, Lexus LM, Durango, TV, S-Class, LCD, Lexus RX, This, Rover, CD, Passengers, RX, Jaguar XJ, DVD, Range Rover, Mercedes-Maybach S-Class"
95,Which car brands offer premium rear-seat entertainment,,n.a,"Blu-ray, Dodge Durango, Several, HDMI, LM, Wagoneer, Mercedes-Benz S-Class, BMW, Amazon Fire, Rover Range, It, Lexus LM, Durango, TV, S-Class, LCD, Lexus RX, This, Rover, CD, Passengers, RX, Jaguar XJ, DVD, Range Rover, Mercedes-Maybach S-Class"
95,Which car brands offer premium rear-seat entertainment,,n.a,"Blu-ray, Dodge Durango, Several, HDMI, LM, Wagoneer, Mercedes-Benz S-Class, BMW, Amazon Fire, Rover Range, It, Lexus LM, Durango, TV, S-Class, LCD, Lexus RX, This, Rover, CD, Passengers, RX, Jaguar XJ, DVD, Range Rover, Mercedes-Maybach S-Class"
95,Which car brands offer premium rear-seat entertainment,,n.a,"Blu-ray, Dodge Durango, Several, HDMI, LM, Wagoneer, Mercedes-Benz S-Class, BMW, Amazon Fire, Rover Range, It, Lexus LM, Durango, TV, S-Class, LCD, Lexus RX, This, Rover, CD, Passengers, RX, Jaguar XJ, DVD, Range Rover, Mercedes-Maybach S-Class"
95,Which car brands offer premium rear-seat entertainment,,n.a,"Blu-ray, Dodge Durango, Several, HDMI, LM, Wagoneer, Mercedes-Benz S-Class, BMW, Amazon Fire, Rover Range, It, Lexus LM, Durango, TV, S-Class, LCD, Lexus RX, This, Rover, CD, Passengers, RX, Jaguar XJ, DVD, Range Rover, Mercedes-Maybach S-Class"
95,Which car brands offer premium rear-seat entertainment,,n.a,"Blu-ray, Dodge Durango, Several, HDMI, LM, Wagoneer, Mercedes-Benz S-Class, BMW, Amazon Fire, Rover Range, It, Lexus LM, Durango, TV, S-Class, LCD, Lexus RX, This, Rover, CD, Passengers, RX, Jaguar XJ, DVD, Range Rover, Mercedes-Maybach S-Class"
96,Which car brands excel in motorsport and racing,https://www.carparisonleasing.co.uk/blog/who-are-the-most-successful-car-manufacturers-in-motorsport,,"Car Championship, As, GTO, LMR, GR, Several, LM, Mercedes, Models, Group, BMW, Mercedes-Benz, DTM, GR Yaris, Hours, Toyota, McLaren, Here, Le Mans, Ferrari, Gazoo Racing, NASCAR"
96,Which car brands excel in motorsport and racing,https://www.statista.com/statistics/263092/number-of-wins-of-formula-one-manufacturers/,,"Car Championship, As, GTO, LMR, GR, Several, LM, Mercedes, Models, Group, BMW, Mercedes-Benz, DTM, GR Yaris, Hours, Toyota, McLaren, Here, Le Mans, Ferrari, Gazoo Racing, NASCAR"
96,Which car brands excel in motorsport and racing,https://www.gotothegrid.com/en/blog/porsche-a-tradition-of-motorsport-performance,,"Car Championship, As, GTO, LMR, GR, Several, LM, Mercedes, Models, Group, BMW, Mercedes-Benz, DTM, GR Yaris, Hours, Toyota, McLaren, Here, Le Mans, Ferrari, Gazoo Racing, NASCAR"
96,Which car brands excel in motorsport and racing,https://torquecafe.com/ranked-which-car-brands-love-motor-racing-the-most/,,"Car Championship, As, GTO, LMR, GR, Several, LM, Mercedes, Models, Group, BMW, Mercedes-Benz, DTM, GR Yaris, Hours, Toyota, McLaren, Here, Le Mans, Ferrari, Gazoo Racing, NASCAR"
96,Which car brands excel in motorsport and racing,https://douradocars.com/bmw-sports-car-excellence/,,"Car Championship, As, GTO, LMR, GR, Several, LM, Mercedes, Models, Group, BMW, Mercedes-Benz, DTM, GR Yaris, Hours, Toyota, McLaren, Here, Le Mans, Ferrari, Gazoo Racing, NASCAR"
96,Which car brands excel in motorsport and racing,,n.a,"Car Championship, As, GTO, LMR, GR, Several, LM, Mercedes, Models, Group, BMW, Mercedes-Benz, DTM, GR Yaris, Hours, Toyota, McLaren, Here, Le Mans, Ferrari, Gazoo Racing, NASCAR"
96,Which car brands excel in motorsport and racing,,n.a,"Car Championship, As, GTO, LMR, GR, Several, LM, Mercedes, Models, Group, BMW, Mercedes-Benz, DTM, GR Yaris, Hours, Toyota, McLaren, Here, Le Mans, Ferrari, Gazoo Racing, NASCAR"
96,Which car brands excel in motorsport and racing,,n.a,"Car Championship, As, GTO, LMR, GR, Several, LM, Mercedes, Models, Group, BMW, Mercedes-Benz, DTM, GR Yaris, Hours, Toyota, McLaren, Here, Le Mans, Ferrari, Gazoo Racing, NASCAR"
96,Which car brands excel in motorsport and racing,,n.a,"Car Championship, As, GTO, LMR, GR, Several, LM, Mercedes, Models, Group, BMW, Mercedes-Benz, DTM, GR Yaris, Hours, Toyota, McLaren, Here, Le Mans, Ferrari, Gazoo Racing, NASCAR"
96,Which car brands excel in motorsport and racing,,n.a,"Car Championship, As, GTO, LMR, GR, Several, LM, Mercedes, Models, Group, BMW, Mercedes-Benz, DTM, GR Yaris, Hours, Toyota, McLaren, Here, Le Mans, Ferrari, Gazoo Racing, NASCAR"
97,Which car brands are built to last in extreme heat,https://www.arizona.cars/blog/best-cars-for-surviving-arizonas-extreme-heat/,,"F-, Honda CR-V, Jeep Wrangler, Several, UV-protective, Protection, Cabin Overheat, Toyota, AC, Tucson, Jeep, Wrangler, Here, Honda, Prius, Solar Roof, Package, Source, Hyundai Tucson, Arizona, Tesla, Tesla Model, Model, CR-V, UV, SUV, Hyundai, Toyota Prius"
97,Which car brands are built to last in extreme heat,https://blog.cargurus.com/2015/07/24/10-cool-cars-to-beat-the-heat,,"F-, Honda CR-V, Jeep Wrangler, Several, UV-protective, Protection, Cabin Overheat, Toyota, AC, Tucson, Jeep, Wrangler, Here, Honda, Prius, Solar Roof, Package, Source, Hyundai Tucson, Arizona, Tesla, Tesla Model, Model, CR-V, UV, SUV, Hyundai, Toyota Prius"
97,Which car brands are built to last in extreme heat,https://www.cardealcanada.ca/beat-heat-10-best-cars-hot-weather-driving/,,"F-, Honda CR-V, Jeep Wrangler, Several, UV-protective, Protection, Cabin Overheat, Toyota, AC, Tucson, Jeep, Wrangler, Here, Honda, Prius, Solar Roof, Package, Source, Hyundai Tucson, Arizona, Tesla, Tesla Model, Model, CR-V, UV, SUV, Hyundai, Toyota Prius"
97,Which car brands are built to last in extreme heat,https://www.dallaseuropeanauto.com/the-most-reliable-car-in-summer-heat/,,"F-, Honda CR-V, Jeep Wrangler, Several, UV-protective, Protection, Cabin Overheat, Toyota, AC, Tucson, Jeep, Wrangler, Here, Honda, Prius, Solar Roof, Package, Source, Hyundai Tucson, Arizona, Tesla, Tesla Model, Model, CR-V, UV, SUV, Hyundai, Toyota Prius"
97,Which car brands are built to last in extreme heat,https://www.youtube.com/watch?v=vBL_M7QDj3c,,"F-, Honda CR-V, Jeep Wrangler, Several, UV-protective, Protection, Cabin Overheat, Toyota, AC, Tucson, Jeep, Wrangler, Here, Honda, Prius, Solar Roof, Package, Source, Hyundai Tucson, Arizona, Tesla, Tesla Model, Model, CR-V, UV, SUV, Hyundai, Toyota Prius"
97,Which car brands are built to last in extreme heat,,n.a,"F-, Honda CR-V, Jeep Wrangler, Several, UV-protective, Protection, Cabin Overheat, Toyota, AC, Tucson, Jeep, Wrangler, Here, Honda, Prius, Solar Roof, Package, Source, Hyundai Tucson, Arizona, Tesla, Tesla Model, Model, CR-V, UV, SUV, Hyundai, Toyota Prius"
97,Which car brands are built to last in extreme heat,,n.a,"F-, Honda CR-V, Jeep Wrangler, Several, UV-protective, Protection, Cabin Overheat, Toyota, AC, Tucson, Jeep, Wrangler, Here, Honda, Prius, Solar Roof, Package, Source, Hyundai Tucson, Arizona, Tesla, Tesla Model, Model, CR-V, UV, SUV, Hyundai, Toyota Prius"
97,Which car brands are built to last in extreme heat,,n.a,"F-, Honda CR-V, Jeep Wrangler, Several, UV-protective, Protection, Cabin Overheat, Toyota, AC, Tucson, Jeep, Wrangler, Here, Honda, Prius, Solar Roof, Package, Source, Hyundai Tucson, Arizona, Tesla, Tesla Model, Model, CR-V, UV, SUV, Hyundai, Toyota Prius"
97,Which car brands are built to last in extreme heat,,n.a,"F-, Honda CR-V, Jeep Wrangler, Several, UV-protective, Protection, Cabin Overheat, Toyota, AC, Tucson, Jeep, Wrangler, Here, Honda, Prius, Solar Roof, Package, Source, Hyundai Tucson, Arizona, Tesla, Tesla Model, Model, CR-V, UV, SUV, Hyundai, Toyota Prius"
98,Which car brands are most likely to become collector classics,https://barrettjacksonfccs-restore.azurewebsites.net,,"Gallardo, Viper GTS, Demon, Several, Audi, American, Despite, However, Mercedes-Benz, Lotus, Its, E-Type, Bronco, Bull Market, Generation, Elise, Hellcat, DMC-, Goodwood, Dodge, Series, Jaguar, Here, This, TT RS, Mustang, Chevrolet, Carrera, Hagerty, Woodside Credit, Challenger"
98,Which car brands are most likely to become collector classics,https://woodsidecredit.com/20-cars-turning-classic-in-2025-a-collectors-guide-to-future-classics/,,"Gallardo, Viper GTS, Demon, Several, Audi, American, Despite, However, Mercedes-Benz, Lotus, Its, E-Type, Bronco, Bull Market, Generation, Elise, Hellcat, DMC-, Goodwood, Dodge, Series, Jaguar, Here, This, TT RS, Mustang, Chevrolet, Carrera, Hagerty, Woodside Credit, Challenger"
98,Which car brands are most likely to become collector classics,https://www.goodwood.com/grr/road/news/10-future-classics-you-should-buy-in-2024/,,"Gallardo, Viper GTS, Demon, Several, Audi, American, Despite, However, Mercedes-Benz, Lotus, Its, E-Type, Bronco, Bull Market, Generation, Elise, Hellcat, DMC-, Goodwood, Dodge, Series, Jaguar, Here, This, TT RS, Mustang, Chevrolet, Carrera, Hagerty, Woodside Credit, Challenger"
98,Which car brands are most likely to become collector classics,https://www.neighbor.com/storage-blog/future-collectible-cars/,,"Gallardo, Viper GTS, Demon, Several, Audi, American, Despite, However, Mercedes-Benz, Lotus, Its, E-Type, Bronco, Bull Market, Generation, Elise, Hellcat, DMC-, Goodwood, Dodge, Series, Jaguar, Here, This, TT RS, Mustang, Chevrolet, Carrera, Hagerty, Woodside Credit, Challenger"
98,Which car brands are most likely to become collector classics,https://www.youtube.com/watch?v=Bz6X3hoIgAQ,,"Gallardo, Viper GTS, Demon, Several, Audi, American, Despite, However, Mercedes-Benz, Lotus, Its, E-Type, Bronco, Bull Market, Generation, Elise, Hellcat, DMC-, Goodwood, Dodge, Series, Jaguar, Here, This, TT RS, Mustang, Chevrolet, Carrera, Hagerty, Woodside Credit, Challenger"
98,Which car brands are most likely to become collector classics,,n.a,"Gallardo, Viper GTS, Demon, Several, Audi, American, Despite, However, Mercedes-Benz, Lotus, Its, E-Type, Bronco, Bull Market, Generation, Elise, Hellcat, DMC-, Goodwood, Dodge, Series, Jaguar, Here, This, TT RS, Mustang, Chevrolet, Carrera, Hagerty, Woodside Credit, Challenger"
98,Which car brands are most likely to become collector classics,,n.a,"Gallardo, Viper GTS, Demon, Several, Audi, American, Despite, However, Mercedes-Benz, Lotus, Its, E-Type, Bronco, Bull Market, Generation, Elise, Hellcat, DMC-, Goodwood, Dodge, Series, Jaguar, Here, This, TT RS, Mustang, Chevrolet, Carrera, Hagerty, Woodside Credit, Challenger"
98,Which car brands are most likely to become collector classics,,n.a,"Gallardo, Viper GTS, Demon, Several, Audi, American, Despite, However, Mercedes-Benz, Lotus, Its, E-Type, Bronco, Bull Market, Generation, Elise, Hellcat, DMC-, Goodwood, Dodge, Series, Jaguar, Here, This, TT RS, Mustang, Chevrolet, Carrera, Hagerty, Woodside Credit, Challenger"
98,Which car brands are most likely to become collector classics,,n.a,"Gallardo, Viper GTS, Demon, Several, Audi, American, Despite, However, Mercedes-Benz, Lotus, Its, E-Type, Bronco, Bull Market, Generation, Elise, Hellcat, DMC-, Goodwood, Dodge, Series, Jaguar, Here, This, TT RS, Mustang, Chevrolet, Carrera, Hagerty, Woodside Credit, Challenger"
98,Which car brands are most likely to become collector classics,,n.a,"Gallardo, Viper GTS, Demon, Several, Audi, American, Despite, However, Mercedes-Benz, Lotus, Its, E-Type, Bronco, Bull Market, Generation, Elise, Hellcat, DMC-, Goodwood, Dodge, Series, Jaguar, Here, This, TT RS, Mustang, Chevrolet, Carrera, Hagerty, Woodside Credit, Challenger"
98,Which car brands are most likely to become collector classics,,n.a,"Gallardo, Viper GTS, Demon, Several, Audi, American, Despite, However, Mercedes-Benz, Lotus, Its, E-Type, Bronco, Bull Market, Generation, Elise, Hellcat, DMC-, Goodwood, Dodge, Series, Jaguar, Here, This, TT RS, Mustang, Chevrolet, Carrera, Hagerty, Woodside Credit, Challenger"
99,Which car brands are trending with Gen Z drivers,https://star.global/posts/gen-z-car-trends/,,"Honda, Chevrolet, Appears, Nissan, No, Also, Gen, Toyota, Hyundai, Kia, West Coast"
99,Which car brands are trending with Gen Z drivers,https://www.autoblog.com/features/these-are-the-10-most-popular-cars-among-gen-z-and-millenials,,"Honda, Chevrolet, Appears, Nissan, No, Also, Gen, Toyota, Hyundai, Kia, West Coast"
99,Which car brands are trending with Gen Z drivers,https://insurify.com/car-insurance/insights/most-popular-cars-by-generation/,,"Honda, Chevrolet, Appears, Nissan, No, Also, Gen, Toyota, Hyundai, Kia, West Coast"
99,Which car brands are trending with Gen Z drivers,https://www.autotraderinsight-blog.co.uk/auto-trader-insight-blog/what-are-gen-z-looking-for-from-their-cars,,"Honda, Chevrolet, Appears, Nissan, No, Also, Gen, Toyota, Hyundai, Kia, West Coast"
99,Which car brands are trending with Gen Z drivers,https://www.visualcapitalist.com/americas-favorite-car-brands-by-generation/,,"Honda, Chevrolet, Appears, Nissan, No, Also, Gen, Toyota, Hyundai, Kia, West Coast"
99,Which car brands are trending with Gen Z drivers,,n.a,"Honda, Chevrolet, Appears, Nissan, No, Also, Gen, Toyota, Hyundai, Kia, West Coast"
99,Which car brands are trending with Gen Z drivers,,n.a,"Honda, Chevrolet, Appears, Nissan, No, Also, Gen, Toyota, Hyundai, Kia, West Coast"
99,Which car brands are trending with Gen Z drivers,,n.a,"Honda, Chevrolet, Appears, Nissan, No, Also, Gen, Toyota, Hyundai, Kia, West Coast"
99,Which car brands are trending with Gen Z drivers,,n.a,"Honda, Chevrolet, Appears, Nissan, No, Also, Gen, Toyota, Hyundai, Kia, West Coast"
100,Which car brands are easiest to sell on the used market,https://www.carscoops.com/2024/04/as-affordability-concerns-affect-new-vehicle-sales-the-used-car-market-heats-up/,,"Selling Used, Known, Carscoops, Subaru, However, Best Resale, Cars On, Toyota Tacoma, Tundra, Reliability, Kaizen Auto, Toyota, Kelley Blue, While, Crosstrek, Based, Here, Honda, Book, Additionally, Although, Best Used, Value Awards, Hyundai, References"
100,Which car brands are easiest to sell on the used market,https://www.cashautosalvage.com/best-cars-to-flip-for-profit/,,"Selling Used, Known, Carscoops, Subaru, However, Best Resale, Cars On, Toyota Tacoma, Tundra, Reliability, Kaizen Auto, Toyota, Kelley Blue, While, Crosstrek, Based, Here, Honda, Book, Additionally, Although, Best Used, Value Awards, Hyundai, References"
100,Which car brands are easiest to sell on the used market,https://www.youtube.com/watch?v=2853qWh7mFU,,"Selling Used, Known, Carscoops, Subaru, However, Best Resale, Cars On, Toyota Tacoma, Tundra, Reliability, Kaizen Auto, Toyota, Kelley Blue, While, Crosstrek, Based, Here, Honda, Book, Additionally, Although, Best Used, Value Awards, Hyundai, References"
100,Which car brands are easiest to sell on the used market,https://www.kaizenauto.com/best-used-car-brands-for-reliability/,,"Selling Used, Known, Carscoops, Subaru, However, Best Resale, Cars On, Toyota Tacoma, Tundra, Reliability, Kaizen Auto, Toyota, Kelley Blue, While, Crosstrek, Based, Here, Honda, Book, Additionally, Although, Best Used, Value Awards, Hyundai, References"
100,Which car brands are easiest to sell on the used market,https://www.kbb.com/awards/best-resale-value-cars-trucks-suvs/,,"Selling Used, Known, Carscoops, Subaru, However, Best Resale, Cars On, Toyota Tacoma, Tundra, Reliability, Kaizen Auto, Toyota, Kelley Blue, While, Crosstrek, Based, Here, Honda, Book, Additionally, Although, Best Used, Value Awards, Hyundai, References"
100,Which car brands are easiest to sell on the used market,,n.a,"Selling Used, Known, Carscoops, Subaru, However, Best Resale, Cars On, Toyota Tacoma, Tundra, Reliability, Kaizen Auto, Toyota, Kelley Blue, While, Crosstrek, Based, Here, Honda, Book, Additionally, Although, Best Used, Value Awards, Hyundai, References"
100,Which car brands are easiest to sell on the used market,,n.a,"Selling Used, Known, Carscoops, Subaru, However, Best Resale, Cars On, Toyota Tacoma, Tundra, Reliability, Kaizen Auto, Toyota, Kelley Blue, While, Crosstrek, Based, Here, Honda, Book, Additionally, Although, Best Used, Value Awards, Hyundai, References"
100,Which car brands are easiest to sell on the used market,,n.a,"Selling Used, Known, Carscoops, Subaru, However, Best Resale, Cars On, Toyota Tacoma, Tundra, Reliability, Kaizen Auto, Toyota, Kelley Blue, While, Crosstrek, Based, Here, Honda, Book, Additionally, Although, Best Used, Value Awards, Hyundai, References"
100,Which car brands are easiest to sell on the used market,,n.a,"Selling Used, Known, Carscoops, Subaru, However, Best Resale, Cars On, Toyota Tacoma, Tundra, Reliability, Kaizen Auto, Toyota, Kelley Blue, While, Crosstrek, Based, Here, Honda, Book, Additionally, Although, Best Used, Value Awards, Hyundai, References"
100,Which car brands are easiest to sell on the used market,,n.a,"Selling Used, Known, Carscoops, Subaru, However, Best Resale, Cars On, Toyota Tacoma, Tundra, Reliability, Kaizen Auto, Toyota, Kelley Blue, While, Crosstrek, Based, Here, Honda, Book, Additionally, Although, Best Used, Value Awards, Hyundai, References"
100,Which car brands are easiest to sell on the used market,,n.a,"Selling Used, Known, Carscoops, Subaru, However, Best Resale, Cars On, Toyota Tacoma, Tundra, Reliability, Kaizen Auto, Toyota, Kelley Blue, While, Crosstrek, Based, Here, Honda, Book, Additionally, Although, Best Used, Value Awards, Hyundai, References"
100,Which car brands are easiest to sell on the used market,,n.a,"Selling Used, Known, Carscoops, Subaru, However, Best Resale, Cars On, Toyota Tacoma, Tundra, Reliability, Kaizen Auto, Toyota, Kelley Blue, While, Crosstrek, Based, Here, Honda, Book, Additionally, Although, Best Used, Value Awards, Hyundai, References"
100,Which car brands are easiest to sell on the used market,,n.a,"Selling Used, Known, Carscoops, Subaru, However, Best Resale, Cars On, Toyota Tacoma, Tundra, Reliability, Kaizen Auto, Toyota, Kelley Blue, While, Crosstrek, Based, Here, Honda, Book, Additionally, Although, Best Used, Value Awards, Hyundai, References"
100,Which car brands are easiest to sell on the used market,,n.a,"Selling Used, Known, Carscoops, Subaru, However, Best Resale, Cars On, Toyota Tacoma, Tundra, Reliability, Kaizen Auto, Toyota, Kelley Blue, While, Crosstrek, Based, Here, Honda, Book, Additionally, Although, Best Used, Value Awards, Hyundai, References"
101,Which car brands are best for drivers logging high mileage,https://www.topgear.com/car-news/list/here-are-17-cars-thatll-do-300000-miles,,"Reach, Cruiser, Lexus, Several, Sources, Models, Subaru, Miles, Reliable High, Honda Pilot, Likely, Sequoia, Toyota, While, Top, Avalon, Pilot, Japanese, Mileage Cars, Here, Autoweek, Top Gear, Honda, Vehicles Most, CR-V, Volvo"
101,Which car brands are best for drivers logging high mileage,https://superkilometerfilter.com/the-most-reliable-high-mileage-cars-worth-buying/,,"Reach, Cruiser, Lexus, Several, Sources, Models, Subaru, Miles, Reliable High, Honda Pilot, Likely, Sequoia, Toyota, While, Top, Avalon, Pilot, Japanese, Mileage Cars, Here, Autoweek, Top Gear, Honda, Vehicles Most, CR-V, Volvo"
101,Which car brands are best for drivers logging high mileage,https://www.consumerreports.org/cars/best-high-mileage-cars-and-how-to-find-them-a6479779996/,,"Reach, Cruiser, Lexus, Several, Sources, Models, Subaru, Miles, Reliable High, Honda Pilot, Likely, Sequoia, Toyota, While, Top, Avalon, Pilot, Japanese, Mileage Cars, Here, Autoweek, Top Gear, Honda, Vehicles Most, CR-V, Volvo"
101,Which car brands are best for drivers logging high mileage,https://www.consumerreports.org/cars/car-reliability-owner-satisfaction/10-best-cars-to-get-to-200000-miles-and-beyond-a1051079155/,,"Reach, Cruiser, Lexus, Several, Sources, Models, Subaru, Miles, Reliable High, Honda Pilot, Likely, Sequoia, Toyota, While, Top, Avalon, Pilot, Japanese, Mileage Cars, Here, Autoweek, Top Gear, Honda, Vehicles Most, CR-V, Volvo"
101,Which car brands are best for drivers logging high mileage,https://www.autoweek.com/car-life/g35834918/top-vehicles-most-likely-to-reach-200000-miles/,,"Reach, Cruiser, Lexus, Several, Sources, Models, Subaru, Miles, Reliable High, Honda Pilot, Likely, Sequoia, Toyota, While, Top, Avalon, Pilot, Japanese, Mileage Cars, Here, Autoweek, Top Gear, Honda, Vehicles Most, CR-V, Volvo"
101,Which car brands are best for drivers logging high mileage,,n.a,"Reach, Cruiser, Lexus, Several, Sources, Models, Subaru, Miles, Reliable High, Honda Pilot, Likely, Sequoia, Toyota, While, Top, Avalon, Pilot, Japanese, Mileage Cars, Here, Autoweek, Top Gear, Honda, Vehicles Most, CR-V, Volvo"
101,Which car brands are best for drivers logging high mileage,,n.a,"Reach, Cruiser, Lexus, Several, Sources, Models, Subaru, Miles, Reliable High, Honda Pilot, Likely, Sequoia, Toyota, While, Top, Avalon, Pilot, Japanese, Mileage Cars, Here, Autoweek, Top Gear, Honda, Vehicles Most, CR-V, Volvo"
101,Which car brands are best for drivers logging high mileage,,n.a,"Reach, Cruiser, Lexus, Several, Sources, Models, Subaru, Miles, Reliable High, Honda Pilot, Likely, Sequoia, Toyota, While, Top, Avalon, Pilot, Japanese, Mileage Cars, Here, Autoweek, Top Gear, Honda, Vehicles Most, CR-V, Volvo"
101,Which car brands are best for drivers logging high mileage,,n.a,"Reach, Cruiser, Lexus, Several, Sources, Models, Subaru, Miles, Reliable High, Honda Pilot, Likely, Sequoia, Toyota, While, Top, Avalon, Pilot, Japanese, Mileage Cars, Here, Autoweek, Top Gear, Honda, Vehicles Most, CR-V, Volvo"
